cli (windows-latest)	UNKNOWN STEP	﻿2026-09-14T21:44:55.8034761Z Current runner version: '2.337.0'
cli (windows-latest)	UNKNOWN STEP	2026-09-14T21:44:55.8071032Z ##[group]Runner Image Provisioner
cli (windows-latest)	UNKNOWN STEP	2026-09-14T21:44:55.8072345Z Hosted Compute Agent
cli (windows-latest)	UNKNOWN STEP	2026-09-14T21:44:55.8073356Z Version: 20260828.587
cli (windows-latest)	UNKNOWN STEP	2026-09-14T21:44:55.8074393Z Commit: abac92662cab4cc7352de4f9f9d2e2419aad9c29
cli (windows-latest)	UNKNOWN STEP	2026-09-14T21:44:55.8075738Z Build Date: 2026-08-28T16:44:25Z
cli (windows-latest)	UNKNOWN STEP	2026-09-14T21:44:55.8076933Z Worker ID: {6d81ba0f-4e6d-444c-b2d7-336277d98448}
cli (windows-latest)	UNKNOWN STEP	2026-09-14T21:44:55.8078635Z Azure Region: northcentralus
cli (windows-latest)	UNKNOWN STEP	2026-09-14T21:44:55.8079788Z ##[endgroup]
cli (windows-latest)	UNKNOWN STEP	2026-09-14T21:44:55.8082246Z ##[group]Operating System
cli (windows-latest)	UNKNOWN STEP	2026-09-14T21:44:55.8083380Z Microsoft Windows Server 2025
cli (windows-latest)	UNKNOWN STEP	2026-09-14T21:44:55.8084400Z 10.0.26100
cli (windows-latest)	UNKNOWN STEP	2026-09-14T21:44:55.8085174Z Datacenter
cli (windows-latest)	UNKNOWN STEP	2026-09-14T21:44:55.8086073Z ##[endgroup]
cli (windows-latest)	UNKNOWN STEP	2026-09-14T21:44:55.8086951Z ##[group]Runner Image
cli (windows-latest)	UNKNOWN STEP	2026-09-14T21:44:55.8087903Z Image: windows-2025-vs2026
cli (windows-latest)	UNKNOWN STEP	2026-09-14T21:44:55.8088947Z Version: 20260907.229.1
cli (windows-latest)	UNKNOWN STEP	2026-09-14T21:44:55.8091878Z Included Software: https://github.com/actions/runner-images/blob/win25-vs2026/20260907.229/images/windows/Windows2025-VS2026-Readme.md
cli (windows-latest)	UNKNOWN STEP	2026-09-14T21:44:55.8095001Z Image Release: https://github.com/actions/runner-images/releases/tag/win25-vs2026%2F20260907.229
cli (windows-latest)	UNKNOWN STEP	2026-09-14T21:44:55.8096940Z ##[endgroup]
cli (windows-latest)	UNKNOWN STEP	2026-09-14T21:44:55.8099618Z ##[group]GITHUB_TOKEN Permissions
cli (windows-latest)	UNKNOWN STEP	2026-09-14T21:44:55.8102345Z Contents: read
cli (windows-latest)	UNKNOWN STEP	2026-09-14T21:44:55.8103564Z Metadata: read
cli (windows-latest)	UNKNOWN STEP	2026-09-14T21:44:55.8104447Z ##[endgroup]
cli (windows-latest)	UNKNOWN STEP	2026-09-14T21:44:55.8107608Z Secret source: Actions
cli (windows-latest)	UNKNOWN STEP	2026-09-14T21:44:55.8109057Z Cache mode: write
cli (windows-latest)	UNKNOWN STEP	2026-09-14T21:44:55.8110322Z Prepare workflow directory
cli (windows-latest)	UNKNOWN STEP	2026-09-14T21:44:55.8543504Z Prepare all required actions
cli (windows-latest)	UNKNOWN STEP	2026-09-14T21:44:55.8594514Z Getting action download info
cli (windows-latest)	UNKNOWN STEP	2026-09-14T21:44:56.0628791Z Download action repository 'actions/checkout@3d3c42e5aac5ba805825da76410c181273ba90b1' (SHA:3d3c42e5aac5ba805825da76410c181273ba90b1)
cli (windows-latest)	UNKNOWN STEP	2026-09-14T21:44:56.2036163Z Download action repository 'pnpm/action-setup@ea17c68df8912ef543352723c149a84f56e3d413' (SHA:ea17c68df8912ef543352723c149a84f56e3d413)
cli (windows-latest)	UNKNOWN STEP	2026-09-14T21:44:56.4292413Z Download action repository 'actions/setup-node@820762786026740c76f36085b0efc47a31fe5020' (SHA:820762786026740c76f36085b0efc47a31fe5020)
cli (windows-latest)	UNKNOWN STEP	2026-09-14T21:44:56.7310565Z Complete job name: cli (windows-latest)
cli (windows-latest)	UNKNOWN STEP	2026-09-14T21:44:56.8963645Z ##[group]Run actions/checkout@3d3c42e5aac5ba805825da76410c181273ba90b1
cli (windows-latest)	UNKNOWN STEP	2026-09-14T21:44:56.8965642Z with:
cli (windows-latest)	UNKNOWN STEP	2026-09-14T21:44:56.8966141Z   persist-credentials: false
cli (windows-latest)	UNKNOWN STEP	2026-09-14T21:44:56.8966714Z   repository: OpenPresentation/opf
cli (windows-latest)	UNKNOWN STEP	2026-09-14T21:44:56.8971708Z   token: ***
cli (windows-latest)	UNKNOWN STEP	2026-09-14T21:44:56.8972166Z   ssh-strict: true
cli (windows-latest)	UNKNOWN STEP	2026-09-14T21:44:56.8972618Z   ssh-user: git
cli (windows-latest)	UNKNOWN STEP	2026-09-14T21:44:56.8973050Z   clean: true
cli (windows-latest)	UNKNOWN STEP	2026-09-14T21:44:56.8973503Z   sparse-checkout-cone-mode: true
cli (windows-latest)	UNKNOWN STEP	2026-09-14T21:44:56.8974059Z   fetch-depth: 1
cli (windows-latest)	UNKNOWN STEP	2026-09-14T21:44:56.8974502Z   fetch-tags: false
cli (windows-latest)	UNKNOWN STEP	2026-09-14T21:44:56.8974957Z   show-progress: true
cli (windows-latest)	UNKNOWN STEP	2026-09-14T21:44:56.8975424Z   lfs: false
cli (windows-latest)	UNKNOWN STEP	2026-09-14T21:44:56.8975846Z   submodules: false
cli (windows-latest)	UNKNOWN STEP	2026-09-14T21:44:56.8976361Z   set-safe-directory: true
cli (windows-latest)	UNKNOWN STEP	2026-09-14T21:44:56.8976891Z   allow-unsafe-pr-checkout: false
cli (windows-latest)	UNKNOWN STEP	2026-09-14T21:44:56.8977693Z ##[endgroup]
cli (windows-latest)	UNKNOWN STEP	2026-09-14T21:44:57.0539781Z Syncing repository: OpenPresentation/opf
cli (windows-latest)	UNKNOWN STEP	2026-09-14T21:44:57.0542214Z ##[group]Getting Git version info
cli (windows-latest)	UNKNOWN STEP	2026-09-14T21:44:57.0542854Z Working directory is 'D:\a\opf\opf'
cli (windows-latest)	UNKNOWN STEP	2026-09-14T21:44:57.1630101Z [command]"C:\Program Files\Git\bin\git.exe" version
cli (windows-latest)	UNKNOWN STEP	2026-09-14T21:44:57.6711085Z git version 2.55.0.windows.5
cli (windows-latest)	UNKNOWN STEP	2026-09-14T21:44:57.6777194Z ##[endgroup]
cli (windows-latest)	UNKNOWN STEP	2026-09-14T21:44:57.6795125Z Temporarily overriding HOME='D:\a\_temp\a6a00acd-cf16-40f8-8167-c83dcd6f3f17' before making global git config changes
cli (windows-latest)	UNKNOWN STEP	2026-09-14T21:44:57.6797591Z Adding repository directory to the temporary git global config as a safe directory
cli (windows-latest)	UNKNOWN STEP	2026-09-14T21:44:57.6806926Z [command]"C:\Program Files\Git\bin\git.exe" config --global --add safe.directory D:\a\opf\opf
cli (windows-latest)	UNKNOWN STEP	2026-09-14T21:44:57.8193181Z Deleting the contents of 'D:\a\opf\opf'
cli (windows-latest)	UNKNOWN STEP	2026-09-14T21:44:57.8200401Z ##[group]Determining repository object format
cli (windows-latest)	UNKNOWN STEP	2026-09-14T21:44:57.8206144Z ##[endgroup]
cli (windows-latest)	UNKNOWN STEP	2026-09-14T21:44:57.8208135Z ##[group]Initializing the repository
cli (windows-latest)	UNKNOWN STEP	2026-09-14T21:44:57.8214092Z [command]"C:\Program Files\Git\bin\git.exe" init D:\a\opf\opf
cli (windows-latest)	UNKNOWN STEP	2026-09-14T21:44:57.9097733Z Initialized empty Git repository in D:/a/opf/opf/.git/
cli (windows-latest)	UNKNOWN STEP	2026-09-14T21:44:57.9146625Z [command]"C:\Program Files\Git\bin\git.exe" remote add origin https://github.com/OpenPresentation/opf
cli (windows-latest)	UNKNOWN STEP	2026-09-14T21:44:57.9907147Z ##[endgroup]
cli (windows-latest)	UNKNOWN STEP	2026-09-14T21:44:57.9908581Z ##[group]Disabling automatic garbage collection
cli (windows-latest)	UNKNOWN STEP	2026-09-14T21:44:57.9916260Z [command]"C:\Program Files\Git\bin\git.exe" config --local gc.auto 0
cli (windows-latest)	UNKNOWN STEP	2026-09-14T21:44:58.0239145Z ##[endgroup]
cli (windows-latest)	UNKNOWN STEP	2026-09-14T21:44:58.0240486Z ##[group]Setting up auth
cli (windows-latest)	UNKNOWN STEP	2026-09-14T21:44:58.0241469Z Removing SSH command configuration
cli (windows-latest)	UNKNOWN STEP	2026-09-14T21:44:58.0250434Z [command]"C:\Program Files\Git\bin\git.exe" config --local --name-only --get-regexp core\.sshCommand
cli (windows-latest)	UNKNOWN STEP	2026-09-14T21:44:58.0584479Z [command]"C:\Program Files\Git\bin\git.exe" submodule foreach --recursive "sh -c \"git config --local --name-only --get-regexp 'core\.sshCommand' && git config --local --unset-all 'core.sshCommand' || :\""
cli (windows-latest)	UNKNOWN STEP	2026-09-14T21:45:00.0548145Z Removing HTTP extra header
cli (windows-latest)	UNKNOWN STEP	2026-09-14T21:45:00.0557715Z [command]"C:\Program Files\Git\bin\git.exe" config --local --name-only --get-regexp http\.https\:\/\/github\.com\/\.extraheader
cli (windows-latest)	UNKNOWN STEP	2026-09-14T21:45:00.0898363Z [command]"C:\Program Files\Git\bin\git.exe" submodule foreach --recursive "sh -c \"git config --local --name-only --get-regexp 'http\.https\:\/\/github\.com\/\.extraheader' && git config --local --unset-all 'http.https://github.com/.extraheader' || :\""
cli (windows-latest)	UNKNOWN STEP	2026-09-14T21:45:00.6625678Z Removing includeIf entries pointing to credentials config files
cli (windows-latest)	UNKNOWN STEP	2026-09-14T21:45:00.6637564Z [command]"C:\Program Files\Git\bin\git.exe" config --local --name-only --get-regexp ^includeIf\.gitdir:
cli (windows-latest)	UNKNOWN STEP	2026-09-14T21:45:00.6966805Z [command]"C:\Program Files\Git\bin\git.exe" submodule foreach --recursive "git config --local --show-origin --name-only --get-regexp remote.origin.url"
cli (windows-latest)	UNKNOWN STEP	2026-09-14T21:45:01.2989210Z [command]"C:\Program Files\Git\bin\git.exe" config --file D:\a\_temp\git-credentials-2d1ca423-f0b4-4363-863d-3c913844e774.config http.https://github.com/.extraheader "AUTHORIZATION: basic ***"
cli (windows-latest)	UNKNOWN STEP	2026-09-14T21:45:01.3341336Z [command]"C:\Program Files\Git\bin\git.exe" config --local includeIf.gitdir:D:/a/opf/opf/.git.path D:\a\_temp\git-credentials-2d1ca423-f0b4-4363-863d-3c913844e774.config
cli (windows-latest)	UNKNOWN STEP	2026-09-14T21:45:01.3699123Z [command]"C:\Program Files\Git\bin\git.exe" config --local includeIf.gitdir:D:/a/opf/opf/.git/worktrees/*.path D:\a\_temp\git-credentials-2d1ca423-f0b4-4363-863d-3c913844e774.config
cli (windows-latest)	UNKNOWN STEP	2026-09-14T21:45:01.4083770Z [command]"C:\Program Files\Git\bin\git.exe" config --local includeIf.gitdir:/github/workspace/.git.path /github/runner_temp/git-credentials-2d1ca423-f0b4-4363-863d-3c913844e774.config
cli (windows-latest)	UNKNOWN STEP	2026-09-14T21:45:01.4415442Z [command]"C:\Program Files\Git\bin\git.exe" config --local includeIf.gitdir:/github/workspace/.git/worktrees/*.path /github/runner_temp/git-credentials-2d1ca423-f0b4-4363-863d-3c913844e774.config
cli (windows-latest)	UNKNOWN STEP	2026-09-14T21:45:01.4747114Z ##[endgroup]
cli (windows-latest)	UNKNOWN STEP	2026-09-14T21:45:01.4747812Z ##[group]Fetching the repository
cli (windows-latest)	UNKNOWN STEP	2026-09-14T21:45:01.4761865Z [command]"C:\Program Files\Git\bin\git.exe" -c protocol.version=2 fetch --no-tags --prune --no-recurse-submodules --depth=1 origin +72c4e6d4266e1755265cbd314a7bcc42534c3276:refs/remotes/pull/79/merge
cli (windows-latest)	UNKNOWN STEP	2026-09-14T21:45:04.8736646Z From https://github.com/OpenPresentation/opf
cli (windows-latest)	UNKNOWN STEP	2026-09-14T21:45:04.8738248Z  * [new ref]         72c4e6d4266e1755265cbd314a7bcc42534c3276 -> pull/79/merge
cli (windows-latest)	UNKNOWN STEP	2026-09-14T21:45:04.8801162Z ##[endgroup]
cli (windows-latest)	UNKNOWN STEP	2026-09-14T21:45:04.8802841Z ##[group]Determining the checkout info
cli (windows-latest)	UNKNOWN STEP	2026-09-14T21:45:04.8803482Z ##[endgroup]
cli (windows-latest)	UNKNOWN STEP	2026-09-14T21:45:04.8816145Z [command]"C:\Program Files\Git\bin\git.exe" sparse-checkout disable
cli (windows-latest)	UNKNOWN STEP	2026-09-14T21:45:04.9410378Z [command]"C:\Program Files\Git\bin\git.exe" config --local --unset-all extensions.worktreeConfig
cli (windows-latest)	UNKNOWN STEP	2026-09-14T21:45:04.9760622Z ##[group]Checking out the ref
cli (windows-latest)	UNKNOWN STEP	2026-09-14T21:45:04.9770231Z [command]"C:\Program Files\Git\bin\git.exe" checkout --progress --force refs/remotes/pull/79/merge
cli (windows-latest)	UNKNOWN STEP	2026-09-14T21:45:06.0607904Z Updating files:  27% (2823/10426)
cli (windows-latest)	UNKNOWN STEP	2026-09-14T21:45:06.0883363Z Updating files:  28% (2920/10426)
cli (windows-latest)	UNKNOWN STEP	2026-09-14T21:45:06.1165387Z Updating files:  29% (3024/10426)
cli (windows-latest)	UNKNOWN STEP	2026-09-14T21:45:06.1659494Z Updating files:  30% (3128/10426)
cli (windows-latest)	UNKNOWN STEP	2026-09-14T21:45:06.2024124Z Updating files:  31% (3233/10426)
cli (windows-latest)	UNKNOWN STEP	2026-09-14T21:45:06.2337235Z Updating files:  32% (3337/10426)
cli (windows-latest)	UNKNOWN STEP	2026-09-14T21:45:06.2733023Z Updating files:  33% (3441/10426)
cli (windows-latest)	UNKNOWN STEP	2026-09-14T21:45:06.3061145Z Updating files:  34% (3545/10426)
cli (windows-latest)	UNKNOWN STEP	2026-09-14T21:45:06.3326035Z Updating files:  35% (3650/10426)
cli (windows-latest)	UNKNOWN STEP	2026-09-14T21:45:06.3587929Z Updating files:  36% (3754/10426)
cli (windows-latest)	UNKNOWN STEP	2026-09-14T21:45:06.3842302Z Updating files:  37% (3858/10426)
cli (windows-latest)	UNKNOWN STEP	2026-09-14T21:45:06.4121039Z Updating files:  38% (3962/10426)
cli (windows-latest)	UNKNOWN STEP	2026-09-14T21:45:06.4374125Z Updating files:  39% (4067/10426)
cli (windows-latest)	UNKNOWN STEP	2026-09-14T21:45:06.4630892Z Updating files:  40% (4171/10426)
cli (windows-latest)	UNKNOWN STEP	2026-09-14T21:45:06.4913160Z Updating files:  41% (4275/10426)
cli (windows-latest)	UNKNOWN STEP	2026-09-14T21:45:06.5184691Z Updating files:  42% (4379/10426)
cli (windows-latest)	UNKNOWN STEP	2026-09-14T21:45:06.5545075Z Updating files:  43% (4484/10426)
cli (windows-latest)	UNKNOWN STEP	2026-09-14T21:45:06.5990976Z Updating files:  44% (4588/10426)
cli (windows-latest)	UNKNOWN STEP	2026-09-14T21:45:06.6481435Z Updating files:  45% (4692/10426)
cli (windows-latest)	UNKNOWN STEP	2026-09-14T21:45:06.6898431Z Updating files:  46% (4796/10426)
cli (windows-latest)	UNKNOWN STEP	2026-09-14T21:45:06.7391062Z Updating files:  47% (4901/10426)
cli (windows-latest)	UNKNOWN STEP	2026-09-14T21:45:06.7672874Z Updating files:  48% (5005/10426)
cli (windows-latest)	UNKNOWN STEP	2026-09-14T21:45:06.7985100Z Updating files:  49% (5109/10426)
cli (windows-latest)	UNKNOWN STEP	2026-09-14T21:45:06.8333700Z Updating files:  50% (5213/10426)
cli (windows-latest)	UNKNOWN STEP	2026-09-14T21:45:06.8593162Z Updating files:  51% (5318/10426)
cli (windows-latest)	UNKNOWN STEP	2026-09-14T21:45:06.8923066Z Updating files:  52% (5422/10426)
cli (windows-latest)	UNKNOWN STEP	2026-09-14T21:45:06.9224266Z Updating files:  53% (5526/10426)
cli (windows-latest)	UNKNOWN STEP	2026-09-14T21:45:06.9555596Z Updating files:  54% (5631/10426)
cli (windows-latest)	UNKNOWN STEP	2026-09-14T21:45:06.9837620Z Updating files:  55% (5735/10426)
cli (windows-latest)	UNKNOWN STEP	2026-09-14T21:45:07.0111662Z Updating files:  56% (5839/10426)
cli (windows-latest)	UNKNOWN STEP	2026-09-14T21:45:07.0365517Z Updating files:  57% (5943/10426)
cli (windows-latest)	UNKNOWN STEP	2026-09-14T21:45:07.0417078Z Updating files:  57% (6036/10426)
cli (windows-latest)	UNKNOWN STEP	2026-09-14T21:45:07.0722006Z Updating files:  58% (6048/10426)
cli (windows-latest)	UNKNOWN STEP	2026-09-14T21:45:07.3155932Z Updating files:  59% (6152/10426)
cli (windows-latest)	UNKNOWN STEP	2026-09-14T21:45:07.3456843Z Updating files:  60% (6256/10426)
cli (windows-latest)	UNKNOWN STEP	2026-09-14T21:45:07.3760673Z Updating files:  61% (6360/10426)
cli (windows-latest)	UNKNOWN STEP	2026-09-14T21:45:07.4038200Z Updating files:  62% (6465/10426)
cli (windows-latest)	UNKNOWN STEP	2026-09-14T21:45:07.4342920Z Updating files:  63% (6569/10426)
cli (windows-latest)	UNKNOWN STEP	2026-09-14T21:45:07.4596712Z Updating files:  64% (6673/10426)
cli (windows-latest)	UNKNOWN STEP	2026-09-14T21:45:07.4882781Z Updating files:  65% (6777/10426)
cli (windows-latest)	UNKNOWN STEP	2026-09-14T21:45:07.5139283Z Updating files:  66% (6882/10426)
cli (windows-latest)	UNKNOWN STEP	2026-09-14T21:45:07.5391196Z Updating files:  67% (6986/10426)
cli (windows-latest)	UNKNOWN STEP	2026-09-14T21:45:07.5765322Z Updating files:  68% (7090/10426)
cli (windows-latest)	UNKNOWN STEP	2026-09-14T21:45:07.6267448Z Updating files:  69% (7194/10426)
cli (windows-latest)	UNKNOWN STEP	2026-09-14T21:45:07.6636923Z Updating files:  70% (7299/10426)
cli (windows-latest)	UNKNOWN STEP	2026-09-14T21:45:07.6915345Z Updating files:  71% (7403/10426)
cli (windows-latest)	UNKNOWN STEP	2026-09-14T21:45:07.7198938Z Updating files:  72% (7507/10426)
cli (windows-latest)	UNKNOWN STEP	2026-09-14T21:45:07.7598758Z Updating files:  73% (7611/10426)
cli (windows-latest)	UNKNOWN STEP	2026-09-14T21:45:07.7857176Z Updating files:  74% (7716/10426)
cli (windows-latest)	UNKNOWN STEP	2026-09-14T21:45:07.8127954Z Updating files:  75% (7820/10426)
cli (windows-latest)	UNKNOWN STEP	2026-09-14T21:45:07.8410507Z Updating files:  76% (7924/10426)
cli (windows-latest)	UNKNOWN STEP	2026-09-14T21:45:07.8795554Z Updating files:  77% (8029/10426)
cli (windows-latest)	UNKNOWN STEP	2026-09-14T21:45:07.9069207Z Updating files:  78% (8133/10426)
cli (windows-latest)	UNKNOWN STEP	2026-09-14T21:45:07.9412139Z Updating files:  79% (8237/10426)
cli (windows-latest)	UNKNOWN STEP	2026-09-14T21:45:07.9694622Z Updating files:  80% (8341/10426)
cli (windows-latest)	UNKNOWN STEP	2026-09-14T21:45:07.9945371Z Updating files:  81% (8446/10426)
cli (windows-latest)	UNKNOWN STEP	2026-09-14T21:45:08.0230331Z Updating files:  82% (8550/10426)
cli (windows-latest)	UNKNOWN STEP	2026-09-14T21:45:08.0372180Z Updating files:  83% (8654/10426)
cli (windows-latest)	UNKNOWN STEP	2026-09-14T21:45:08.0505328Z Updating files:  83% (8707/10426)
cli (windows-latest)	UNKNOWN STEP	2026-09-14T21:45:08.0758679Z Updating files:  84% (8758/10426)
cli (windows-latest)	UNKNOWN STEP	2026-09-14T21:45:08.1039897Z Updating files:  85% (8863/10426)
cli (windows-latest)	UNKNOWN STEP	2026-09-14T21:45:08.1521205Z Updating files:  86% (8967/10426)
cli (windows-latest)	UNKNOWN STEP	2026-09-14T21:45:08.1890292Z Updating files:  87% (9071/10426)
cli (windows-latest)	UNKNOWN STEP	2026-09-14T21:45:08.2212446Z Updating files:  88% (9175/10426)
cli (windows-latest)	UNKNOWN STEP	2026-09-14T21:45:08.2577371Z Updating files:  89% (9280/10426)
cli (windows-latest)	UNKNOWN STEP	2026-09-14T21:45:08.3074105Z Updating files:  90% (9384/10426)
cli (windows-latest)	UNKNOWN STEP	2026-09-14T21:45:08.3416754Z Updating files:  91% (9488/10426)
cli (windows-latest)	UNKNOWN STEP	2026-09-14T21:45:08.3850069Z Updating files:  92% (9592/10426)
cli (windows-latest)	UNKNOWN STEP	2026-09-14T21:45:08.4145546Z Updating files:  93% (9697/10426)
cli (windows-latest)	UNKNOWN STEP	2026-09-14T21:45:08.6085598Z Updating files:  94% (9801/10426)
cli (windows-latest)	UNKNOWN STEP	2026-09-14T21:45:08.6429993Z Updating files:  95% (9905/10426)
cli (windows-latest)	UNKNOWN STEP	2026-09-14T21:45:08.6694360Z Updating files:  96% (10009/10426)
cli (windows-latest)	UNKNOWN STEP	2026-09-14T21:45:08.6939335Z Updating files:  97% (10114/10426)
cli (windows-latest)	UNKNOWN STEP	2026-09-14T21:45:08.7227666Z Updating files:  98% (10218/10426)
cli (windows-latest)	UNKNOWN STEP	2026-09-14T21:45:08.7538552Z Updating files:  99% (10322/10426)
cli (windows-latest)	UNKNOWN STEP	2026-09-14T21:45:08.7540055Z Updating files: 100% (10426/10426)
cli (windows-latest)	UNKNOWN STEP	2026-09-14T21:45:08.7540810Z Updating files: 100% (10426/10426), done.
cli (windows-latest)	UNKNOWN STEP	2026-09-14T21:45:08.8373427Z Note: switching to 'refs/remotes/pull/79/merge'.
cli (windows-latest)	UNKNOWN STEP	2026-09-14T21:45:08.8373857Z 
cli (windows-latest)	UNKNOWN STEP	2026-09-14T21:45:08.8374215Z You are in 'detached HEAD' state. You can look around, make experimental
cli (windows-latest)	UNKNOWN STEP	2026-09-14T21:45:08.8375139Z changes and commit them, and you can discard any commits you make in this
cli (windows-latest)	UNKNOWN STEP	2026-09-14T21:45:08.8376363Z state without impacting any branches by switching back to a branch.
cli (windows-latest)	UNKNOWN STEP	2026-09-14T21:45:08.8376861Z 
cli (windows-latest)	UNKNOWN STEP	2026-09-14T21:45:08.8377179Z If you want to create a new branch to retain commits you create, you may
cli (windows-latest)	UNKNOWN STEP	2026-09-14T21:45:08.8377946Z do so (now or later) by using -c with the switch command. Example:
cli (windows-latest)	UNKNOWN STEP	2026-09-14T21:45:08.8378404Z 
cli (windows-latest)	UNKNOWN STEP	2026-09-14T21:45:08.8378608Z   git switch -c <new-branch-name>
cli (windows-latest)	UNKNOWN STEP	2026-09-14T21:45:08.8378889Z 
cli (windows-latest)	UNKNOWN STEP	2026-09-14T21:45:08.8379036Z Or undo this operation with:
cli (windows-latest)	UNKNOWN STEP	2026-09-14T21:45:08.8379292Z 
cli (windows-latest)	UNKNOWN STEP	2026-09-14T21:45:08.8379419Z   git switch -
cli (windows-latest)	UNKNOWN STEP	2026-09-14T21:45:08.8379609Z 
cli (windows-latest)	UNKNOWN STEP	2026-09-14T21:45:08.8379982Z Turn off this advice by setting config variable advice.detachedHead to false
cli (windows-latest)	UNKNOWN STEP	2026-09-14T21:45:08.8380547Z 
cli (windows-latest)	UNKNOWN STEP	2026-09-14T21:45:08.8799296Z HEAD is now at 72c4e6d Merge 8411653d991be033a35327171ed97b8366554045 into a3ab4784ed22caffdad8c4e306f9a51b1e954ae9
cli (windows-latest)	UNKNOWN STEP	2026-09-14T21:45:08.9061491Z ##[endgroup]
cli (windows-latest)	UNKNOWN STEP	2026-09-14T21:45:09.1399509Z [command]"C:\Program Files\Git\bin\git.exe" log -1 --format=%H
cli (windows-latest)	UNKNOWN STEP	2026-09-14T21:45:09.1738665Z 72c4e6d4266e1755265cbd314a7bcc42534c3276
cli (windows-latest)	UNKNOWN STEP	2026-09-14T21:45:09.1790019Z ##[group]Removing auth
cli (windows-latest)	UNKNOWN STEP	2026-09-14T21:45:09.1790343Z Removing SSH command configuration
cli (windows-latest)	UNKNOWN STEP	2026-09-14T21:45:09.1800551Z [command]"C:\Program Files\Git\bin\git.exe" config --local --name-only --get-regexp core\.sshCommand
cli (windows-latest)	UNKNOWN STEP	2026-09-14T21:45:09.2151286Z [command]"C:\Program Files\Git\bin\git.exe" submodule foreach --recursive "sh -c \"git config --local --name-only --get-regexp 'core\.sshCommand' && git config --local --unset-all 'core.sshCommand' || :\""
cli (windows-latest)	UNKNOWN STEP	2026-09-14T21:45:09.9861737Z Removing HTTP extra header
cli (windows-latest)	UNKNOWN STEP	2026-09-14T21:45:09.9872466Z [command]"C:\Program Files\Git\bin\git.exe" config --local --name-only --get-regexp http\.https\:\/\/github\.com\/\.extraheader
cli (windows-latest)	UNKNOWN STEP	2026-09-14T21:45:10.0356580Z [command]"C:\Program Files\Git\bin\git.exe" submodule foreach --recursive "sh -c \"git config --local --name-only --get-regexp 'http\.https\:\/\/github\.com\/\.extraheader' && git config --local --unset-all 'http.https://github.com/.extraheader' || :\""
cli (windows-latest)	UNKNOWN STEP	2026-09-14T21:45:10.7611374Z Removing includeIf entries pointing to credentials config files
cli (windows-latest)	UNKNOWN STEP	2026-09-14T21:45:10.7624913Z [command]"C:\Program Files\Git\bin\git.exe" config --local --name-only --get-regexp ^includeIf\.gitdir:
cli (windows-latest)	UNKNOWN STEP	2026-09-14T21:45:10.7982512Z includeif.gitdir:D:/a/opf/opf/.git.path
cli (windows-latest)	UNKNOWN STEP	2026-09-14T21:45:10.7983192Z includeif.gitdir:D:/a/opf/opf/.git/worktrees/*.path
cli (windows-latest)	UNKNOWN STEP	2026-09-14T21:45:10.7983787Z includeif.gitdir:/github/workspace/.git.path
cli (windows-latest)	UNKNOWN STEP	2026-09-14T21:45:10.7984238Z includeif.gitdir:/github/workspace/.git/worktrees/*.path
cli (windows-latest)	UNKNOWN STEP	2026-09-14T21:45:10.8057952Z [command]"C:\Program Files\Git\bin\git.exe" config --local --get-all includeif.gitdir:D:/a/opf/opf/.git.path
cli (windows-latest)	UNKNOWN STEP	2026-09-14T21:45:10.8446222Z D:\a\_temp\git-credentials-2d1ca423-f0b4-4363-863d-3c913844e774.config
cli (windows-latest)	UNKNOWN STEP	2026-09-14T21:45:10.8508907Z [command]"C:\Program Files\Git\bin\git.exe" config --local --unset includeif.gitdir:D:/a/opf/opf/.git.path D\:\\a\\_temp\\git\-credentials\-2d1ca423\-f0b4\-4363\-863d\-3c913844e774\.config
cli (windows-latest)	UNKNOWN STEP	2026-09-14T21:45:10.8969732Z [command]"C:\Program Files\Git\bin\git.exe" config --local --get-all includeif.gitdir:D:/a/opf/opf/.git/worktrees/*.path
cli (windows-latest)	UNKNOWN STEP	2026-09-14T21:45:10.9387155Z D:\a\_temp\git-credentials-2d1ca423-f0b4-4363-863d-3c913844e774.config
cli (windows-latest)	UNKNOWN STEP	2026-09-14T21:45:10.9463985Z [command]"C:\Program Files\Git\bin\git.exe" config --local --unset includeif.gitdir:D:/a/opf/opf/.git/worktrees/*.path D\:\\a\\_temp\\git\-credentials\-2d1ca423\-f0b4\-4363\-863d\-3c913844e774\.config
cli (windows-latest)	UNKNOWN STEP	2026-09-14T21:45:10.9934604Z [command]"C:\Program Files\Git\bin\git.exe" config --local --get-all includeif.gitdir:/github/workspace/.git.path
cli (windows-latest)	UNKNOWN STEP	2026-09-14T21:45:11.0278688Z /github/runner_temp/git-credentials-2d1ca423-f0b4-4363-863d-3c913844e774.config
cli (windows-latest)	UNKNOWN STEP	2026-09-14T21:45:11.0338896Z [command]"C:\Program Files\Git\bin\git.exe" config --local --unset includeif.gitdir:/github/workspace/.git.path \/github\/runner_temp\/git\-credentials\-2d1ca423\-f0b4\-4363\-863d\-3c913844e774\.config
cli (windows-latest)	UNKNOWN STEP	2026-09-14T21:45:11.0816860Z [command]"C:\Program Files\Git\bin\git.exe" config --local --get-all includeif.gitdir:/github/workspace/.git/worktrees/*.path
cli (windows-latest)	UNKNOWN STEP	2026-09-14T21:45:11.1248383Z /github/runner_temp/git-credentials-2d1ca423-f0b4-4363-863d-3c913844e774.config
cli (windows-latest)	UNKNOWN STEP	2026-09-14T21:45:11.1315171Z [command]"C:\Program Files\Git\bin\git.exe" config --local --unset includeif.gitdir:/github/workspace/.git/worktrees/*.path \/github\/runner_temp\/git\-credentials\-2d1ca423\-f0b4\-4363\-863d\-3c913844e774\.config
cli (windows-latest)	UNKNOWN STEP	2026-09-14T21:45:11.1803591Z [command]"C:\Program Files\Git\bin\git.exe" submodule foreach --recursive "git config --local --show-origin --name-only --get-regexp remote.origin.url"
cli (windows-latest)	UNKNOWN STEP	2026-09-14T21:45:11.8996962Z Removing credentials config 'D:\a\_temp\git-credentials-2d1ca423-f0b4-4363-863d-3c913844e774.config'
cli (windows-latest)	UNKNOWN STEP	2026-09-14T21:45:11.9010816Z ##[endgroup]
cli (windows-latest)	UNKNOWN STEP	2026-09-14T21:45:11.9472659Z ##[group]Run pnpm/action-setup@ea17c68df8912ef543352723c149a84f56e3d413
cli (windows-latest)	UNKNOWN STEP	2026-09-14T21:45:11.9473330Z with:
cli (windows-latest)	UNKNOWN STEP	2026-09-14T21:45:11.9473522Z   dest: ~/setup-pnpm
cli (windows-latest)	UNKNOWN STEP	2026-09-14T21:45:11.9473717Z   run_install: null
cli (windows-latest)	UNKNOWN STEP	2026-09-14T21:45:11.9473896Z   cache: false
cli (windows-latest)	UNKNOWN STEP	2026-09-14T21:45:11.9474087Z   cache_dependency_path: pnpm-lock.yaml
cli (windows-latest)	UNKNOWN STEP	2026-09-14T21:45:11.9474348Z   package_json_file: package.json
cli (windows-latest)	UNKNOWN STEP	2026-09-14T21:45:11.9474575Z   standalone: false
cli (windows-latest)	UNKNOWN STEP	2026-09-14T21:45:11.9474756Z ##[endgroup]
cli (windows-latest)	UNKNOWN STEP	2026-09-14T21:45:12.2108936Z ##[group]Running self-installer...
cli (windows-latest)	UNKNOWN STEP	2026-09-14T21:45:12.2235301Z (node:212) [DEP0190] DeprecationWarning: Passing args to a child process with shell option true can lead to security vulnerabilities, as the arguments are not escaped, only concatenated.
cli (windows-latest)	UNKNOWN STEP	2026-09-14T21:45:12.2237652Z (Use `node --trace-deprecation ...` to show where the warning was created)
cli (windows-latest)	UNKNOWN STEP	2026-09-14T21:45:28.6721615Z 
cli (windows-latest)	UNKNOWN STEP	2026-09-14T21:45:28.6722152Z added 1 package, and audited 2 packages in 10s
cli (windows-latest)	UNKNOWN STEP	2026-09-14T21:45:28.6722605Z 
cli (windows-latest)	UNKNOWN STEP	2026-09-14T21:45:28.6722715Z 1 package is looking for funding
cli (windows-latest)	UNKNOWN STEP	2026-09-14T21:45:28.6725431Z   run `npm fund` for details
cli (windows-latest)	UNKNOWN STEP	2026-09-14T21:45:28.6730689Z 
cli (windows-latest)	UNKNOWN STEP	2026-09-14T21:45:28.6731036Z found 0 vulnerabilities
cli (windows-latest)	UNKNOWN STEP	2026-09-14T21:45:31.9596219Z Checking for updates...
cli (windows-latest)	UNKNOWN STEP	2026-09-14T21:45:32.1416882Z Switching pnpm from v11.25.0 to v10.33.2...
cli (windows-latest)	UNKNOWN STEP	2026-09-14T21:45:32.7905153Z .../15e4-1a0a1e1ea8b-93d18caa17b21b6f    | Progress: resolved 1, reused 0, downloaded 0, added 0
cli (windows-latest)	UNKNOWN STEP	2026-09-14T21:45:32.7930456Z .../15e4-1a0a1e1ea8b-93d18caa17b21b6f    |   +1 +
cli (windows-latest)	UNKNOWN STEP	2026-09-14T21:45:34.6477743Z .../15e4-1a0a1e1ea8b-93d18caa17b21b6f    | Progress: resolved 1, reused 0, downloaded 1, added 0
cli (windows-latest)	UNKNOWN STEP	2026-09-14T21:45:35.8258520Z .../15e4-1a0a1e1ea8b-93d18caa17b21b6f    | Progress: resolved 1, reused 0, downloaded 1, added 1
cli (windows-latest)	UNKNOWN STEP	2026-09-14T21:45:35.8262149Z .../15e4-1a0a1e1ea8b-93d18caa17b21b6f    | Progress: resolved 1, reused 0, downloaded 1, added 1, done
cli (windows-latest)	UNKNOWN STEP	2026-09-14T21:45:36.5539882Z [WARN] Detected a pnpm v10 installation layout at PNPM_HOME. The pnpm shims at PNPM_HOME have been refreshed so the new version is active, but pnpm v11 expects bins in PNPM_HOME/bin. Run "pnpm setup" to migrate your PATH to the v11 layout.
cli (windows-latest)	UNKNOWN STEP	2026-09-14T21:45:36.5572811Z Successfully updated pnpm to v10.33.2
cli (windows-latest)	UNKNOWN STEP	2026-09-14T21:45:36.6432079Z ##[endgroup]
cli (windows-latest)	UNKNOWN STEP	2026-09-14T21:45:36.6432496Z Installation Completed!
cli (windows-latest)	UNKNOWN STEP	2026-09-14T21:45:36.6826460Z ##[group]Run actions/setup-node@820762786026740c76f36085b0efc47a31fe5020
cli (windows-latest)	UNKNOWN STEP	2026-09-14T21:45:36.6826964Z with:
cli (windows-latest)	UNKNOWN STEP	2026-09-14T21:45:36.6827174Z   node-version: 24
cli (windows-latest)	UNKNOWN STEP	2026-09-14T21:45:36.6827393Z   cache: pnpm
cli (windows-latest)	UNKNOWN STEP	2026-09-14T21:45:36.6827607Z   check-latest: false
cli (windows-latest)	UNKNOWN STEP	2026-09-14T21:45:36.6830760Z   token: ***
cli (windows-latest)	UNKNOWN STEP	2026-09-14T21:45:36.6830991Z   package-manager-cache: true
cli (windows-latest)	UNKNOWN STEP	2026-09-14T21:45:36.6831256Z env:
cli (windows-latest)	UNKNOWN STEP	2026-09-14T21:45:36.6831547Z   PNPM_HOME: C:\Users\runneradmin\setup-pnpm\node_modules\.bin
cli (windows-latest)	UNKNOWN STEP	2026-09-14T21:45:36.6831941Z ##[endgroup]
cli (windows-latest)	UNKNOWN STEP	2026-09-14T21:45:36.8715743Z Found in cache @ C:\hostedtoolcache\windows\node\24.20.0\x64
cli (windows-latest)	UNKNOWN STEP	2026-09-14T21:45:36.8722946Z ##[group]Environment details
cli (windows-latest)	UNKNOWN STEP	2026-09-14T21:45:43.8504208Z node: v24.20.0
cli (windows-latest)	UNKNOWN STEP	2026-09-14T21:45:43.8504560Z npm: 11.19.0
cli (windows-latest)	UNKNOWN STEP	2026-09-14T21:45:43.8504758Z yarn: 1.22.22
cli (windows-latest)	UNKNOWN STEP	2026-09-14T21:45:43.8505409Z ##[endgroup]
cli (windows-latest)	UNKNOWN STEP	2026-09-14T21:45:43.9494977Z [command]C:\Windows\system32\cmd.exe /D /S /C "C:\Users\runneradmin\setup-pnpm\node_modules\.bin\bin\pnpm.CMD store path --silent"
cli (windows-latest)	UNKNOWN STEP	2026-09-14T21:45:44.9505864Z D:\.pnpm-store\v10
cli (windows-latest)	UNKNOWN STEP	2026-09-14T21:45:45.2861110Z Cache hit for: node-cache-Windows-x64-pnpm-1b7795a64b3f5c9935c6c77059dc5dc948c44ab49ad3fca4f0a4e0d836589833
cli (windows-latest)	UNKNOWN STEP	2026-09-14T21:45:45.9358139Z Received 51388128 of 51388128 (100.0%), 90.4 MBs/sec
cli (windows-latest)	UNKNOWN STEP	2026-09-14T21:45:45.9360620Z Cache Size: ~49 MB (51388128 B)
cli (windows-latest)	UNKNOWN STEP	2026-09-14T21:45:45.9408558Z [command]"C:\Program Files\Git\usr\bin\tar.exe" -xf D:/a/_temp/16d63251-688c-424f-9683-247f538dfd8c/cache.tzst -P -C D:/a/opf/opf --force-local --use-compress-program "zstd -d"
cli (windows-latest)	UNKNOWN STEP	2026-09-14T21:45:47.8680447Z Cache restored successfully
cli (windows-latest)	UNKNOWN STEP	2026-09-14T21:45:47.8728699Z Cache restored from key: node-cache-Windows-x64-pnpm-1b7795a64b3f5c9935c6c77059dc5dc948c44ab49ad3fca4f0a4e0d836589833
cli (windows-latest)	UNKNOWN STEP	2026-09-14T21:45:47.9098532Z ##[group]Run pnpm install --frozen-lockfile
cli (windows-latest)	UNKNOWN STEP	2026-09-14T21:45:47.9099025Z ^[[36;1mpnpm install --frozen-lockfile^[[0m
cli (windows-latest)	UNKNOWN STEP	2026-09-14T21:45:48.2389763Z shell: C:\Program Files\PowerShell\7\pwsh.EXE -command ". '{0}'"
cli (windows-latest)	UNKNOWN STEP	2026-09-14T21:45:48.2390187Z env:
cli (windows-latest)	UNKNOWN STEP	2026-09-14T21:45:48.2390493Z   PNPM_HOME: C:\Users\runneradmin\setup-pnpm\node_modules\.bin
cli (windows-latest)	UNKNOWN STEP	2026-09-14T21:45:48.2390876Z ##[endgroup]
cli (windows-latest)	UNKNOWN STEP	2026-09-14T21:45:49.1253204Z Scope: all 3 workspace projects
cli (windows-latest)	UNKNOWN STEP	2026-09-14T21:45:49.1630169Z Lockfile is up to date, resolution step is skipped
cli (windows-latest)	UNKNOWN STEP	2026-09-14T21:45:49.1903462Z Progress: resolved 1, reused 0, downloaded 0, added 0
cli (windows-latest)	UNKNOWN STEP	2026-09-14T21:45:49.2162952Z Packages: +73
cli (windows-latest)	UNKNOWN STEP	2026-09-14T21:45:49.2163497Z +++++++++++++++++++++++++++++++++++++++++++++++++++++++++++++++++++++++++
cli (windows-latest)	UNKNOWN STEP	2026-09-14T21:45:50.0410133Z Progress: resolved 73, reused 73, downloaded 0, added 73, done
cli (windows-latest)	UNKNOWN STEP	2026-09-14T21:45:50.1964482Z 
cli (windows-latest)	UNKNOWN STEP	2026-09-14T21:45:50.1965760Z devDependencies:
cli (windows-latest)	UNKNOWN STEP	2026-09-14T21:45:50.1966253Z + @biomejs/biome 2.5.12
cli (windows-latest)	UNKNOWN STEP	2026-09-14T21:45:50.1966876Z + @typescript/native <- typescript 7.0.2
cli (windows-latest)	UNKNOWN STEP	2026-09-14T21:45:50.1967197Z 
cli (windows-latest)	UNKNOWN STEP	2026-09-14T21:45:50.2221266Z ╭ Warning ─────────────────────────────────────────────────────────────────────╮
cli (windows-latest)	UNKNOWN STEP	2026-09-14T21:45:50.2222326Z │                                                                              │
cli (windows-latest)	UNKNOWN STEP	2026-09-14T21:45:50.2223255Z │   Ignored build scripts: esbuild@0.28.2.                                     │
cli (windows-latest)	UNKNOWN STEP	2026-09-14T21:45:50.2224394Z │   Run "pnpm approve-builds" to pick which dependencies should be allowed     │
cli (windows-latest)	UNKNOWN STEP	2026-09-14T21:45:50.2225431Z │   to run scripts.                                                            │
cli (windows-latest)	UNKNOWN STEP	2026-09-14T21:45:50.2226306Z │                                                                              │
cli (windows-latest)	UNKNOWN STEP	2026-09-14T21:45:50.2227250Z ╰──────────────────────────────────────────────────────────────────────────────╯
cli (windows-latest)	UNKNOWN STEP	2026-09-14T21:45:50.2363945Z Done in 1.4s using pnpm v10.33.2
cli (windows-latest)	UNKNOWN STEP	2026-09-14T21:45:50.4135737Z ##[group]Run pnpm typecheck
cli (windows-latest)	UNKNOWN STEP	2026-09-14T21:45:50.4136075Z ^[[36;1mpnpm typecheck^[[0m
cli (windows-latest)	UNKNOWN STEP	2026-09-14T21:45:50.4211785Z shell: C:\Program Files\PowerShell\7\pwsh.EXE -command ". '{0}'"
cli (windows-latest)	UNKNOWN STEP	2026-09-14T21:45:50.4212156Z env:
cli (windows-latest)	UNKNOWN STEP	2026-09-14T21:45:50.4212432Z   PNPM_HOME: C:\Users\runneradmin\setup-pnpm\node_modules\.bin
cli (windows-latest)	UNKNOWN STEP	2026-09-14T21:45:50.4212772Z ##[endgroup]
cli (windows-latest)	UNKNOWN STEP	2026-09-14T21:45:51.1777472Z 
cli (windows-latest)	UNKNOWN STEP	2026-09-14T21:45:51.1778291Z > openpresentation-workspace@ typecheck D:\a\opf\opf
cli (windows-latest)	UNKNOWN STEP	2026-09-14T21:45:51.1779871Z > pnpm --filter @openpresentation/opf typecheck && pnpm --filter @openpresentation/cli typecheck
cli (windows-latest)	UNKNOWN STEP	2026-09-14T21:45:51.1780572Z 
cli (windows-latest)	UNKNOWN STEP	2026-09-14T21:45:51.6279053Z 
cli (windows-latest)	UNKNOWN STEP	2026-09-14T21:45:51.6280021Z > @openpresentation/opf@0.9.0 typecheck D:\a\opf\opf\packages\javascript
cli (windows-latest)	UNKNOWN STEP	2026-09-14T21:45:51.6280999Z > pnpm run generate && node ../../scripts/typecheck.mjs --noEmit
cli (windows-latest)	UNKNOWN STEP	2026-09-14T21:45:51.6281494Z 
cli (windows-latest)	UNKNOWN STEP	2026-09-14T21:45:52.0625862Z 
cli (windows-latest)	UNKNOWN STEP	2026-09-14T21:45:52.0627533Z > @openpresentation/opf@0.9.0 generate D:\a\opf\opf\packages\javascript
cli (windows-latest)	UNKNOWN STEP	2026-09-14T21:45:52.0628845Z > node scripts/generate.mjs && node scripts/generate-previews.mjs && node scripts/generate-content.mjs
cli (windows-latest)	UNKNOWN STEP	2026-09-14T21:45:52.0629518Z 
cli (windows-latest)	UNKNOWN STEP	2026-09-14T21:45:52.8347195Z Generated src/generated/previews.ts (70 previews)
cli (windows-latest)	UNKNOWN STEP	2026-09-14T21:45:53.0191357Z Generated src/generated/examples.ts (126 examples, 7 galleries)
cli (windows-latest)	UNKNOWN STEP	2026-09-14T21:45:53.0358449Z Generated src/generated/docs.ts (28 docs)
cli (windows-latest)	UNKNOWN STEP	2026-09-14T21:45:53.0370782Z Generated src/generated/repo-readme.ts (11388 bytes)
cli (windows-latest)	UNKNOWN STEP	2026-09-14T21:45:55.2280802Z 
cli (windows-latest)	UNKNOWN STEP	2026-09-14T21:45:55.2281797Z > @openpresentation/cli@0.7.0 typecheck D:\a\opf\opf\packages\cli
cli (windows-latest)	UNKNOWN STEP	2026-09-14T21:45:55.2283246Z > pnpm --filter @openpresentation/opf build && node ../../scripts/typecheck.mjs --noEmit
cli (windows-latest)	UNKNOWN STEP	2026-09-14T21:45:55.2283911Z 
cli (windows-latest)	UNKNOWN STEP	2026-09-14T21:45:55.6259297Z 
cli (windows-latest)	UNKNOWN STEP	2026-09-14T21:45:55.6260069Z > @openpresentation/opf@0.9.0 build D:\a\opf\opf\packages\javascript
cli (windows-latest)	UNKNOWN STEP	2026-09-14T21:45:55.6260684Z > pnpm run generate && tsup && node scripts/copy-spec.mjs
cli (windows-latest)	UNKNOWN STEP	2026-09-14T21:45:55.6260944Z 
cli (windows-latest)	UNKNOWN STEP	2026-09-14T21:45:56.0068848Z 
cli (windows-latest)	UNKNOWN STEP	2026-09-14T21:45:56.0070203Z > @openpresentation/opf@0.9.0 generate D:\a\opf\opf\packages\javascript
cli (windows-latest)	UNKNOWN STEP	2026-09-14T21:45:56.0071880Z > node scripts/generate.mjs && node scripts/generate-previews.mjs && node scripts/generate-content.mjs
cli (windows-latest)	UNKNOWN STEP	2026-09-14T21:45:56.0072777Z 
cli (windows-latest)	UNKNOWN STEP	2026-09-14T21:45:56.6990493Z Generated src/generated/previews.ts (70 previews)
cli (windows-latest)	UNKNOWN STEP	2026-09-14T21:45:56.8604445Z Generated src/generated/examples.ts (126 examples, 7 galleries)
cli (windows-latest)	UNKNOWN STEP	2026-09-14T21:45:56.8744164Z Generated src/generated/docs.ts (28 docs)
cli (windows-latest)	UNKNOWN STEP	2026-09-14T21:45:56.8756436Z Generated src/generated/repo-readme.ts (11388 bytes)
cli (windows-latest)	UNKNOWN STEP	2026-09-14T21:45:57.4978865Z ^[[34mCLI^[[39m Building entry: {"data":"src/data.ts","pagination":"src/pagination.ts","composition":"src/composition.ts","index":"src/index.ts","schemas":"src/schemas.ts","catalogs":"src/catalogs.ts","validator":"src/validator.ts","types":"src/types.ts","spec-files":"src/spec-files.ts","previews":"src/previews.ts","examples":"src/examples.ts","docs":"src/docs.ts","repo-readme":"src/repo-readme.ts"}
cli (windows-latest)	UNKNOWN STEP	2026-09-14T21:45:57.4981930Z ^[[34mCLI^[[39m Using tsconfig: tsconfig.json
cli (windows-latest)	UNKNOWN STEP	2026-09-14T21:45:57.4982609Z ^[[34mCLI^[[39m tsup v8.5.1
cli (windows-latest)	UNKNOWN STEP	2026-09-14T21:45:57.4983739Z ^[[34mCLI^[[39m Using tsup config: D:\a\opf\opf\packages\javascript\tsup.config.ts
cli (windows-latest)	UNKNOWN STEP	2026-09-14T21:45:57.5033960Z ^[[34mCLI^[[39m Target: es2022
cli (windows-latest)	UNKNOWN STEP	2026-09-14T21:45:57.5094855Z ^[[34mCLI^[[39m Cleaning output folder
cli (windows-latest)	UNKNOWN STEP	2026-09-14T21:45:57.5108335Z ^[[34mESM^[[39m Build start
cli (windows-latest)	UNKNOWN STEP	2026-09-14T21:45:58.1818211Z Generated an empty chunk: "types".
cli (windows-latest)	UNKNOWN STEP	2026-09-14T21:45:58.6775197Z ^[[34mDTS^[[39m Build start
cli (windows-latest)	UNKNOWN STEP	2026-09-14T21:45:58.6905816Z ^[[32mESM^[[39m ^[[1mdist\spec-files.js     ^[[22m^[[32m85.00 B^[[39m
cli (windows-latest)	UNKNOWN STEP	2026-09-14T21:45:58.6907249Z ^[[32mESM^[[39m ^[[1mdist\data.js           ^[[22m^[[32m95.00 B^[[39m
cli (windows-latest)	UNKNOWN STEP	2026-09-14T21:45:58.6908657Z ^[[32mESM^[[39m ^[[1mdist\previews.js       ^[[22m^[[32m130.00 B^[[39m
cli (windows-latest)	UNKNOWN STEP	2026-09-14T21:45:58.6910122Z ^[[32mESM^[[39m ^[[1mdist\composition.js    ^[[22m^[[32m437.00 B^[[39m
cli (windows-latest)	UNKNOWN STEP	2026-09-14T21:45:58.6915004Z ^[[32mESM^[[39m ^[[1mdist\pagination.js     ^[[22m^[[32m215.00 B^[[39m
cli (windows-latest)	UNKNOWN STEP	2026-09-14T21:45:58.6916076Z ^[[32mESM^[[39m ^[[1mdist\repo-readme.js    ^[[22m^[[32m11.47 KB^[[39m
cli (windows-latest)	UNKNOWN STEP	2026-09-14T21:45:58.6916902Z ^[[32mESM^[[39m ^[[1mdist\index.js          ^[[22m^[[32m1.38 KB^[[39m
cli (windows-latest)	UNKNOWN STEP	2026-09-14T21:45:58.6917681Z ^[[32mESM^[[39m ^[[1mdist\chunk-OZULJBSG.js ^[[22m^[[32m117.86 KB^[[39m
cli (windows-latest)	UNKNOWN STEP	2026-09-14T21:45:58.6918224Z ^[[32mESM^[[39m ^[[1mdist\chunk-PIQXLBBJ.js ^[[22m^[[32m108.89 KB^[[39m
cli (windows-latest)	UNKNOWN STEP	2026-09-14T21:45:58.6918720Z ^[[32mESM^[[39m ^[[1mdist\chunk-SOSOBKQ2.js ^[[22m^[[32m6.52 KB^[[39m
cli (windows-latest)	UNKNOWN STEP	2026-09-14T21:45:58.6919579Z ^[[32mESM^[[39m ^[[1mdist\schemas.js        ^[[22m^[[32m202.00 B^[[39m
cli (windows-latest)	UNKNOWN STEP	2026-09-14T21:45:58.6920348Z ^[[32mESM^[[39m ^[[1mdist\catalogs.js       ^[[22m^[[32m238.00 B^[[39m
cli (windows-latest)	UNKNOWN STEP	2026-09-14T21:45:58.6921130Z ^[[32mESM^[[39m ^[[1mdist\validator.js      ^[[22m^[[32m267.00 B^[[39m
cli (windows-latest)	UNKNOWN STEP	2026-09-14T21:45:58.6921958Z ^[[32mESM^[[39m ^[[1mdist\chunk-TFZ6YIH3.js ^[[22m^[[32m14.23 KB^[[39m
cli (windows-latest)	UNKNOWN STEP	2026-09-14T21:45:58.6922761Z ^[[32mESM^[[39m ^[[1mdist\chunk-YCN5Z46O.js ^[[22m^[[32m27.16 KB^[[39m
cli (windows-latest)	UNKNOWN STEP	2026-09-14T21:45:58.6923686Z ^[[32mESM^[[39m ^[[1mdist\chunk-JMD6N4GQ.js ^[[22m^[[32m93.98 KB^[[39m
cli (windows-latest)	UNKNOWN STEP	2026-09-14T21:45:58.6924583Z ^[[32mESM^[[39m ^[[1mdist\chunk-GQSK3T7X.js ^[[22m^[[32m219.58 KB^[[39m
cli (windows-latest)	UNKNOWN STEP	2026-09-14T21:45:58.6925474Z ^[[32mESM^[[39m ^[[1mdist\types.js          ^[[22m^[[32m1.00 B^[[39m
cli (windows-latest)	UNKNOWN STEP	2026-09-14T21:45:58.6926452Z ^[[32mESM^[[39m ^[[1mdist\chunk-TWMRZ43O.js ^[[22m^[[32m499.00 KB^[[39m
cli (windows-latest)	UNKNOWN STEP	2026-09-14T21:45:58.6927343Z ^[[32mESM^[[39m ^[[1mdist\docs.js           ^[[22m^[[32m526.61 KB^[[39m
cli (windows-latest)	UNKNOWN STEP	2026-09-14T21:45:58.6928639Z ^[[32mESM^[[39m ^[[1mdist\examples.js       ^[[22m^[[32m3.48 MB^[[39m
cli (windows-latest)	UNKNOWN STEP	2026-09-14T21:45:58.6929427Z ^[[32mESM^[[39m ⚡️ Build success in 1181ms
cli (windows-latest)	UNKNOWN STEP	2026-09-14T21:46:05.1412750Z ^[[32mDTS^[[39m ⚡️ Build success in 6974ms
cli (windows-latest)	UNKNOWN STEP	2026-09-14T21:46:05.1417857Z ^[[32mDTS^[[39m ^[[1mdist\index.d.ts                 ^[[22m^[[32m3.16 KB^[[39m
cli (windows-latest)	UNKNOWN STEP	2026-09-14T21:46:05.1419203Z ^[[32mDTS^[[39m ^[[1mdist\data.d.ts                  ^[[22m^[[32m1005.00 B^[[39m
cli (windows-latest)	UNKNOWN STEP	2026-09-14T21:46:05.1420418Z ^[[32mDTS^[[39m ^[[1mdist\pagination.d.ts            ^[[22m^[[32m2.40 KB^[[39m
cli (windows-latest)	UNKNOWN STEP	2026-09-14T21:46:05.1422463Z ^[[32mDTS^[[39m ^[[1mdist\previews.d.ts              ^[[22m^[[32m1.71 KB^[[39m
cli (windows-latest)	UNKNOWN STEP	2026-09-14T21:46:05.1423558Z ^[[32mDTS^[[39m ^[[1mdist\repo-readme.d.ts           ^[[22m^[[32m139.00 B^[[39m
cli (windows-latest)	UNKNOWN STEP	2026-09-14T21:46:05.1424556Z ^[[32mDTS^[[39m ^[[1mdist\examples.d.ts              ^[[22m^[[32m2.09 KB^[[39m
cli (windows-latest)	UNKNOWN STEP	2026-09-14T21:46:05.1425552Z ^[[32mDTS^[[39m ^[[1mdist\docs.d.ts                  ^[[22m^[[32m671.00 B^[[39m
cli (windows-latest)	UNKNOWN STEP	2026-09-14T21:46:05.1426623Z ^[[32mDTS^[[39m ^[[1mdist\composition.d.ts           ^[[22m^[[32m24.91 KB^[[39m
cli (windows-latest)	UNKNOWN STEP	2026-09-14T21:46:05.1427465Z ^[[32mDTS^[[39m ^[[1mdist\validator.d.ts             ^[[22m^[[32m1.54 KB^[[39m
cli (windows-latest)	UNKNOWN STEP	2026-09-14T21:46:05.1428463Z ^[[32mDTS^[[39m ^[[1mdist\spec-files.d.ts            ^[[22m^[[32m19.57 KB^[[39m
cli (windows-latest)	UNKNOWN STEP	2026-09-14T21:46:05.1429365Z ^[[32mDTS^[[39m ^[[1mdist\schemas.d.ts               ^[[22m^[[32m314.00 B^[[39m
cli (windows-latest)	UNKNOWN STEP	2026-09-14T21:46:05.1430026Z ^[[32mDTS^[[39m ^[[1mdist\catalogs.d.ts              ^[[22m^[[32m454.00 B^[[39m
cli (windows-latest)	UNKNOWN STEP	2026-09-14T21:46:05.1430621Z ^[[32mDTS^[[39m ^[[1mdist\types.d.ts                 ^[[22m^[[32m416.00 B^[[39m
cli (windows-latest)	UNKNOWN STEP	2026-09-14T21:46:05.1431200Z ^[[32mDTS^[[39m ^[[1mdist\presentation-BMTdX6O1.d.ts ^[[22m^[[32m113.38 KB^[[39m
cli (windows-latest)	UNKNOWN STEP	2026-09-14T21:46:05.1431775Z ^[[32mDTS^[[39m ^[[1mdist\schemas--QRVBhU1.d.ts      ^[[22m^[[32m8.84 KB^[[39m
cli (windows-latest)	UNKNOWN STEP	2026-09-14T21:46:05.1432320Z ^[[32mDTS^[[39m ^[[1mdist\catalogs-BnnkUX9O.d.ts     ^[[22m^[[32m46.31 KB^[[39m
cli (windows-latest)	UNKNOWN STEP	2026-09-14T21:46:06.0741130Z ##[group]Run pnpm --filter @openpresentation/opf test
cli (windows-latest)	UNKNOWN STEP	2026-09-14T21:46:06.0741608Z ^[[36;1mpnpm --filter @openpresentation/opf test^[[0m
cli (windows-latest)	UNKNOWN STEP	2026-09-14T21:46:06.0816901Z shell: C:\Program Files\PowerShell\7\pwsh.EXE -command ". '{0}'"
cli (windows-latest)	UNKNOWN STEP	2026-09-14T21:46:06.0817270Z env:
cli (windows-latest)	UNKNOWN STEP	2026-09-14T21:46:06.0817535Z   PNPM_HOME: C:\Users\runneradmin\setup-pnpm\node_modules\.bin
cli (windows-latest)	UNKNOWN STEP	2026-09-14T21:46:06.0817870Z ##[endgroup]
cli (windows-latest)	UNKNOWN STEP	2026-09-14T21:46:06.7805040Z 
cli (windows-latest)	UNKNOWN STEP	2026-09-14T21:46:06.7805921Z > @openpresentation/opf@0.9.0 test D:\a\opf\opf\packages\javascript
cli (windows-latest)	UNKNOWN STEP	2026-09-14T21:46:06.7807482Z > pnpm run build && node ../../scripts/run-node-tests.mjs && node test/composition.mjs && node test/pagination.mjs && node test/data.mjs && node test/rich-text.mjs && node test/lists.mjs
cli (windows-latest)	UNKNOWN STEP	2026-09-14T21:46:06.7808797Z 
cli (windows-latest)	UNKNOWN STEP	2026-09-14T21:46:07.1847396Z 
cli (windows-latest)	UNKNOWN STEP	2026-09-14T21:46:07.1848279Z > @openpresentation/opf@0.9.0 build D:\a\opf\opf\packages\javascript
cli (windows-latest)	UNKNOWN STEP	2026-09-14T21:46:07.1849427Z > pnpm run generate && tsup && node scripts/copy-spec.mjs
cli (windows-latest)	UNKNOWN STEP	2026-09-14T21:46:07.1849767Z 
cli (windows-latest)	UNKNOWN STEP	2026-09-14T21:46:07.5705339Z 
cli (windows-latest)	UNKNOWN STEP	2026-09-14T21:46:07.5706232Z > @openpresentation/opf@0.9.0 generate D:\a\opf\opf\packages\javascript
cli (windows-latest)	UNKNOWN STEP	2026-09-14T21:46:07.5707542Z > node scripts/generate.mjs && node scripts/generate-previews.mjs && node scripts/generate-content.mjs
cli (windows-latest)	UNKNOWN STEP	2026-09-14T21:46:07.5708010Z 
cli (windows-latest)	UNKNOWN STEP	2026-09-14T21:46:08.2391379Z Generated src/generated/previews.ts (70 previews)
cli (windows-latest)	UNKNOWN STEP	2026-09-14T21:46:08.4037475Z Generated src/generated/examples.ts (126 examples, 7 galleries)
cli (windows-latest)	UNKNOWN STEP	2026-09-14T21:46:08.4177819Z Generated src/generated/docs.ts (28 docs)
cli (windows-latest)	UNKNOWN STEP	2026-09-14T21:46:08.4188395Z Generated src/generated/repo-readme.ts (11388 bytes)
cli (windows-latest)	UNKNOWN STEP	2026-09-14T21:46:08.9479718Z ^[[34mCLI^[[39m Building entry: {"data":"src/data.ts","pagination":"src/pagination.ts","composition":"src/composition.ts","index":"src/index.ts","schemas":"src/schemas.ts","catalogs":"src/catalogs.ts","validator":"src/validator.ts","types":"src/types.ts","spec-files":"src/spec-files.ts","previews":"src/previews.ts","examples":"src/examples.ts","docs":"src/docs.ts","repo-readme":"src/repo-readme.ts"}
cli (windows-latest)	UNKNOWN STEP	2026-09-14T21:46:08.9484665Z ^[[34mCLI^[[39m Using tsconfig: tsconfig.json
cli (windows-latest)	UNKNOWN STEP	2026-09-14T21:46:08.9485425Z ^[[34mCLI^[[39m tsup v8.5.1
cli (windows-latest)	UNKNOWN STEP	2026-09-14T21:46:08.9487015Z ^[[34mCLI^[[39m Using tsup config: D:\a\opf\opf\packages\javascript\tsup.config.ts
cli (windows-latest)	UNKNOWN STEP	2026-09-14T21:46:08.9542916Z ^[[34mCLI^[[39m Target: es2022
cli (windows-latest)	UNKNOWN STEP	2026-09-14T21:46:09.0201244Z ^[[34mCLI^[[39m Cleaning output folder
cli (windows-latest)	UNKNOWN STEP	2026-09-14T21:46:09.0214361Z ^[[34mESM^[[39m Build start
cli (windows-latest)	UNKNOWN STEP	2026-09-14T21:46:09.5183156Z Generated an empty chunk: "types".
cli (windows-latest)	UNKNOWN STEP	2026-09-14T21:46:10.1795672Z ^[[34mDTS^[[39m Build start
cli (windows-latest)	UNKNOWN STEP	2026-09-14T21:46:10.2059530Z ^[[32mESM^[[39m ^[[1mdist\previews.js       ^[[22m^[[32m130.00 B^[[39m
cli (windows-latest)	UNKNOWN STEP	2026-09-14T21:46:10.2077854Z ^[[32mESM^[[39m ^[[1mdist\spec-files.js     ^[[22m^[[32m85.00 B^[[39m
cli (windows-latest)	UNKNOWN STEP	2026-09-14T21:46:10.2078964Z ^[[32mESM^[[39m ^[[1mdist\repo-readme.js    ^[[22m^[[32m11.47 KB^[[39m
cli (windows-latest)	UNKNOWN STEP	2026-09-14T21:46:10.2080080Z ^[[32mESM^[[39m ^[[1mdist\data.js           ^[[22m^[[32m95.00 B^[[39m
cli (windows-latest)	UNKNOWN STEP	2026-09-14T21:46:10.2081916Z ^[[32mESM^[[39m ^[[1mdist\pagination.js     ^[[22m^[[32m215.00 B^[[39m
cli (windows-latest)	UNKNOWN STEP	2026-09-14T21:46:10.2085806Z ^[[32mESM^[[39m ^[[1mdist\composition.js    ^[[22m^[[32m437.00 B^[[39m
cli (windows-latest)	UNKNOWN STEP	2026-09-14T21:46:10.2086814Z ^[[32mESM^[[39m ^[[1mdist\index.js          ^[[22m^[[32m1.38 KB^[[39m
cli (windows-latest)	UNKNOWN STEP	2026-09-14T21:46:10.2088408Z ^[[32mESM^[[39m ^[[1mdist\chunk-OZULJBSG.js ^[[22m^[[32m117.86 KB^[[39m
cli (windows-latest)	UNKNOWN STEP	2026-09-14T21:46:10.2089378Z ^[[32mESM^[[39m ^[[1mdist\chunk-PIQXLBBJ.js ^[[22m^[[32m108.89 KB^[[39m
cli (windows-latest)	UNKNOWN STEP	2026-09-14T21:46:10.2089898Z ^[[32mESM^[[39m ^[[1mdist\chunk-SOSOBKQ2.js ^[[22m^[[32m6.52 KB^[[39m
cli (windows-latest)	UNKNOWN STEP	2026-09-14T21:46:10.2090614Z ^[[32mESM^[[39m ^[[1mdist\schemas.js        ^[[22m^[[32m202.00 B^[[39m
cli (windows-latest)	UNKNOWN STEP	2026-09-14T21:46:10.2091172Z ^[[32mESM^[[39m ^[[1mdist\catalogs.js       ^[[22m^[[32m238.00 B^[[39m
cli (windows-latest)	UNKNOWN STEP	2026-09-14T21:46:10.2091650Z ^[[32mESM^[[39m ^[[1mdist\validator.js      ^[[22m^[[32m267.00 B^[[39m
cli (windows-latest)	UNKNOWN STEP	2026-09-14T21:46:10.2092132Z ^[[32mESM^[[39m ^[[1mdist\chunk-TFZ6YIH3.js ^[[22m^[[32m14.23 KB^[[39m
cli (windows-latest)	UNKNOWN STEP	2026-09-14T21:46:10.2092603Z ^[[32mESM^[[39m ^[[1mdist\chunk-YCN5Z46O.js ^[[22m^[[32m27.16 KB^[[39m
cli (windows-latest)	UNKNOWN STEP	2026-09-14T21:46:10.2096393Z ^[[32mESM^[[39m ^[[1mdist\chunk-GQSK3T7X.js ^[[22m^[[32m219.58 KB^[[39m
cli (windows-latest)	UNKNOWN STEP	2026-09-14T21:46:10.2097517Z ^[[32mESM^[[39m ^[[1mdist\types.js          ^[[22m^[[32m1.00 B^[[39m
cli (windows-latest)	UNKNOWN STEP	2026-09-14T21:46:10.2098036Z ^[[32mESM^[[39m ^[[1mdist\chunk-JMD6N4GQ.js ^[[22m^[[32m93.98 KB^[[39m
cli (windows-latest)	UNKNOWN STEP	2026-09-14T21:46:10.2098556Z ^[[32mESM^[[39m ^[[1mdist\chunk-TWMRZ43O.js ^[[22m^[[32m499.00 KB^[[39m
cli (windows-latest)	UNKNOWN STEP	2026-09-14T21:46:10.2099481Z ^[[32mESM^[[39m ^[[1mdist\docs.js           ^[[22m^[[32m526.61 KB^[[39m
cli (windows-latest)	UNKNOWN STEP	2026-09-14T21:46:10.2100159Z ^[[32mESM^[[39m ^[[1mdist\examples.js       ^[[22m^[[32m3.48 MB^[[39m
cli (windows-latest)	UNKNOWN STEP	2026-09-14T21:46:10.2100780Z ^[[32mESM^[[39m ⚡️ Build success in 1187ms
cli (windows-latest)	UNKNOWN STEP	2026-09-14T21:46:16.5407001Z ^[[32mDTS^[[39m ⚡️ Build success in 6970ms
cli (windows-latest)	UNKNOWN STEP	2026-09-14T21:46:16.5414234Z ^[[32mDTS^[[39m ^[[1mdist\index.d.ts                 ^[[22m^[[32m3.16 KB^[[39m
cli (windows-latest)	UNKNOWN STEP	2026-09-14T21:46:16.5415696Z ^[[32mDTS^[[39m ^[[1mdist\data.d.ts                  ^[[22m^[[32m1005.00 B^[[39m
cli (windows-latest)	UNKNOWN STEP	2026-09-14T21:46:16.5417214Z ^[[32mDTS^[[39m ^[[1mdist\pagination.d.ts            ^[[22m^[[32m2.40 KB^[[39m
cli (windows-latest)	UNKNOWN STEP	2026-09-14T21:46:16.5418409Z ^[[32mDTS^[[39m ^[[1mdist\previews.d.ts              ^[[22m^[[32m1.71 KB^[[39m
cli (windows-latest)	UNKNOWN STEP	2026-09-14T21:46:16.5419506Z ^[[32mDTS^[[39m ^[[1mdist\repo-readme.d.ts           ^[[22m^[[32m139.00 B^[[39m
cli (windows-latest)	UNKNOWN STEP	2026-09-14T21:46:16.5420678Z ^[[32mDTS^[[39m ^[[1mdist\examples.d.ts              ^[[22m^[[32m2.09 KB^[[39m
cli (windows-latest)	UNKNOWN STEP	2026-09-14T21:46:16.5421759Z ^[[32mDTS^[[39m ^[[1mdist\docs.d.ts                  ^[[22m^[[32m671.00 B^[[39m
cli (windows-latest)	UNKNOWN STEP	2026-09-14T21:46:16.5422824Z ^[[32mDTS^[[39m ^[[1mdist\composition.d.ts           ^[[22m^[[32m24.91 KB^[[39m
cli (windows-latest)	UNKNOWN STEP	2026-09-14T21:46:16.5423898Z ^[[32mDTS^[[39m ^[[1mdist\validator.d.ts             ^[[22m^[[32m1.54 KB^[[39m
cli (windows-latest)	UNKNOWN STEP	2026-09-14T21:46:16.5424957Z ^[[32mDTS^[[39m ^[[1mdist\spec-files.d.ts            ^[[22m^[[32m19.57 KB^[[39m
cli (windows-latest)	UNKNOWN STEP	2026-09-14T21:46:16.5425993Z ^[[32mDTS^[[39m ^[[1mdist\schemas.d.ts               ^[[22m^[[32m314.00 B^[[39m
cli (windows-latest)	UNKNOWN STEP	2026-09-14T21:46:16.5427018Z ^[[32mDTS^[[39m ^[[1mdist\catalogs.d.ts              ^[[22m^[[32m454.00 B^[[39m
cli (windows-latest)	UNKNOWN STEP	2026-09-14T21:46:16.5427774Z ^[[32mDTS^[[39m ^[[1mdist\types.d.ts                 ^[[22m^[[32m416.00 B^[[39m
cli (windows-latest)	UNKNOWN STEP	2026-09-14T21:46:16.5428798Z ^[[32mDTS^[[39m ^[[1mdist\presentation-BMTdX6O1.d.ts ^[[22m^[[32m113.38 KB^[[39m
cli (windows-latest)	UNKNOWN STEP	2026-09-14T21:46:16.5429406Z ^[[32mDTS^[[39m ^[[1mdist\schemas--QRVBhU1.d.ts      ^[[22m^[[32m8.84 KB^[[39m
cli (windows-latest)	UNKNOWN STEP	2026-09-14T21:46:16.5429957Z ^[[32mDTS^[[39m ^[[1mdist\catalogs-BnnkUX9O.d.ts     ^[[22m^[[32m46.31 KB^[[39m
cli (windows-latest)	UNKNOWN STEP	2026-09-14T21:46:17.8738117Z ✔ cards preserve outer tracks, regions and headings while measuring a rounded inner box (17.6974ms)
cli (windows-latest)	UNKNOWN STEP	2026-09-14T21:46:17.8740166Z ✔ slide false overrides host cards; nested leaves receive one inset and preserve group geometry (5.2064ms)
cli (windows-latest)	UNKNOWN STEP	2026-09-14T21:46:17.8742076Z ✔ card padding participates in automatic score, strict overflow and whole-document pagination (407.3873ms)
cli (windows-latest)	UNKNOWN STEP	2026-09-14T21:46:18.8736091Z ✔ accepted code uses rounded cells and preserves body compatibility without repeated explanation measurements (11.9047ms)
cli (windows-latest)	UNKNOWN STEP	2026-09-14T21:46:18.8743688Z ✔ candidate penalties include complete code metadata and charge overflowing leaves once (36.9003ms)
cli (windows-latest)	UNKNOWN STEP	2026-09-14T21:46:18.8753066Z ✔ strict ancestors reject code metadata paths and cannot be weakened by descendants (458.3208ms)
cli (windows-latest)	UNKNOWN STEP	2026-09-14T21:46:18.8763909Z ✔ explicit code placement and weights remain authoritative even when metadata overflows (19.3574ms)
cli (windows-latest)	UNKNOWN STEP	2026-09-14T21:46:18.8770752Z ✔ pagination preserves exact code bytes, metadata, ranges and floors across wide and portrait slides (443.6174ms)
cli (windows-latest)	UNKNOWN STEP	2026-09-14T21:46:18.8772721Z ✔ irreducible code metadata rejects pagination even after earlier content or with an empty body (449.0013ms)
cli (windows-latest)	UNKNOWN STEP	2026-09-14T21:46:18.8949859Z ✔ complete code parts preserve exact filename, language, body, whitespace and hard line boundaries (13.1394ms)
cli (windows-latest)	UNKNOWN STEP	2026-09-14T21:46:18.8967557Z ✔ shorthand, empty source and absent metadata retain their source and generated-label distinction (1.1082ms)
cli (windows-latest)	UNKNOWN STEP	2026-09-14T21:46:18.9013262Z ✔ long language labels and filenames are measured within their cell before allocating the body (18.7057ms)
cli (windows-latest)	UNKNOWN STEP	2026-09-14T21:46:18.9021782Z ✔ wrapped whitespace and graphemes retain contiguous source offsets, including CRLF and blank final lines (2.3048ms)
cli (windows-latest)	UNKNOWN STEP	2026-09-14T21:46:18.9065874Z ✔ tabs use measured space stops and never send control tabs to the font-width provider (2.2365ms)
cli (windows-latest)	UNKNOWN STEP	2026-09-14T21:46:18.9090634Z ✔ readability floors scale once and body shrinking preserves all code content (1.7455ms)
cli (windows-latest)	UNKNOWN STEP	2026-09-14T21:46:18.9139281Z ✔ irreducible body and metadata failures remain explicit; strict mode does not return partial output (37.0245ms)
cli (windows-latest)	UNKNOWN STEP	2026-09-14T21:46:18.9171893Z ✔ invalid inner boxes never become invented one-pixel fits; malformed options reject (1.447ms)
cli (windows-latest)	UNKNOWN STEP	2026-09-14T21:46:18.9173411Z ✔ font trials stay bounded independently of canvas scale (23.5135ms)
cli (windows-latest)	UNKNOWN STEP	2026-09-14T21:46:18.9174897Z ✔ opaque contrast follows unrounded sRGB luminance thresholds (1.765ms)
cli (windows-latest)	UNKNOWN STEP	2026-09-14T21:46:18.9176154Z ✔ chart marks retain passing colors and brighten/darken failing opaque palettes (14.8609ms)
cli (windows-latest)	UNKNOWN STEP	2026-09-14T21:46:18.9177551Z ✔ bright and dark fills select readable inherited text without guessing alpha backdrops (0.31ms)
cli (windows-latest)	UNKNOWN STEP	2026-09-14T21:46:20.2292715Z ✔ explanation preserves geometry, source values and measurement calls (53.8713ms)
cli (windows-latest)	UNKNOWN STEP	2026-09-14T21:46:20.2338631Z ✔ candidate penalties account for the score and report the selected flow (25.2537ms)
cli (windows-latest)	UNKNOWN STEP	2026-09-14T21:46:20.2457963Z ✔ fixed modes and promoted regions retain placement with no invented search (1.8964ms)
cli (windows-latest)	UNKNOWN STEP	2026-09-14T21:46:20.2461989Z ✔ reserved slots, candidate caps and empty slides are explicit (202.8259ms)
cli (windows-latest)	UNKNOWN STEP	2026-09-14T21:46:20.2522161Z ✔ equal scores retain the first, lower-column candidate (0.8306ms)
cli (windows-latest)	UNKNOWN STEP	2026-09-14T21:46:20.2674688Z ✔ unsupported internal fit stays visible and strict failures retain their explanation (1813.6378ms)
cli (windows-latest)	UNKNOWN STEP	2026-09-14T21:46:20.2820954Z ▶ example catalog sanity
cli (windows-latest)	UNKNOWN STEP	2026-09-14T21:46:20.2821674Z   ✔ has at least one example (0.9029ms)
cli (windows-latest)	UNKNOWN STEP	2026-09-14T21:46:20.2823107Z   ✔ has at least one gallery (0.2752ms)
cli (windows-latest)	UNKNOWN STEP	2026-09-14T21:46:20.2824025Z   ✔ example categories include 'gallery' (0.3225ms)
cli (windows-latest)	UNKNOWN STEP	2026-09-14T21:46:20.2824919Z ✔ example catalog sanity (3.39ms)
cli (windows-latest)	UNKNOWN STEP	2026-09-14T21:46:20.2825779Z ▶ every bundled example validates cleanly
cli (windows-latest)	UNKNOWN STEP	2026-09-14T21:46:20.2827133Z   ✔ example 'compliance-readiness-review' has the expected shape and validates without warnings (420.4481ms)
cli (windows-latest)	UNKNOWN STEP	2026-09-14T21:46:20.2828884Z   ✔ example 'contract-cycle-time-brief' has the expected shape and validates without warnings (2.2874ms)
cli (windows-latest)	UNKNOWN STEP	2026-09-14T21:46:20.2830448Z   ✔ example 'data-platform-migration-plan' has the expected shape and validates without warnings (1.7454ms)
cli (windows-latest)	UNKNOWN STEP	2026-09-14T21:46:20.2832135Z   ✔ example 'defect-escape-reduction-review' has the expected shape and validates without warnings (0.8729ms)
cli (windows-latest)	UNKNOWN STEP	2026-09-14T21:46:20.2833799Z   ✔ example 'demand-generation-campaign-brief' has the expected shape and validates without warnings (1.6159ms)
cli (windows-latest)	UNKNOWN STEP	2026-09-14T21:46:20.2835763Z   ✔ example 'employee-town-hall-run-of-show' has the expected shape and validates without warnings (0.644ms)
cli (windows-latest)	UNKNOWN STEP	2026-09-14T21:46:20.2837402Z   ✔ example 'engineering-capacity-planning' has the expected shape and validates without warnings (1.8148ms)
cli (windows-latest)	UNKNOWN STEP	2026-09-14T21:46:20.2839953Z   ✔ example 'enterprise-account-expansion-plan' has the expected shape and validates without warnings (0.784ms)
cli (windows-latest)	UNKNOWN STEP	2026-09-14T21:46:20.2842053Z   ✔ example 'field-enablement-certification' has the expected shape and validates without warnings (0.8172ms)
cli (windows-latest)	UNKNOWN STEP	2026-09-14T21:46:20.2843792Z   ✔ example 'fy27-budget-tradeoff-deck' has the expected shape and validates without warnings (0.4059ms)
cli (windows-latest)	UNKNOWN STEP	2026-09-14T21:46:20.2845625Z   ✔ example 'identity-incident-executive-brief' has the expected shape and validates without warnings (0.607ms)
cli (windows-latest)	UNKNOWN STEP	2026-09-14T21:46:20.2847470Z   ✔ example 'investor-relations-update' has the expected shape and validates without warnings (0.9201ms)
cli (windows-latest)	UNKNOWN STEP	2026-09-14T21:46:20.2849131Z   ✔ example 'model-governance-review' has the expected shape and validates without warnings (0.8736ms)
cli (windows-latest)	UNKNOWN STEP	2026-09-14T21:46:20.2850903Z   ✔ example 'onboarding-experience-redesign' has the expected shape and validates without warnings (0.2695ms)
cli (windows-latest)	UNKNOWN STEP	2026-09-14T21:46:20.2853162Z   ✔ example 'partner-ecosystem-launch-kit' has the expected shape and validates without warnings (0.2406ms)
cli (windows-latest)	UNKNOWN STEP	2026-09-14T21:46:20.2855974Z   ✔ example 'pricing-and-packaging-decision' has the expected shape and validates without warnings (0.7554ms)
cli (windows-latest)	UNKNOWN STEP	2026-09-14T21:46:20.2857860Z   ✔ example 'product-roadmap-decision-review' has the expected shape and validates without warnings (0.7366ms)
cli (windows-latest)	UNKNOWN STEP	2026-09-14T21:46:20.2859577Z   ✔ example 'renewal-save-plan' has the expected shape and validates without warnings (0.3753ms)
cli (windows-latest)	UNKNOWN STEP	2026-09-14T21:46:20.2861531Z   ✔ example 'revenue-forecast-inspection' has the expected shape and validates without warnings (0.6995ms)
cli (windows-latest)	UNKNOWN STEP	2026-09-14T21:46:20.2863600Z   ✔ example 's-and-op-exception-review' has the expected shape and validates without warnings (0.8922ms)
cli (windows-latest)	UNKNOWN STEP	2026-09-14T21:46:20.2865299Z   ✔ example 'scope-3-reporting-readiness' has the expected shape and validates without warnings (0.4628ms)
cli (windows-latest)	UNKNOWN STEP	2026-09-14T21:46:20.2867142Z   ✔ example 'strategy-offsite-pre-read' has the expected shape and validates without warnings (0.6446ms)
cli (windows-latest)	UNKNOWN STEP	2026-09-14T21:46:20.2868834Z   ✔ example 'supplier-risk-heatmap' has the expected shape and validates without warnings (0.8478ms)
cli (windows-latest)	UNKNOWN STEP	2026-09-14T21:46:20.2870501Z   ✔ example 'support-deflection-program' has the expected shape and validates without warnings (0.4853ms)
cli (windows-latest)	UNKNOWN STEP	2026-09-14T21:46:20.2872293Z   ✔ example 'workplace-occupancy-reset' has the expected shape and validates without warnings (0.5876ms)
cli (windows-latest)	UNKNOWN STEP	2026-09-14T21:46:20.2873937Z   ✔ example 'data-storytelling-atlas' has the expected shape and validates without warnings (1.1032ms)
cli (windows-latest)	UNKNOWN STEP	2026-09-14T21:46:20.2875650Z   ✔ example 'kiosk-orientation-deck' has the expected shape and validates without warnings (0.838ms)
cli (windows-latest)	UNKNOWN STEP	2026-09-14T21:46:20.2877275Z   ✔ example 'photo-essay-portfolio' has the expected shape and validates without warnings (0.682ms)
cli (windows-latest)	UNKNOWN STEP	2026-09-14T21:46:20.2878908Z   ✔ example 'video-demo-sales-narrative' has the expected shape and validates without warnings (1.0923ms)
cli (windows-latest)	UNKNOWN STEP	2026-09-14T21:46:20.2880970Z   ✔ example 'visual-brand-system-sampler' has the expected shape and validates without warnings (0.2816ms)
cli (windows-latest)	UNKNOWN STEP	2026-09-14T21:46:20.2882672Z   ✔ example 'advising-retention-review' has the expected shape and validates without warnings (0.4621ms)
cli (windows-latest)	UNKNOWN STEP	2026-09-14T21:46:20.2884414Z   ✔ example 'alumni-giving-campaign' has the expected shape and validates without warnings (0.4532ms)
cli (windows-latest)	UNKNOWN STEP	2026-09-14T21:46:20.2886138Z   ✔ example 'apprenticeship-partnership-deck' has the expected shape and validates without warnings (0.4856ms)
cli (windows-latest)	UNKNOWN STEP	2026-09-14T21:46:20.2888541Z   ✔ example 'athletics-budget-review' has the expected shape and validates without warnings (0.6684ms)
cli (windows-latest)	UNKNOWN STEP	2026-09-14T21:46:20.2892003Z   ✔ example 'campus-energy-action-brief' has the expected shape and validates without warnings (0.4029ms)
cli (windows-latest)	UNKNOWN STEP	2026-09-14T21:46:20.2894621Z   ✔ example 'curriculum-approval-brief' has the expected shape and validates without warnings (0.8082ms)
cli (windows-latest)	UNKNOWN STEP	2026-09-14T21:46:20.2897501Z   ✔ example 'district-literacy-acceleration-plan' has the expected shape and validates without warnings (0.269ms)
cli (windows-latest)	UNKNOWN STEP	2026-09-14T21:46:20.2899917Z   ✔ example 'library-modernization-roadmap' has the expected shape and validates without warnings (3.6833ms)
cli (windows-latest)	UNKNOWN STEP	2026-09-14T21:46:20.2901640Z   ✔ example 'online-program-launch-plan' has the expected shape and validates without warnings (0.2676ms)
cli (windows-latest)	UNKNOWN STEP	2026-09-14T21:46:20.2903226Z   ✔ example 'research-grant-pitch' has the expected shape and validates without warnings (0.2289ms)
cli (windows-latest)	UNKNOWN STEP	2026-09-14T21:46:20.2904883Z   ✔ example 'school-safety-preparedness-brief' has the expected shape and validates without warnings (0.1428ms)
cli (windows-latest)	UNKNOWN STEP	2026-09-14T21:46:20.2906624Z   ✔ example 'special-education-services-plan' has the expected shape and validates without warnings (0.1331ms)
cli (windows-latest)	UNKNOWN STEP	2026-09-14T21:46:20.2946845Z   ✔ example 'stem-lab-funding-proposal' has the expected shape and validates without warnings (0.1299ms)
cli (windows-latest)	UNKNOWN STEP	2026-09-14T21:46:20.2949569Z   ✔ example 'student-mental-health-capacity-review' has the expected shape and validates without warnings (0.3159ms)
cli (windows-latest)	UNKNOWN STEP	2026-09-14T21:46:20.2956338Z   ✔ example 'workforce-pathway-partnership' has the expected shape and validates without warnings (0.7187ms)
cli (windows-latest)	UNKNOWN STEP	2026-09-14T21:46:20.2958724Z   ✔ example 'broadband-public-hearing-deck' has the expected shape and validates without warnings (0.5478ms)
cli (windows-latest)	UNKNOWN STEP	2026-09-14T21:46:20.2960553Z   ✔ example 'court-backlog-reduction-plan' has the expected shape and validates without warnings (0.3881ms)
cli (windows-latest)	UNKNOWN STEP	2026-09-14T21:46:20.2962627Z   ✔ example 'digital-services-modernization' has the expected shape and validates without warnings (0.2095ms)
cli (windows-latest)	UNKNOWN STEP	2026-09-14T21:46:20.2964235Z   ✔ example 'grant-equity-review' has the expected shape and validates without warnings (0.2214ms)
cli (windows-latest)	UNKNOWN STEP	2026-09-14T21:46:20.2966400Z   ✔ example 'housing-zoning-council-brief' has the expected shape and validates without warnings (0.6245ms)
cli (windows-latest)	UNKNOWN STEP	2026-09-14T21:46:20.2968164Z   ✔ example 'parks-master-plan-workshop' has the expected shape and validates without warnings (0.322ms)
cli (windows-latest)	UNKNOWN STEP	2026-09-14T21:46:20.2969914Z   ✔ example 'police-training-program-update' has the expected shape and validates without warnings (0.3167ms)
cli (windows-latest)	UNKNOWN STEP	2026-09-14T21:46:20.2971555Z   ✔ example 'recycling-participation-campaign' has the expected shape and validates without warnings (0.6022ms)
cli (windows-latest)	UNKNOWN STEP	2026-09-14T21:46:20.2973125Z   ✔ example 'regulatory-risk-brief' has the expected shape and validates without warnings (0.3889ms)
cli (windows-latest)	UNKNOWN STEP	2026-09-14T21:46:20.2980070Z   ✔ example 'tax-portal-modernization' has the expected shape and validates without warnings (0.5374ms)
cli (windows-latest)	UNKNOWN STEP	2026-09-14T21:46:20.2981805Z   ✔ example 'transit-corridor-alternatives' has the expected shape and validates without warnings (0.5184ms)
cli (windows-latest)	UNKNOWN STEP	2026-09-14T21:46:20.2985429Z   ✔ example 'vaccination-outreach-briefing' has the expected shape and validates without warnings (0.3043ms)
cli (windows-latest)	UNKNOWN STEP	2026-09-14T21:46:20.2999377Z   ✔ example 'water-utility-capital-plan' has the expected shape and validates without warnings (0.6746ms)
cli (windows-latest)	UNKNOWN STEP	2026-09-14T21:46:20.3001250Z   ✔ example 'wildfire-evacuation-preparedness' has the expected shape and validates without warnings (0.6146ms)
cli (windows-latest)	UNKNOWN STEP	2026-09-14T21:46:20.3003136Z   ✔ example 'workforce-reskilling-initiative' has the expected shape and validates without warnings (0.6955ms)
cli (windows-latest)	UNKNOWN STEP	2026-09-14T21:46:20.3004892Z   ✔ example 'airline-disruption-recovery-review' has the expected shape and validates without warnings (0.6589ms)
cli (windows-latest)	UNKNOWN STEP	2026-09-14T21:46:20.3011494Z   ✔ example 'ambulatory-access-recovery-plan' has the expected shape and validates without warnings (0.2286ms)
cli (windows-latest)	UNKNOWN STEP	2026-09-14T21:46:20.3013404Z   ✔ example 'battery-line-supplier-readiness' has the expected shape and validates without warnings (0.6101ms)
cli (windows-latest)	UNKNOWN STEP	2026-09-14T21:46:20.3016014Z   ✔ example 'boutique-hotel-revenue-recovery' has the expected shape and validates without warnings (0.6663ms)
cli (windows-latest)	UNKNOWN STEP	2026-09-14T21:46:20.3017913Z   ✔ example 'branch-modernization-investment-case' has the expected shape and validates without warnings (0.2491ms)
cli (windows-latest)	UNKNOWN STEP	2026-09-14T21:46:20.3020438Z   ✔ example 'claims-triage-operating-model' has the expected shape and validates without warnings (0.3193ms)
cli (windows-latest)	UNKNOWN STEP	2026-09-14T21:46:20.3022432Z   ✔ example 'cold-chain-waste-reduction-review' has the expected shape and validates without warnings (0.4274ms)
cli (windows-latest)	UNKNOWN STEP	2026-09-14T21:46:20.3024274Z   ✔ example 'construction-safety-stand-down' has the expected shape and validates without warnings (1.0756ms)
cli (windows-latest)	UNKNOWN STEP	2026-09-14T21:46:20.3026109Z   ✔ example 'consulting-margin-recovery-plan' has the expected shape and validates without warnings (0.4907ms)
cli (windows-latest)	UNKNOWN STEP	2026-09-14T21:46:20.3030023Z   ✔ example 'drive-thru-throughput-playbook' has the expected shape and validates without warnings (0.6387ms)
cli (windows-latest)	UNKNOWN STEP	2026-09-14T21:46:20.3204968Z   ✔ example 'fan-experience-operations-brief' has the expected shape and validates without warnings (0.3861ms)
cli (windows-latest)	UNKNOWN STEP	2026-09-14T21:46:20.3206920Z   ✔ example 'food-bank-distribution-capacity-plan' has the expected shape and validates without warnings (0.3723ms)
cli (windows-latest)	UNKNOWN STEP	2026-09-14T21:46:20.3208637Z   ✔ example 'grid-resilience-capital-plan' has the expected shape and validates without warnings (1.2865ms)
cli (windows-latest)	UNKNOWN STEP	2026-09-14T21:46:20.3212120Z   ✔ example 'managed-detection-market-update' has the expected shape and validates without warnings (0.2244ms)
cli (windows-latest)	UNKNOWN STEP	2026-09-14T21:46:20.3213963Z   ✔ example 'mixed-use-leasing-pipeline-review' has the expected shape and validates without warnings (1.2431ms)
cli (windows-latest)	UNKNOWN STEP	2026-09-14T21:46:20.3215820Z   ✔ example 'port-dwell-time-improvement-plan' has the expected shape and validates without warnings (0.568ms)
cli (windows-latest)	UNKNOWN STEP	2026-09-14T21:46:20.3217508Z   ✔ example 'retail-launch-readiness-deck' has the expected shape and validates without warnings (0.5714ms)
cli (windows-latest)	UNKNOWN STEP	2026-09-14T21:46:20.3219253Z   ✔ example 'robotics-quality-escape-briefing' has the expected shape and validates without warnings (2.0415ms)
cli (windows-latest)	UNKNOWN STEP	2026-09-14T21:46:20.3221273Z   ✔ example 'rural-broadband-expansion-proposal' has the expected shape and validates without warnings (0.5538ms)
cli (windows-latest)	UNKNOWN STEP	2026-09-14T21:46:20.3223052Z   ✔ example 'satellite-maintenance-readiness-review' has the expected shape and validates without warnings (0.3804ms)
cli (windows-latest)	UNKNOWN STEP	2026-09-14T21:46:20.3224959Z   ✔ example 'streaming-churn-winback-strategy' has the expected shape and validates without warnings (0.3375ms)
cli (windows-latest)	UNKNOWN STEP	2026-09-14T21:46:20.3226696Z   ✔ example 'tailings-monitoring-investment-brief' has the expected shape and validates without warnings (0.5572ms)
cli (windows-latest)	UNKNOWN STEP	2026-09-14T21:46:20.3228462Z   ✔ example 'trial-enrollment-rescue-plan' has the expected shape and validates without warnings (0.706ms)
cli (windows-latest)	UNKNOWN STEP	2026-09-14T21:46:20.3230164Z   ✔ example 'veterinary-staffing-stabilization' has the expected shape and validates without warnings (0.6535ms)
cli (windows-latest)	UNKNOWN STEP	2026-09-14T21:46:20.3232196Z   ✔ example 'water-stewardship-grower-brief' has the expected shape and validates without warnings (0.6164ms)
cli (windows-latest)	UNKNOWN STEP	2026-09-14T21:46:20.3234695Z   ✔ example 'arabic-digital-services-brief' has the expected shape and validates without warnings (0.3497ms)
cli (windows-latest)	UNKNOWN STEP	2026-09-14T21:46:20.3236471Z   ✔ example 'brazil-climate-adaptation-brief' has the expected shape and validates without warnings (0.6468ms)
cli (windows-latest)	UNKNOWN STEP	2026-09-14T21:46:20.3238444Z   ✔ example 'german-works-council-update' has the expected shape and validates without warnings (0.3249ms)
cli (windows-latest)	UNKNOWN STEP	2026-09-14T21:46:20.3240091Z   ✔ example 'india-rural-payments-pilot' has the expected shape and validates without warnings (0.2037ms)
cli (windows-latest)	UNKNOWN STEP	2026-09-14T21:46:20.3241657Z   ✔ example 'japan-market-entry-readout' has the expected shape and validates without warnings (0.2601ms)
cli (windows-latest)	UNKNOWN STEP	2026-09-14T21:46:20.3244483Z   ✔ example 'customer-qbr-renewal-deck' has the expected shape and validates without warnings (0.4759ms)
cli (windows-latest)	UNKNOWN STEP	2026-09-14T21:46:20.3246331Z   ✔ example 'data-incident-postmortem' has the expected shape and validates without warnings (0.303ms)
cli (windows-latest)	UNKNOWN STEP	2026-09-14T21:46:20.3248226Z   ✔ example 'developer-conference-talk' has the expected shape and validates without warnings (0.2938ms)
cli (windows-latest)	UNKNOWN STEP	2026-09-14T21:46:20.3249914Z   ✔ example 'executive-workshop-facilitation' has the expected shape and validates without warnings (0.3882ms)
cli (windows-latest)	UNKNOWN STEP	2026-09-14T21:46:20.3251925Z   ✔ example 'manager-training-deck' has the expected shape and validates without warnings (0.606ms)
cli (windows-latest)	UNKNOWN STEP	2026-09-14T21:46:20.3253439Z   ✔ example 'monthly-board-update' has the expected shape and validates without warnings (0.2204ms)
cli (windows-latest)	UNKNOWN STEP	2026-09-14T21:46:20.3255896Z   ✔ example 'policy-briefing-for-advisors' has the expected shape and validates without warnings (0.5162ms)
cli (windows-latest)	UNKNOWN STEP	2026-09-14T21:46:20.3257578Z   ✔ example 'product-launch-narrative' has the expected shape and validates without warnings (0.5174ms)
cli (windows-latest)	UNKNOWN STEP	2026-09-14T21:46:20.3259146Z   ✔ example 'research-findings-report' has the expected shape and validates without warnings (0.5327ms)
cli (windows-latest)	UNKNOWN STEP	2026-09-14T21:46:20.3260841Z   ✔ example 'seed-pitch-for-climate-risk-api' has the expected shape and validates without warnings (0.1997ms)
cli (windows-latest)	UNKNOWN STEP	2026-09-14T21:46:20.3262371Z   ✔ example 'asset-source-forms' has the expected shape and validates without warnings (0.6254ms)
cli (windows-latest)	UNKNOWN STEP	2026-09-14T21:46:20.3263860Z   ✔ example 'block-composition' has the expected shape and validates without warnings (0.3279ms)
cli (windows-latest)	UNKNOWN STEP	2026-09-14T21:46:20.3265349Z   ✔ example 'catalog-overrides' has the expected shape and validates without warnings (0.5405ms)
cli (windows-latest)	UNKNOWN STEP	2026-09-14T21:46:20.3267086Z   ✔ example 'chart-data-sources' has the expected shape and validates without warnings (0.2102ms)
cli (windows-latest)	UNKNOWN STEP	2026-09-14T21:46:20.3268549Z   ✔ example 'chart-type-sampler' has the expected shape and validates without warnings (0.4215ms)
cli (windows-latest)	UNKNOWN STEP	2026-09-14T21:46:20.3269910Z   ✔ example 'columns' has the expected shape and validates without warnings (0.4423ms)
cli (windows-latest)	UNKNOWN STEP	2026-09-14T21:46:20.3271356Z   ✔ example 'content-payload-matrix' has the expected shape and validates without warnings (0.8474ms)
cli (windows-latest)	UNKNOWN STEP	2026-09-14T21:46:20.3273268Z   ✔ example 'design-backgrounds' has the expected shape and validates without warnings (0.3854ms)
cli (windows-latest)	UNKNOWN STEP	2026-09-14T21:46:20.3274767Z   ✔ example 'dynamic-composition' has the expected shape and validates without warnings (0.648ms)
cli (windows-latest)	UNKNOWN STEP	2026-09-14T21:46:20.3276553Z   ✔ example 'full-feature-tour' has the expected shape and validates without warnings (1.172ms)
cli (windows-latest)	UNKNOWN STEP	2026-09-14T21:46:20.3278004Z   ✔ example 'grid-spans' has the expected shape and validates without warnings (0.548ms)
cli (windows-latest)	UNKNOWN STEP	2026-09-14T21:46:20.3279442Z   ✔ example 'header-footer-logo-set' has the expected shape and validates without warnings (0.3063ms)
cli (windows-latest)	UNKNOWN STEP	2026-09-14T21:46:20.3280986Z   ✔ example 'language-and-writing' has the expected shape and validates without warnings (0.1706ms)
cli (windows-latest)	UNKNOWN STEP	2026-09-14T21:46:20.3282491Z   ✔ example 'media-and-follow-up' has the expected shape and validates without warnings (0.2792ms)
cli (windows-latest)	UNKNOWN STEP	2026-09-14T21:46:20.3283949Z   ✔ example 'metadata-array-forms' has the expected shape and validates without warnings (0.1968ms)
cli (windows-latest)	UNKNOWN STEP	2026-09-14T21:46:20.3285529Z   ✔ example 'metrics-quotes-timeline' has the expected shape and validates without warnings (0.2312ms)
cli (windows-latest)	UNKNOWN STEP	2026-09-14T21:46:20.3286903Z   ✔ example 'minimal' has the expected shape and validates without warnings (0.1974ms)
cli (windows-latest)	UNKNOWN STEP	2026-09-14T21:46:20.3288257Z   ✔ example 'narrative-beats' has the expected shape and validates without warnings (0.2186ms)
cli (windows-latest)	UNKNOWN STEP	2026-09-14T21:46:20.3291389Z   ✔ example 'promoted-region-grid' has the expected shape and validates without warnings (0.5303ms)
cli (windows-latest)	UNKNOWN STEP	2026-09-14T21:46:20.3293861Z   ✔ example 'rich-text-runs' has the expected shape and validates without warnings (0.4048ms)
cli (windows-latest)	UNKNOWN STEP	2026-09-14T21:46:20.3295581Z   ✔ example 'root-content' has the expected shape and validates without warnings (0.2674ms)
cli (windows-latest)	UNKNOWN STEP	2026-09-14T21:46:20.3297034Z   ✔ example 'rows-chart' has the expected shape and validates without warnings (0.3261ms)
cli (windows-latest)	UNKNOWN STEP	2026-09-14T21:46:20.3298567Z   ✔ example 'slide-design-overrides' has the expected shape and validates without warnings (0.3772ms)
cli (windows-latest)	UNKNOWN STEP	2026-09-14T21:46:20.3300188Z   ✔ example 'slide-sections' has the expected shape and validates without warnings (0.3686ms)
cli (windows-latest)	UNKNOWN STEP	2026-09-14T21:46:20.3301670Z   ✔ example 'table-and-code' has the expected shape and validates without warnings (0.358ms)
cli (windows-latest)	UNKNOWN STEP	2026-09-14T21:46:20.3303257Z   ✔ example 'table-cell-types' has the expected shape and validates without warnings (0.3485ms)
cli (windows-latest)	UNKNOWN STEP	2026-09-14T21:46:20.3304498Z ✔ every bundled example validates cleanly (500.5623ms)
cli (windows-latest)	UNKNOWN STEP	2026-09-14T21:46:20.3305278Z ▶ galleries
cli (windows-latest)	UNKNOWN STEP	2026-09-14T21:46:20.3306054Z   ✔ gallery 'business-functions' is well-formed (0.2695ms)
cli (windows-latest)	UNKNOWN STEP	2026-09-14T21:46:20.3307033Z   ✔ gallery 'design-and-media' is well-formed (0.0935ms)
cli (windows-latest)	UNKNOWN STEP	2026-09-14T21:46:20.3307943Z   ✔ gallery 'education' is well-formed (0.0856ms)
cli (windows-latest)	UNKNOWN STEP	2026-09-14T21:46:20.3308859Z   ✔ gallery 'government' is well-formed (0.0852ms)
cli (windows-latest)	UNKNOWN STEP	2026-09-14T21:46:20.3309714Z   ✔ gallery 'industries' is well-formed (0.1656ms)
cli (windows-latest)	UNKNOWN STEP	2026-09-14T21:46:20.3310638Z   ✔ gallery 'international' is well-formed (0.0849ms)
cli (windows-latest)	UNKNOWN STEP	2026-09-14T21:46:20.3312036Z   ✔ gallery 'presentation-types' is well-formed (0.0488ms)
cli (windows-latest)	UNKNOWN STEP	2026-09-14T21:46:20.3313272Z   ✔ getExamplesByGallery matches gallery.examples length for the first gallery (0.1441ms)
cli (windows-latest)	UNKNOWN STEP	2026-09-14T21:46:20.3328742Z   ✔ getGallery resolves a known slug and returns undefined for a bogus one (0.1218ms)
cli (windows-latest)	UNKNOWN STEP	2026-09-14T21:46:20.3329848Z ✔ galleries (1.5512ms)
cli (windows-latest)	UNKNOWN STEP	2026-09-14T21:46:20.3338215Z ✔ getExample resolves a known slug (0.1727ms)
cli (windows-latest)	UNKNOWN STEP	2026-09-14T21:46:20.3339543Z ✔ getExamplesByCategory returns results for a known category (0.1244ms)
cli (windows-latest)	UNKNOWN STEP	2026-09-14T21:46:20.3340528Z ▶ bundled docs
cli (windows-latest)	UNKNOWN STEP	2026-09-14T21:46:20.3341419Z   ✔ has at least one doc (0.4669ms)
cli (windows-latest)	UNKNOWN STEP	2026-09-14T21:46:20.3342258Z   ✔ doc 'agent-skills' has required fields (0.1076ms)
cli (windows-latest)	UNKNOWN STEP	2026-09-14T21:46:20.3343294Z   ✔ doc 'catalog-schema-reference' has required fields (0.0496ms)
cli (windows-latest)	UNKNOWN STEP	2026-09-14T21:46:20.3344446Z   ✔ doc 'content-item-design-overrides' has required fields (0.0451ms)
cli (windows-latest)	UNKNOWN STEP	2026-09-14T21:46:20.3345570Z   ✔ doc 'content-payloads' has required fields (0.1144ms)
cli (windows-latest)	UNKNOWN STEP	2026-09-14T21:46:20.3346572Z   ✔ doc 'data-import' has required fields (0.1386ms)
cli (windows-latest)	UNKNOWN STEP	2026-09-14T21:46:20.3347510Z   ✔ doc 'design-resolution' has required fields (0.0745ms)
cli (windows-latest)	UNKNOWN STEP	2026-09-14T21:46:20.3348460Z   ✔ doc 'dynamic-composition' has required fields (0.0625ms)
cli (windows-latest)	UNKNOWN STEP	2026-09-14T21:46:20.3349845Z   ✔ doc 'ecosystem-development' has required fields (0.077ms)
cli (windows-latest)	UNKNOWN STEP	2026-09-14T21:46:20.3351275Z   ✔ doc 'evidence-2026-09-08-windows' has required fields (0.0917ms)
cli (windows-latest)	UNKNOWN STEP	2026-09-14T21:46:20.3353287Z   ✔ doc 'examples' has required fields (0.1328ms)
cli (windows-latest)	UNKNOWN STEP	2026-09-14T21:46:20.3354249Z   ✔ doc 'font-fidelity' has required fields (0.0853ms)
cli (windows-latest)	UNKNOWN STEP	2026-09-14T21:46:20.3355216Z   ✔ doc 'handoff-2026-09-08' has required fields (0.0847ms)
cli (windows-latest)	UNKNOWN STEP	2026-09-14T21:46:20.3356292Z   ✔ doc 'handoff-2026-09-10-wrap-up' has required fields (0.083ms)
cli (windows-latest)	UNKNOWN STEP	2026-09-14T21:46:20.3357361Z   ✔ doc 'handoff-mac-owner-2026-09-10' has required fields (0.0842ms)
cli (windows-latest)	UNKNOWN STEP	2026-09-14T21:46:20.3358540Z   ✔ doc 'handoff-windows-native-2026-09-10' has required fields (0.0803ms)
cli (windows-latest)	UNKNOWN STEP	2026-09-14T21:46:20.3359537Z   ✔ doc 'handoff' has required fields (0.0718ms)
cli (windows-latest)	UNKNOWN STEP	2026-09-14T21:46:20.3360272Z   ✔ doc 'how-opf-works' has required fields (0.0685ms)
cli (windows-latest)	UNKNOWN STEP	2026-09-14T21:46:20.3361000Z   ✔ doc 'live-editor' has required fields (0.0664ms)
cli (windows-latest)	UNKNOWN STEP	2026-09-14T21:46:20.3361746Z   ✔ doc 'llm-authoring' has required fields (0.0765ms)
cli (windows-latest)	UNKNOWN STEP	2026-09-14T21:46:20.3362623Z   ✔ doc 'native-content-release-2026-09-09' has required fields (0.0709ms)
cli (windows-latest)	UNKNOWN STEP	2026-09-14T21:46:20.3363659Z   ✔ doc 'native-feature-matrix-2026-09-09' has required fields (0.0719ms)
cli (windows-latest)	UNKNOWN STEP	2026-09-14T21:46:20.3364532Z   ✔ doc 'open-ecosystem' has required fields (0.0655ms)
cli (windows-latest)	UNKNOWN STEP	2026-09-14T21:46:20.3365314Z   ✔ doc 'pr-backlog-2026-09-09' has required fields (0.076ms)
cli (windows-latest)	UNKNOWN STEP	2026-09-14T21:46:20.3365960Z   ✔ doc 'release-process' has required fields (0.0661ms)
cli (windows-latest)	UNKNOWN STEP	2026-09-14T21:46:20.3366653Z   ✔ doc 'rich-text' has required fields (0.0795ms)
cli (windows-latest)	UNKNOWN STEP	2026-09-14T21:46:20.3367396Z   ✔ doc 'schema-reference' has required fields (0.0993ms)
cli (windows-latest)	UNKNOWN STEP	2026-09-14T21:46:20.3368201Z   ✔ doc 'security-2026-09-09' has required fields (0.3799ms)
cli (windows-latest)	UNKNOWN STEP	2026-09-14T21:46:20.3368995Z   ✔ doc 'table-text-colors' has required fields (0.1646ms)
cli (windows-latest)	UNKNOWN STEP	2026-09-14T21:46:20.3437694Z   ✔ doc slugs include 'schema-reference' and getDoc resolves known/unknown slugs (0.2316ms)
cli (windows-latest)	UNKNOWN STEP	2026-09-14T21:46:20.3439024Z ✔ bundled docs (4.6367ms)
cli (windows-latest)	UNKNOWN STEP	2026-09-14T21:46:20.3439713Z ▶ fenced JSON presentation examples embedded in docs
cli (windows-latest)	UNKNOWN STEP	2026-09-14T21:46:20.3440660Z   ✔ doc 'design-resolution' fenced JSON example #0 validates cleanly (0.4993ms)
cli (windows-latest)	UNKNOWN STEP	2026-09-14T21:46:20.3476332Z   ✔ doc 'design-resolution' fenced JSON example #1 validates cleanly (0.2595ms)
cli (windows-latest)	UNKNOWN STEP	2026-09-14T21:46:20.3477937Z   ✔ doc 'dynamic-composition' fenced JSON example #0 validates cleanly (0.2116ms)
cli (windows-latest)	UNKNOWN STEP	2026-09-14T21:46:20.3479035Z   ✔ doc 'how-opf-works' fenced JSON example #0 validates cleanly (0.1321ms)
cli (windows-latest)	UNKNOWN STEP	2026-09-14T21:46:20.3480012Z   ✔ doc 'how-opf-works' fenced JSON example #1 validates cleanly (0.2135ms)
cli (windows-latest)	UNKNOWN STEP	2026-09-14T21:46:20.3480954Z   ✔ doc 'how-opf-works' fenced JSON example #2 validates cleanly (0.1527ms)
cli (windows-latest)	UNKNOWN STEP	2026-09-14T21:46:20.3481910Z   ✔ doc 'how-opf-works' fenced JSON example #3 validates cleanly (0.4796ms)
cli (windows-latest)	UNKNOWN STEP	2026-09-14T21:46:20.3482936Z   ✔ doc 'llm-authoring' fenced JSON example #0 validates cleanly (0.2125ms)
cli (windows-latest)	UNKNOWN STEP	2026-09-14T21:46:20.3483976Z   ✔ at least 5 presentation examples are validated across docs (0.1144ms)
cli (windows-latest)	UNKNOWN STEP	2026-09-14T21:46:20.3484971Z ✔ fenced JSON presentation examples embedded in docs (2.7597ms)
cli (windows-latest)	UNKNOWN STEP	2026-09-14T21:46:20.3485614Z ▶ schema $ids
cli (windows-latest)	UNKNOWN STEP	2026-09-14T21:46:20.3486174Z   ✔ presentation schema has the canonical $id (1.2583ms)
cli (windows-latest)	UNKNOWN STEP	2026-09-14T21:46:20.3486903Z   ✔ audience schema has the canonical $id (0.339ms)
cli (windows-latest)	UNKNOWN STEP	2026-09-14T21:46:20.3488179Z   ✔ socialPlatform schema has the canonical $id (0.2423ms)
cli (windows-latest)	UNKNOWN STEP	2026-09-14T21:46:20.3488837Z ✔ schema $ids (3.8491ms)
cli (windows-latest)	UNKNOWN STEP	2026-09-14T21:46:20.3489296Z ▶ catalog export shapes
cli (windows-latest)	UNKNOWN STEP	2026-09-14T21:46:20.3489863Z   ✔ audiences catalog is non-empty (0.68ms)
cli (windows-latest)	UNKNOWN STEP	2026-09-14T21:46:20.3490475Z   ✔ tones catalog is non-empty (0.2099ms)
cli (windows-latest)	UNKNOWN STEP	2026-09-14T21:46:20.3491138Z   ✔ socialPlatforms catalog is non-empty (0.1894ms)
cli (windows-latest)	UNKNOWN STEP	2026-09-14T21:46:20.3491989Z   ✔ catalogs.audiences matches the audiences export length (0.2969ms)
cli (windows-latest)	UNKNOWN STEP	2026-09-14T21:46:20.3493065Z   ✔ catalogs.socialPlatforms matches the socialPlatforms export length (0.2625ms)
cli (windows-latest)	UNKNOWN STEP	2026-09-14T21:46:20.3494276Z   ✔ catalogs.chartTypes is non-empty (0.283ms)
cli (windows-latest)	UNKNOWN STEP	2026-09-14T21:46:20.3499236Z   ✔ chartTypes catalog keeps 'united-kingdom' and drops the removed typo id (0.3801ms)
cli (windows-latest)	UNKNOWN STEP	2026-09-14T21:46:20.3500549Z   ✔ chartTypes catalogEntries entry has the expected schemaName and files (0.2759ms)
cli (windows-latest)	UNKNOWN STEP	2026-09-14T21:46:20.3501739Z   ✔ socialPlatforms catalogEntries entry has the expected schemaName (0.204ms)
cli (windows-latest)	UNKNOWN STEP	2026-09-14T21:46:20.3502631Z   ✔ purposes catalog is non-empty (0.1899ms)
cli (windows-latest)	UNKNOWN STEP	2026-09-14T21:46:20.3503653Z   ✔ languages catalog includes English (US) and English (GB) with correct bcp47 tags (0.1849ms)
cli (windows-latest)	UNKNOWN STEP	2026-09-14T21:46:20.3504605Z ✔ catalog export shapes (4.5032ms)
cli (windows-latest)	UNKNOWN STEP	2026-09-14T21:46:20.3505143Z ▶ catalog entries validate
cli (windows-latest)	UNKNOWN STEP	2026-09-14T21:46:20.3505947Z   ✔ catalog 'audiences' has records and its first record validates (116.0533ms)
cli (windows-latest)	UNKNOWN STEP	2026-09-14T21:46:20.3507004Z   ✔ catalog 'purposes' has records and its first record validates (9.0992ms)
cli (windows-latest)	UNKNOWN STEP	2026-09-14T21:46:20.3507977Z   ✔ catalog 'tones' has records and its first record validates (6.1274ms)
cli (windows-latest)	UNKNOWN STEP	2026-09-14T21:46:20.3508954Z   ✔ catalog 'themes' has records and its first record validates (4.9853ms)
cli (windows-latest)	UNKNOWN STEP	2026-09-14T21:46:20.3509924Z   ✔ catalog 'layouts' has records and its first record validates (17.6498ms)
cli (windows-latest)	UNKNOWN STEP	2026-09-14T21:46:20.3510979Z   ✔ catalog 'chartTypes' has records and its first record validates (20.4756ms)
cli (windows-latest)	UNKNOWN STEP	2026-09-14T21:46:20.3512055Z   ✔ catalog 'narratives' has records and its first record validates (13.1018ms)
cli (windows-latest)	UNKNOWN STEP	2026-09-14T21:46:20.3513159Z   ✔ catalog 'socialPlatforms' has records and its first record validates (9.6431ms)
cli (windows-latest)	UNKNOWN STEP	2026-09-14T21:46:20.3514249Z   ✔ catalog 'languages' has records and its first record validates (5.6191ms)
cli (windows-latest)	UNKNOWN STEP	2026-09-14T21:46:20.3515632Z   ✔ catalog 'colorSchemes' has records and its first record validates (4.9101ms)
cli (windows-latest)	UNKNOWN STEP	2026-09-14T21:46:20.3516718Z   ✔ catalog 'fontSchemes' has records and its first record validates (5.9466ms)
cli (windows-latest)	UNKNOWN STEP	2026-09-14T21:46:20.3517618Z ✔ catalog entries validate (215.2276ms)
cli (windows-latest)	UNKNOWN STEP	2026-09-14T21:46:20.3518199Z ▶ catalog cross-links resolve
cli (windows-latest)	UNKNOWN STEP	2026-09-14T21:46:20.3518871Z   ✔ audiences/executives has no broken cross-links (0.6134ms)
cli (windows-latest)	UNKNOWN STEP	2026-09-14T21:46:20.3519636Z   ✔ audiences/board has no broken cross-links (0.1328ms)
cli (windows-latest)	UNKNOWN STEP	2026-09-14T21:46:20.3520444Z   ✔ audiences/engineering-team has no broken cross-links (0.0971ms)
cli (windows-latest)	UNKNOWN STEP	2026-09-14T21:46:20.3521235Z   ✔ audiences/investors has no broken cross-links (0.0933ms)
cli (windows-latest)	UNKNOWN STEP	2026-09-14T21:46:20.3522028Z   ✔ audiences/customers has no broken cross-links (0.1393ms)
cli (windows-latest)	UNKNOWN STEP	2026-09-14T21:46:20.3522821Z   ✔ audiences/sales-team has no broken cross-links (0.1205ms)
cli (windows-latest)	UNKNOWN STEP	2026-09-14T21:46:20.3523664Z   ✔ audiences/marketing-team has no broken cross-links (0.0882ms)
cli (windows-latest)	UNKNOWN STEP	2026-09-14T21:46:20.3524422Z   ✔ audiences/all-hands has no broken cross-links (0.0901ms)
cli (windows-latest)	UNKNOWN STEP	2026-09-14T21:46:20.3525149Z   ✔ audiences/candidates has no broken cross-links (0.1414ms)
cli (windows-latest)	UNKNOWN STEP	2026-09-14T21:46:20.3525928Z   ✔ audiences/regulators has no broken cross-links (0.1419ms)
cli (windows-latest)	UNKNOWN STEP	2026-09-14T21:46:20.3526684Z   ✔ purposes/inform has no broken cross-links (0.1349ms)
cli (windows-latest)	UNKNOWN STEP	2026-09-14T21:46:20.3527825Z   ✔ purposes/decide has no broken cross-links (0.1236ms)
cli (windows-latest)	UNKNOWN STEP	2026-09-14T21:46:20.3528607Z   ✔ purposes/align has no broken cross-links (0.0904ms)
cli (windows-latest)	UNKNOWN STEP	2026-09-14T21:46:20.3529388Z   ✔ purposes/persuade has no broken cross-links (0.1317ms)
cli (windows-latest)	UNKNOWN STEP	2026-09-14T21:46:20.3530511Z   ✔ purposes/educate has no broken cross-links (0.1485ms)
cli (windows-latest)	UNKNOWN STEP	2026-09-14T21:46:20.3535234Z   ✔ purposes/report has no broken cross-links (0.1106ms)
cli (windows-latest)	UNKNOWN STEP	2026-09-14T21:46:20.3536186Z   ✔ purposes/pitch has no broken cross-links (0.0826ms)
cli (windows-latest)	UNKNOWN STEP	2026-09-14T21:46:20.3537025Z   ✔ purposes/sell has no broken cross-links (0.087ms)
cli (windows-latest)	UNKNOWN STEP	2026-09-14T21:46:20.3537822Z   ✔ purposes/plan has no broken cross-links (0.0971ms)
cli (windows-latest)	UNKNOWN STEP	2026-09-14T21:46:20.3538566Z   ✔ tones/formal has no broken cross-links (0.1845ms)
cli (windows-latest)	UNKNOWN STEP	2026-09-14T21:46:20.3539299Z   ✔ tones/casual has no broken cross-links (0.1425ms)
cli (windows-latest)	UNKNOWN STEP	2026-09-14T21:46:20.3540118Z   ✔ tones/inspirational has no broken cross-links (0.1741ms)
cli (windows-latest)	UNKNOWN STEP	2026-09-14T21:46:20.3540888Z   ✔ tones/technical has no broken cross-links (0.1317ms)
cli (windows-latest)	UNKNOWN STEP	2026-09-14T21:46:20.3545047Z   ✔ tones/persuasive has no broken cross-links (0.1137ms)
cli (windows-latest)	UNKNOWN STEP	2026-09-14T21:46:20.3545934Z   ✔ tones/authoritative has no broken cross-links (0.0787ms)
cli (windows-latest)	UNKNOWN STEP	2026-09-14T21:46:20.3546824Z   ✔ tones/conversational has no broken cross-links (0.0686ms)
cli (windows-latest)	UNKNOWN STEP	2026-09-14T21:46:20.3547916Z   ✔ invalid en-UK language catalog record is rejected with a helpful message (0.3218ms)
cli (windows-latest)	UNKNOWN STEP	2026-09-14T21:46:20.3548995Z   ✔ broken cross-links in a catalog record warn, never error (0.2192ms)
cli (windows-latest)	UNKNOWN STEP	2026-09-14T21:46:20.3549808Z ✔ catalog cross-links resolve (5.3028ms)
cli (windows-latest)	UNKNOWN STEP	2026-09-14T21:46:20.3550388Z ▶ repo readme export
cli (windows-latest)	UNKNOWN STEP	2026-09-14T21:46:20.3551269Z   ✔ repoReadme ships as a non-trivial string mentioning the format name (0.3657ms)
cli (windows-latest)	UNKNOWN STEP	2026-09-14T21:46:20.3552125Z ✔ repo readme export (0.5446ms)
cli (windows-latest)	UNKNOWN STEP	2026-09-14T21:46:20.3553244Z ✔ furniture preserves inherited/local sources, whitespace and generated metadata at both floors (20.649ms)
cli (windows-latest)	UNKNOWN STEP	2026-09-14T21:46:20.3554647Z ✔ whole local overrides and explicit false preserve furniture-free body geometry (1.021ms)
cli (windows-latest)	UNKNOWN STEP	2026-09-14T21:46:20.3556270Z ✔ images and every authored/generated field coexist without deleting text (0.6517ms)
cli (windows-latest)	UNKNOWN STEP	2026-09-14T21:46:20.3557746Z ✔ missing generated values diagnose controlling paths and strict composition/pagination reject them (360.6373ms)
cli (windows-latest)	UNKNOWN STEP	2026-09-14T21:46:20.3559214Z ✔ irreducible furniture and provided ink cannot be hidden by body pagination (6.0622ms)
cli (windows-latest)	UNKNOWN STEP	2026-09-14T21:46:20.3560508Z ✔ pagination repeats furniture and retains exact body source and mappings (173.4987ms)
cli (windows-latest)	UNKNOWN STEP	2026-09-14T21:46:20.3561667Z ✔ a continuation whose wider number cannot fit fails atomically (71.1636ms)
cli (windows-latest)	UNKNOWN STEP	2026-09-14T21:46:21.7372031Z ✔ public generated payload declarations agree with closed schema fields (1942.4192ms)
cli (windows-latest)	UNKNOWN STEP	2026-09-14T21:46:23.3680160Z ✔ composition accepts complete metric geometry against its rounded cell and aliases the value fit (15.5455ms)
cli (windows-latest)	UNKNOWN STEP	2026-09-14T21:46:23.3690420Z ✔ metric scoring includes long metadata and charges each failing leaf once (14.8371ms)
cli (windows-latest)	UNKNOWN STEP	2026-09-14T21:46:23.3696099Z ✔ slide alignment overrides host alignment for complete metric parts (1.1907ms)
cli (windows-latest)	UNKNOWN STEP	2026-09-14T21:46:23.3705409Z ✔ strict ancestors reject complete metric field paths without changing source (2382.1439ms)
cli (windows-latest)	UNKNOWN STEP	2026-09-14T21:46:23.3716329Z ✔ explicit metric placement and weights remain authoritative despite overflowing metadata (169.9698ms)
cli (windows-latest)	UNKNOWN STEP	2026-09-14T21:46:23.3721961Z ✔ atomic metric pagination preserves scalar/metadata types and persists its readable floor (384.4609ms)
cli (windows-latest)	UNKNOWN STEP	2026-09-14T21:46:23.3723781Z ✔ irreducible atomic metrics reject all pagination output including empty values after earlier content (321.6541ms)
cli (windows-latest)	UNKNOWN STEP	2026-09-14T21:46:23.4168496Z ✔ metric value, unit, labels, zero delta and trend retain their own editable source paths (9.7586ms)
cli (windows-latest)	UNKNOWN STEP	2026-09-14T21:46:23.4170292Z ✔ short units stay next to the value on the same baseline; long units and values stack (87.5766ms)
cli (windows-latest)	UNKNOWN STEP	2026-09-14T21:46:23.4171955Z ✔ inline fitting tries a smaller single-line value before rejecting a compact readable metric (2.9763ms)
cli (windows-latest)	UNKNOWN STEP	2026-09-14T21:46:23.4173741Z ✔ metric alignment positions the inline pair together and records exact origins for every source line (1.7204ms)
cli (windows-latest)	UNKNOWN STEP	2026-09-14T21:46:23.4175717Z ✔ metadata borrows spare primary space before reducing type and exposes resolved style paths (1.153ms)
cli (windows-latest)	UNKNOWN STEP	2026-09-14T21:46:23.4177708Z ✔ explicit readability floors raise nominal labels and remain invariant across canvas scales (2.2404ms)
cli (windows-latest)	UNKNOWN STEP	2026-09-14T21:46:23.4180061Z ✔ irreducible metadata retains all source and strict rejection reports its actual path (6.0023ms)
cli (windows-latest)	UNKNOWN STEP	2026-09-14T21:46:23.4181610Z ✔ empty optional fields retain source without blank spacing and an empty value stays targetable (0.6994ms)
cli (windows-latest)	UNKNOWN STEP	2026-09-14T21:46:23.4183035Z ✔ metric whitespace, tabs and Unicode retain exact line and segment boundaries (5.5064ms)
cli (windows-latest)	UNKNOWN STEP	2026-09-14T21:46:23.4184529Z ✔ invalid input, failed measurement and non-finite geometry reject without plausible substitute fits (3.1335ms)
cli (windows-latest)	UNKNOWN STEP	2026-09-14T21:46:23.4194454Z ✔ difficult metrics use a bounded deterministic candidate search independent of canvas scale (639.96ms)
cli (windows-latest)	UNKNOWN STEP	2026-09-14T21:46:23.4196634Z ✔ metric outlines preserve exact tabs and whitespace while containing overhangs, tall ink and inline baselines (18.5052ms)
cli (windows-latest)	UNKNOWN STEP	2026-09-14T21:46:23.4198789Z ✔ metric outline-aware fitting retains the readability floor and rejects irreducible ink (12.6147ms)
cli (windows-latest)	UNKNOWN STEP	2026-09-14T21:46:23.4200275Z ✔ zero outline clearance is explicit and width-only providers retain prior geometry (1.3002ms)
cli (windows-latest)	UNKNOWN STEP	2026-09-14T21:46:23.4201794Z ✔ invalid metric outline providers and padding reject instead of silently accepting width-only fits (0.8346ms)
cli (windows-latest)	UNKNOWN STEP	2026-09-14T21:46:23.4203289Z ✔ plain source ranges retain whitespace, hard breaks and explicit tabs at every width (9.4081ms)
cli (windows-latest)	UNKNOWN STEP	2026-09-14T21:46:23.4204535Z ✔ nonbreaking prose tokens stay intact and overflow at the readability floor (0.628ms)
cli (windows-latest)	UNKNOWN STEP	2026-09-14T21:46:23.4205857Z ✔ accepted scalar placement unions text outlines at tab stops without shaping controls (8.902ms)
cli (windows-latest)	UNKNOWN STEP	2026-09-14T21:46:23.4213772Z ▶ layoutPreviews export
cli (windows-latest)	UNKNOWN STEP	2026-09-14T21:46:23.4214434Z   ✔ is a non-empty record of HTML strings (1.3292ms)
cli (windows-latest)	UNKNOWN STEP	2026-09-14T21:46:23.4215103Z ✔ layoutPreviews export (2.6707ms)
cli (windows-latest)	UNKNOWN STEP	2026-09-14T21:46:23.4215608Z ▶ layoutPreviewIndex export
cli (windows-latest)	UNKNOWN STEP	2026-09-14T21:46:23.4216324Z   ✔ records match Object.keys(layoutPreviews) exactly (2.8ms)
cli (windows-latest)	UNKNOWN STEP	2026-09-14T21:46:23.4217836Z   ✔ preview record 'action-plan' bytes match its source file's UTF-8 byte length (0.648ms)
cli (windows-latest)	UNKNOWN STEP	2026-09-14T21:46:23.4219038Z   ✔ preview record 'agenda' bytes match its source file's UTF-8 byte length (0.3228ms)
cli (windows-latest)	UNKNOWN STEP	2026-09-14T21:46:23.4220261Z   ✔ preview record 'appendix-index' bytes match its source file's UTF-8 byte length (0.306ms)
cli (windows-latest)	UNKNOWN STEP	2026-09-14T21:46:23.4221582Z   ✔ preview record 'architecture-stack' bytes match its source file's UTF-8 byte length (0.4843ms)
cli (windows-latest)	UNKNOWN STEP	2026-09-14T21:46:23.4222989Z   ✔ preview record 'assumptions-dependencies' bytes match its source file's UTF-8 byte length (0.3671ms)
cli (windows-latest)	UNKNOWN STEP	2026-09-14T21:46:23.4224345Z   ✔ preview record 'before-after' bytes match its source file's UTF-8 byte length (0.3449ms)
cli (windows-latest)	UNKNOWN STEP	2026-09-14T21:46:23.4225710Z   ✔ preview record 'benchmark-target-table' bytes match its source file's UTF-8 byte length (0.3548ms)
cli (windows-latest)	UNKNOWN STEP	2026-09-14T21:46:23.4227024Z   ✔ preview record 'bullet-list' bytes match its source file's UTF-8 byte length (0.4572ms)
cli (windows-latest)	UNKNOWN STEP	2026-09-14T21:46:23.4228344Z   ✔ preview record 'business-model-canvas' bytes match its source file's UTF-8 byte length (0.2971ms)
cli (windows-latest)	UNKNOWN STEP	2026-09-14T21:46:23.4229695Z   ✔ preview record 'capability-map' bytes match its source file's UTF-8 byte length (0.2299ms)
cli (windows-latest)	UNKNOWN STEP	2026-09-14T21:46:23.4231035Z   ✔ preview record 'case-study' bytes match its source file's UTF-8 byte length (0.2104ms)
cli (windows-latest)	UNKNOWN STEP	2026-09-14T21:46:23.4232364Z   ✔ preview record 'chapter-recap' bytes match its source file's UTF-8 byte length (0.2331ms)
cli (windows-latest)	UNKNOWN STEP	2026-09-14T21:46:23.4233700Z   ✔ preview record 'circular-lifecycle' bytes match its source file's UTF-8 byte length (0.2094ms)
cli (windows-latest)	UNKNOWN STEP	2026-09-14T21:46:23.4234998Z   ✔ preview record 'comparison' bytes match its source file's UTF-8 byte length (0.214ms)
cli (windows-latest)	UNKNOWN STEP	2026-09-14T21:46:23.4236439Z   ✔ preview record 'competitive-landscape' bytes match its source file's UTF-8 byte length (0.2102ms)
cli (windows-latest)	UNKNOWN STEP	2026-09-14T21:46:23.4244962Z   ✔ preview record 'customer-journey' bytes match its source file's UTF-8 byte length (0.2521ms)
cli (windows-latest)	UNKNOWN STEP	2026-09-14T21:46:23.4246919Z   ✔ preview record 'customer-logos' bytes match its source file's UTF-8 byte length (0.2035ms)
cli (windows-latest)	UNKNOWN STEP	2026-09-14T21:46:23.4248493Z   ✔ preview record 'dashboard' bytes match its source file's UTF-8 byte length (0.1938ms)
cli (windows-latest)	UNKNOWN STEP	2026-09-14T21:46:23.4249772Z   ✔ preview record 'data-visualization' bytes match its source file's UTF-8 byte length (0.2474ms)
cli (windows-latest)	UNKNOWN STEP	2026-09-14T21:46:23.4251044Z   ✔ preview record 'decision-tree' bytes match its source file's UTF-8 byte length (0.2523ms)
cli (windows-latest)	UNKNOWN STEP	2026-09-14T21:46:23.4254390Z   ✔ preview record 'detailed-data-table' bytes match its source file's UTF-8 byte length (0.1636ms)
cli (windows-latest)	UNKNOWN STEP	2026-09-14T21:46:23.4255880Z   ✔ preview record 'ecosystem-map' bytes match its source file's UTF-8 byte length (0.1927ms)
cli (windows-latest)	UNKNOWN STEP	2026-09-14T21:46:23.4258081Z   ✔ preview record 'executive-decision' bytes match its source file's UTF-8 byte length (0.1559ms)
cli (windows-latest)	UNKNOWN STEP	2026-09-14T21:46:23.4259417Z   ✔ preview record 'executive-summary' bytes match its source file's UTF-8 byte length (0.1479ms)
cli (windows-latest)	UNKNOWN STEP	2026-09-14T21:46:23.4260595Z   ✔ preview record 'faq' bytes match its source file's UTF-8 byte length (0.2494ms)
cli (windows-latest)	UNKNOWN STEP	2026-09-14T21:46:23.4261889Z   ✔ preview record 'feature-comparison-matrix' bytes match its source file's UTF-8 byte length (0.1788ms)
cli (windows-latest)	UNKNOWN STEP	2026-09-14T21:46:23.4263284Z   ✔ preview record 'forecast-scenario' bytes match its source file's UTF-8 byte length (0.2664ms)
cli (windows-latest)	UNKNOWN STEP	2026-09-14T21:46:23.4264549Z   ✔ preview record 'funnel-pyramid' bytes match its source file's UTF-8 byte length (0.1635ms)
cli (windows-latest)	UNKNOWN STEP	2026-09-14T21:46:23.4265829Z   ✔ preview record 'gantt-project-plan' bytes match its source file's UTF-8 byte length (0.1844ms)
cli (windows-latest)	UNKNOWN STEP	2026-09-14T21:46:23.4267097Z   ✔ preview record 'geographic-map' bytes match its source file's UTF-8 byte length (0.1873ms)
cli (windows-latest)	UNKNOWN STEP	2026-09-14T21:46:23.4268337Z   ✔ preview record 'heatmap-cohort' bytes match its source file's UTF-8 byte length (0.1593ms)
cli (windows-latest)	UNKNOWN STEP	2026-09-14T21:46:23.4269555Z   ✔ preview record 'hub-and-spoke' bytes match its source file's UTF-8 byte length (0.2058ms)
cli (windows-latest)	UNKNOWN STEP	2026-09-14T21:46:23.4270734Z   ✔ preview record 'icon-grid' bytes match its source file's UTF-8 byte length (0.2067ms)
cli (windows-latest)	UNKNOWN STEP	2026-09-14T21:46:23.4271918Z   ✔ preview record 'image-focus' bytes match its source file's UTF-8 byte length (0.1998ms)
cli (windows-latest)	UNKNOWN STEP	2026-09-14T21:46:23.4273148Z   ✔ preview record 'key-takeaway' bytes match its source file's UTF-8 byte length (0.2074ms)
cli (windows-latest)	UNKNOWN STEP	2026-09-14T21:46:23.4274380Z   ✔ preview record 'kpi-scorecard' bytes match its source file's UTF-8 byte length (0.3051ms)
cli (windows-latest)	UNKNOWN STEP	2026-09-14T21:46:23.4275554Z   ✔ preview record 'logic-tree' bytes match its source file's UTF-8 byte length (0.2453ms)
cli (windows-latest)	UNKNOWN STEP	2026-09-14T21:46:23.4277292Z   ✔ preview record 'market-size' bytes match its source file's UTF-8 byte length (0.2034ms)
cli (windows-latest)	UNKNOWN STEP	2026-09-14T21:46:23.4279655Z   ✔ preview record 'matrix-quadrant' bytes match its source file's UTF-8 byte length (0.22ms)
cli (windows-latest)	UNKNOWN STEP	2026-09-14T21:46:23.4336586Z   ✔ preview record 'network-dependency-map' bytes match its source file's UTF-8 byte length (0.3581ms)
cli (windows-latest)	UNKNOWN STEP	2026-09-14T21:46:23.4346762Z   ✔ preview record 'one-column-explainer' bytes match its source file's UTF-8 byte length (0.2546ms)
cli (windows-latest)	UNKNOWN STEP	2026-09-14T21:46:23.4349989Z   ✔ preview record 'org-chart' bytes match its source file's UTF-8 byte length (0.2232ms)
cli (windows-latest)	UNKNOWN STEP	2026-09-14T21:46:23.4352883Z   ✔ preview record 'persona-grid' bytes match its source file's UTF-8 byte length (0.2547ms)
cli (windows-latest)	UNKNOWN STEP	2026-09-14T21:46:23.4355750Z   ✔ preview record 'photo-grid' bytes match its source file's UTF-8 byte length (0.199ms)
cli (windows-latest)	UNKNOWN STEP	2026-09-14T21:46:23.4358387Z   ✔ preview record 'pricing-table' bytes match its source file's UTF-8 byte length (0.2342ms)
cli (windows-latest)	UNKNOWN STEP	2026-09-14T21:46:23.4360603Z   ✔ preview record 'process-flow' bytes match its source file's UTF-8 byte length (0.3358ms)
cli (windows-latest)	UNKNOWN STEP	2026-09-14T21:46:23.4362343Z   ✔ preview record 'product-feature' bytes match its source file's UTF-8 byte length (0.2663ms)
cli (windows-latest)	UNKNOWN STEP	2026-09-14T21:46:23.4364406Z   ✔ preview record 'pros-cons' bytes match its source file's UTF-8 byte length (0.2018ms)
cli (windows-latest)	UNKNOWN STEP	2026-09-14T21:46:23.4365843Z   ✔ preview record 'qa-discussion' bytes match its source file's UTF-8 byte length (0.2056ms)
cli (windows-latest)	UNKNOWN STEP	2026-09-14T21:46:23.4367633Z   ✔ preview record 'quote-highlight' bytes match its source file's UTF-8 byte length (0.188ms)
cli (windows-latest)	UNKNOWN STEP	2026-09-14T21:46:23.4369140Z   ✔ preview record 'raci-matrix' bytes match its source file's UTF-8 byte length (0.1928ms)
cli (windows-latest)	UNKNOWN STEP	2026-09-14T21:46:23.4370544Z   ✔ preview record 'risk-heatmap' bytes match its source file's UTF-8 byte length (0.1936ms)
cli (windows-latest)	UNKNOWN STEP	2026-09-14T21:46:23.4372082Z   ✔ preview record 'roadmap' bytes match its source file's UTF-8 byte length (0.2306ms)
cli (windows-latest)	UNKNOWN STEP	2026-09-14T21:46:23.4373721Z   ✔ preview record 'screenshot-walkthrough' bytes match its source file's UTF-8 byte length (0.2585ms)
cli (windows-latest)	UNKNOWN STEP	2026-09-14T21:46:23.4375278Z   ✔ preview record 'section-divider' bytes match its source file's UTF-8 byte length (0.1985ms)
cli (windows-latest)	UNKNOWN STEP	2026-09-14T21:46:23.4376888Z   ✔ preview record 'single-message-statement' bytes match its source file's UTF-8 byte length (0.1851ms)
cli (windows-latest)	UNKNOWN STEP	2026-09-14T21:46:23.4378165Z   ✔ preview record 'stats-metrics' bytes match its source file's UTF-8 byte length (0.1724ms)
cli (windows-latest)	UNKNOWN STEP	2026-09-14T21:46:23.4379966Z   ✔ preview record 'status-rag' bytes match its source file's UTF-8 byte length (1.2896ms)
cli (windows-latest)	UNKNOWN STEP	2026-09-14T21:46:23.4381430Z   ✔ preview record 'swimlane-process' bytes match its source file's UTF-8 byte length (0.2185ms)
cli (windows-latest)	UNKNOWN STEP	2026-09-14T21:46:23.4382910Z   ✔ preview record 'swot-analysis' bytes match its source file's UTF-8 byte length (0.1889ms)
cli (windows-latest)	UNKNOWN STEP	2026-09-14T21:46:23.4384290Z   ✔ preview record 'team-bio' bytes match its source file's UTF-8 byte length (0.1931ms)
cli (windows-latest)	UNKNOWN STEP	2026-09-14T21:46:23.4385745Z   ✔ preview record 'testimonial-grid' bytes match its source file's UTF-8 byte length (0.2046ms)
cli (windows-latest)	UNKNOWN STEP	2026-09-14T21:46:23.4387247Z   ✔ preview record 'thank-you-cta' bytes match its source file's UTF-8 byte length (0.1859ms)
cli (windows-latest)	UNKNOWN STEP	2026-09-14T21:46:23.4388611Z   ✔ preview record 'three-column' bytes match its source file's UTF-8 byte length (0.1841ms)
cli (windows-latest)	UNKNOWN STEP	2026-09-14T21:46:23.4389986Z   ✔ preview record 'timeline' bytes match its source file's UTF-8 byte length (0.1895ms)
cli (windows-latest)	UNKNOWN STEP	2026-09-14T21:46:23.4391364Z   ✔ preview record 'title-slide' bytes match its source file's UTF-8 byte length (0.1779ms)
cli (windows-latest)	UNKNOWN STEP	2026-09-14T21:46:23.4392841Z   ✔ preview record 'two-column' bytes match its source file's UTF-8 byte length (0.5764ms)
cli (windows-latest)	UNKNOWN STEP	2026-09-14T21:46:23.4394336Z   ✔ preview record 'venn-overlap' bytes match its source file's UTF-8 byte length (0.2448ms)
cli (windows-latest)	UNKNOWN STEP	2026-09-14T21:46:23.4395789Z   ✔ preview record 'waterfall-bridge' bytes match its source file's UTF-8 byte length (0.181ms)
cli (windows-latest)	UNKNOWN STEP	2026-09-14T21:46:23.4397302Z   ✔ preview record 'wheel-radial' bytes match its source file's UTF-8 byte length (0.2319ms)
cli (windows-latest)	UNKNOWN STEP	2026-09-14T21:46:23.4612342Z ✔ layoutPreviewIndex export (24.8743ms)
cli (windows-latest)	UNKNOWN STEP	2026-09-14T21:46:23.4771406Z ▶ getLayoutPreview
cli (windows-latest)	UNKNOWN STEP	2026-09-14T21:46:23.5098607Z   ✔ returns the HTML for a known slug (0.2221ms)
cli (windows-latest)	UNKNOWN STEP	2026-09-14T21:46:23.5204850Z   ✔ returns undefined for a bogus slug (0.1034ms)
cli (windows-latest)	UNKNOWN STEP	2026-09-14T21:46:23.5406462Z ✔ getLayoutPreview (0.503ms)
cli (windows-latest)	UNKNOWN STEP	2026-09-14T21:46:23.5771527Z ▶ hasLayoutPreview
cli (windows-latest)	UNKNOWN STEP	2026-09-14T21:46:23.5943752Z   ✔ returns true for a known slug (0.183ms)
cli (windows-latest)	UNKNOWN STEP	2026-09-14T21:46:23.6005721Z   ✔ returns false for a bogus slug (0.1073ms)
cli (windows-latest)	UNKNOWN STEP	2026-09-14T21:46:23.6071121Z ✔ hasLayoutPreview (0.4593ms)
cli (windows-latest)	UNKNOWN STEP	2026-09-14T21:46:26.6191009Z ✔ accepted quote geometry includes all parts without changing source or re-measuring for explanations (8.7787ms)
cli (windows-latest)	UNKNOWN STEP	2026-09-14T21:46:26.6197746Z ✔ automatic candidates account for footer fit and choose the arrangement that keeps it readable (16.3997ms)
cli (windows-latest)	UNKNOWN STEP	2026-09-14T21:46:26.6203428Z ✔ strict ancestors reject a quote body diagnostic below the leaf path (412.7963ms)
cli (windows-latest)	UNKNOWN STEP	2026-09-14T21:46:26.6207591Z ✔ strict path matching respects component boundaries rather than numeric prefixes (396.9215ms)
cli (windows-latest)	UNKNOWN STEP	2026-09-14T21:46:26.6213920Z ✔ pagination preserves quote body, repeated metadata, ranges and the accepted readability floor (3728.3751ms)
cli (windows-latest)	UNKNOWN STEP	2026-09-14T21:46:26.6216284Z ✔ irreducible footer overflow rejects pagination without mutating or returning partial content (39.4182ms)
cli (windows-latest)	UNKNOWN STEP	2026-09-14T21:46:26.6391665Z ✔ complete quote layout preserves source ranges, requested/resolved styles and legacy readable geometry (6.1765ms)
cli (windows-latest)	UNKNOWN STEP	2026-09-14T21:46:26.6393520Z ✔ shorthand and empty metadata preserve schema paths without an invented footer (1.0843ms)
cli (windows-latest)	UNKNOWN STEP	2026-09-14T21:46:26.6395009Z ✔ body and footer share available space before shrinking text or changing the outer arrangement (17.6219ms)
cli (windows-latest)	UNKNOWN STEP	2026-09-14T21:46:26.6396501Z ✔ long footer, body/footer collision and strict rejection remain explicit without source truncation (162.0253ms)
cli (windows-latest)	UNKNOWN STEP	2026-09-14T21:46:26.6397603Z ✔ tiny cells retain invalid available dimensions and never measure an invented fitting box (0.4156ms)
cli (windows-latest)	UNKNOWN STEP	2026-09-14T21:46:26.6399304Z ✔ explicit readability floors are respected after scaling, including above nominal footer size (0.486ms)
cli (windows-latest)	UNKNOWN STEP	2026-09-14T21:46:26.6400781Z ✔ invalid content, geometry, scales and policies fail before reporting a usable layout (0.5144ms)
cli (windows-latest)	UNKNOWN STEP	2026-09-14T21:46:26.6402109Z ✔ plain, rich, list description, marker and table glyphs honor selected floors (14.6471ms)
cli (windows-latest)	UNKNOWN STEP	2026-09-14T21:46:26.6403424Z ✔ short headings and nested content use the scaled floor with or without outlines (8.5437ms)
cli (windows-latest)	UNKNOWN STEP	2026-09-14T21:46:26.6404826Z ✔ irreducible content reports overflow and bounded fitting always evaluates the floor (54.0144ms)
cli (windows-latest)	UNKNOWN STEP	2026-09-14T21:46:26.6406269Z ✔ pagination retains source and enforces the selected floor on table cells and descriptions (410.9217ms)
cli (windows-latest)	UNKNOWN STEP	2026-09-14T21:46:26.6407670Z ✔ rich table cells and headers use canonical runs while scalar values remain valid (500.0124ms)
cli (windows-latest)	UNKNOWN STEP	2026-09-14T21:46:26.6408811Z ✔ table overflow uses run metrics and pagination preserves whole rich cells (92.0673ms)
cli (windows-latest)	UNKNOWN STEP	2026-09-14T21:46:26.6409850Z ▶ spec file manifest
cli (windows-latest)	UNKNOWN STEP	2026-09-14T21:46:26.6410595Z   ✔ spec-files subpath export matches the main index's specFileEntries (1.1904ms)
cli (windows-latest)	UNKNOWN STEP	2026-09-14T21:46:26.6411578Z   ✔ specFilePaths includes the expected canonical paths (0.3104ms)
cli (windows-latest)	UNKNOWN STEP	2026-09-14T21:46:26.6412516Z   ✔ openapi.yaml manifest entry has the expected kind, mediaType, and packagePath (0.3253ms)
cli (windows-latest)	UNKNOWN STEP	2026-09-14T21:46:26.6413326Z ✔ spec file manifest (3.7709ms)
cli (windows-latest)	UNKNOWN STEP	2026-09-14T21:46:26.6413738Z ▶ dist/spec assets
cli (windows-latest)	UNKNOWN STEP	2026-09-14T21:46:26.6414544Z   ✔ dist/spec ships openapi.yaml, the presentation schema, and the layouts catalog index (0.7139ms)
cli (windows-latest)	UNKNOWN STEP	2026-09-14T21:46:26.6415610Z   ✔ dist/spec/openapi.yaml starts with an 'openapi:' declaration (0.6601ms)
cli (windows-latest)	UNKNOWN STEP	2026-09-14T21:46:26.6416695Z   ✔ dist/spec/schemas/opf.schema.json $id matches the exported presentation schema's $id (2.3976ms)
cli (windows-latest)	UNKNOWN STEP	2026-09-14T21:46:26.6417520Z ✔ dist/spec assets (4.2201ms)
cli (windows-latest)	UNKNOWN STEP	2026-09-14T21:46:26.6419074Z ✔ styled values coexist with scalar, rich, empty and merged header cells (625.9025ms)
cli (windows-latest)	UNKNOWN STEP	2026-09-14T21:46:26.6420372Z ✔ schema rejects ambiguous values and unsupported style properties (2.6495ms)
cli (windows-latest)	UNKNOWN STEP	2026-09-14T21:46:26.6421625Z ✔ spans reject hidden content, missing covered positions, overlap and header crossing (8.0781ms)
cli (windows-latest)	UNKNOWN STEP	2026-09-14T21:46:26.6423203Z ✔ span rectangles preserve dense column indexes and editable value paths (9.2383ms)
cli (windows-latest)	UNKNOWN STEP	2026-09-14T21:46:26.6425165Z ✔ vertical alignment and padding use the full merged rectangle (1.5808ms)
cli (windows-latest)	UNKNOWN STEP	2026-09-14T21:46:26.6426691Z ✔ staggered vertical merges reserve enough space for every anchor (1.5741ms)
cli (windows-latest)	UNKNOWN STEP	2026-09-14T21:46:26.6430046Z ✔ pagination preserves vertical merge groups, rich styles, headers and source ranges (57.0622ms)
cli (windows-latest)	UNKNOWN STEP	2026-09-14T21:46:26.6431917Z ✔ overlapping merge groups are atomic, and oversized groups fail without partial output (4.6059ms)
cli (windows-latest)	UNKNOWN STEP	2026-09-14T21:46:26.6445676Z ✔ short table rows preserve baseline geometry and missing cells (6.128ms)
cli (windows-latest)	UNKNOWN STEP	2026-09-14T21:46:26.6453826Z ✔ wrapped and rich multiline rows grow into available space (15.0326ms)
cli (windows-latest)	UNKNOWN STEP	2026-09-14T21:46:26.6454990Z ✔ constrained tables consume spare row height before reporting real overflow (3.2764ms)
cli (windows-latest)	UNKNOWN STEP	2026-09-14T21:46:26.6456511Z ✔ readability settings and mixed-font metrics govern row fitting (0.8983ms)
cli (windows-latest)	UNKNOWN STEP	2026-09-14T21:46:26.6457652Z ✔ pagination retains complete multiline rows and repeated headers (635.4465ms)
cli (windows-latest)	UNKNOWN STEP	2026-09-14T21:46:26.6458796Z ✔ mixed-size table paragraphs reserve the native uniform line spacing (0.4842ms)
cli (windows-latest)	UNKNOWN STEP	2026-09-14T21:46:26.6459881Z ✔ spare height in short rows is removed before any font shrinking (0.4448ms)
cli (windows-latest)	UNKNOWN STEP	2026-09-14T21:46:26.6461279Z ✔ optional outline providers distinguish unknown measurement from no ink (2.6226ms)
cli (windows-latest)	UNKNOWN STEP	2026-09-14T21:46:26.6462649Z ✔ shared placement respects alignment and contains negative bearings and right overhangs (1.0781ms)
cli (windows-latest)	UNKNOWN STEP	2026-09-14T21:46:26.6463938Z ✔ tall outlines move following baselines as a group without intersecting (0.3183ms)
cli (windows-latest)	UNKNOWN STEP	2026-09-14T21:46:26.6466323Z ✔ missing ink preserves empty lines; irreducible width or height remains overflow (0.2786ms)
cli (windows-latest)	UNKNOWN STEP	2026-09-14T21:46:26.6467985Z ✔ malformed placements and providers reject invalid numeric claims (1.1459ms)
cli (windows-latest)	UNKNOWN STEP	2026-09-14T21:46:26.6469276Z ✔ composition preserves width-only behavior and exposes the actual outline policy (7.2022ms)
cli (windows-latest)	UNKNOWN STEP	2026-09-14T21:46:26.6470660Z ✔ outline failures participate in bounded fitting, candidate scores and strict errors (2.3219ms)
cli (windows-latest)	UNKNOWN STEP	2026-09-14T21:46:26.6472050Z ✔ presentation pagination forwards outline padding and effective title alignment (405.6966ms)
cli (windows-latest)	UNKNOWN STEP	2026-09-14T21:46:26.6473295Z ✔ invalid outline coordinates fail instead of silently claiming fit (1.5827ms)
cli (windows-latest)	UNKNOWN STEP	2026-09-14T21:46:26.6474684Z ✔ timeline parts keep exact array/object source paths, whitespace, selected floors and outlined ink (19.8063ms)
cli (windows-latest)	UNKNOWN STEP	2026-09-14T21:46:26.6476124Z ✔ timeline tries a vertical arrangement before accepting unreadable narrow labels (1.9269ms)
cli (windows-latest)	UNKNOWN STEP	2026-09-14T21:46:26.6477619Z ✔ timeline rejects irreducible fields and invalid inputs with bounded attempts and source diagnostics (17.0842ms)
cli (windows-latest)	UNKNOWN STEP	2026-09-14T21:46:26.6479285Z ✔ composition measures nested timelines and pagination preserves atomic event order and metadata (491.8699ms)
cli (windows-latest)	UNKNOWN STEP	2026-09-14T21:46:26.6480370Z ▶ basic presentation validation entry points
cli (windows-latest)	UNKNOWN STEP	2026-09-14T21:46:26.6481239Z   ✔ well-formed presentation validates via validatePresentation (338.8078ms)
cli (windows-latest)	UNKNOWN STEP	2026-09-14T21:46:26.6482341Z   ✔ well-formed presentation validates via validate(doc, 'presentation') (0.4532ms)
cli (windows-latest)	UNKNOWN STEP	2026-09-14T21:46:26.6483404Z   ✔ well-formed presentation passes assertValid without throwing (0.5665ms)
cli (windows-latest)	UNKNOWN STEP	2026-09-14T21:46:26.6484357Z ✔ basic presentation validation entry points (341.5964ms)
cli (windows-latest)	UNKNOWN STEP	2026-09-14T21:46:26.6485050Z ▶ presentation shapes that must validate
cli (windows-latest)	UNKNOWN STEP	2026-09-14T21:46:26.6485560Z   ✔ Root Payload (1.2172ms)
cli (windows-latest)	UNKNOWN STEP	2026-09-14T21:46:26.6485998Z   ✔ Array Metadata (0.4941ms)
cli (windows-latest)	UNKNOWN STEP	2026-09-14T21:46:26.6486425Z   ✔ Slide Design (3.6942ms)
cli (windows-latest)	UNKNOWN STEP	2026-09-14T21:46:26.6486887Z   ✔ Inline Language (0.5562ms)
cli (windows-latest)	UNKNOWN STEP	2026-09-14T21:46:26.6487709Z   ✔ Inline Audience Purpose Tone (1.1772ms)
cli (windows-latest)	UNKNOWN STEP	2026-09-14T21:46:26.6488241Z   ✔ Columns (6.7339ms)
cli (windows-latest)	UNKNOWN STEP	2026-09-14T21:46:26.6488615Z   ✔ Rows (2.0265ms)
cli (windows-latest)	UNKNOWN STEP	2026-09-14T21:46:26.6489060Z   ✔ Chart And Table Objects (2.7023ms)
cli (windows-latest)	UNKNOWN STEP	2026-09-14T21:46:26.6489590Z   ✔ Chart Data Source (3.5777ms)
cli (windows-latest)	UNKNOWN STEP	2026-09-14T21:46:26.6490007Z   ✔ Grid (0.606ms)
cli (windows-latest)	UNKNOWN STEP	2026-09-14T21:46:26.6490367Z   ✔ Blocks (0.7468ms)
cli (windows-latest)	UNKNOWN STEP	2026-09-14T21:46:26.6490761Z   ✔ Rich Text (0.253ms)
cli (windows-latest)	UNKNOWN STEP	2026-09-14T21:46:26.6491142Z   ✔ Bullets (1.5532ms)
cli (windows-latest)	UNKNOWN STEP	2026-09-14T21:46:26.6491598Z   ✔ Media Source String Forms (4.7094ms)
cli (windows-latest)	UNKNOWN STEP	2026-09-14T21:46:26.6492081Z   ✔ Code Block (0.2779ms)
cli (windows-latest)	UNKNOWN STEP	2026-09-14T21:46:26.6492552Z   ✔ Metric Quote Timeline (1.1397ms)
cli (windows-latest)	UNKNOWN STEP	2026-09-14T21:46:26.6493099Z   ✔ Implicit Text List Blocks (0.2597ms)
cli (windows-latest)	UNKNOWN STEP	2026-09-14T21:46:26.6493698Z   ✔ Implicit Text Bullets List Blocks (0.3087ms)
cli (windows-latest)	UNKNOWN STEP	2026-09-14T21:46:26.6494313Z   ✔ Implicit Mixed Content Blocks (0.2202ms)
cli (windows-latest)	UNKNOWN STEP	2026-09-14T21:46:26.6494963Z   ✔ Singular Audience Text (0.1771ms)
cli (windows-latest)	UNKNOWN STEP	2026-09-14T21:46:26.6495629Z ✔ presentation shapes that must validate (34.0337ms)
cli (windows-latest)	UNKNOWN STEP	2026-09-14T21:46:26.6496305Z ▶ presentation shapes that must be rejected
cli (windows-latest)	UNKNOWN STEP	2026-09-14T21:46:26.6496827Z   ✔ Overlap (1.026ms)
cli (windows-latest)	UNKNOWN STEP	2026-09-14T21:46:26.6497219Z   ✔ Bad Span (0.2072ms)
cli (windows-latest)	UNKNOWN STEP	2026-09-14T21:46:26.6498193Z   ✔ Root Title (root-level "title" field is rejected) (0.149ms)
cli (windows-latest)	UNKNOWN STEP	2026-09-14T21:46:26.6498867Z   ✔ Unknown Slide Field (0.1582ms)
cli (windows-latest)	UNKNOWN STEP	2026-09-14T21:46:26.6499388Z   ✔ Mixed Root And Regions (0.1922ms)
cli (windows-latest)	UNKNOWN STEP	2026-09-14T21:46:26.6499908Z   ✔ Missing List Items (0.2012ms)
cli (windows-latest)	UNKNOWN STEP	2026-09-14T21:46:26.6500410Z   ✔ Missing Image Source (0.1467ms)
cli (windows-latest)	UNKNOWN STEP	2026-09-14T21:46:26.6501125Z   ✔ Missing Video Source (0.1195ms)
cli (windows-latest)	UNKNOWN STEP	2026-09-14T21:46:26.6501655Z   ✔ Missing Chart Payload (0.1291ms)
cli (windows-latest)	UNKNOWN STEP	2026-09-14T21:46:26.6502133Z   ✔ Missing Chart Data (0.2013ms)
cli (windows-latest)	UNKNOWN STEP	2026-09-14T21:46:26.6502689Z   ✔ Old Chart Data Shape Rejected (0.2917ms)
cli (windows-latest)	UNKNOWN STEP	2026-09-14T21:46:26.6503270Z   ✔ Missing Table Payload (0.201ms)
cli (windows-latest)	UNKNOWN STEP	2026-09-14T21:46:26.6503819Z   ✔ Removed Loose Chart Fields (0.1884ms)
cli (windows-latest)	UNKNOWN STEP	2026-09-14T21:46:26.6504387Z   ✔ Removed Loose Table Fields (0.2092ms)
cli (windows-latest)	UNKNOWN STEP	2026-09-14T21:46:26.6504934Z   ✔ Removed Table Headers Field (0.3769ms)
cli (windows-latest)	UNKNOWN STEP	2026-09-14T21:46:26.6505526Z   ✔ Removed Chart Data Asset Field (0.1715ms)
cli (windows-latest)	UNKNOWN STEP	2026-09-14T21:46:26.6506181Z   ✔ Image Array Rejected (0.2575ms)
cli (windows-latest)	UNKNOWN STEP	2026-09-14T21:46:26.6506743Z   ✔ Video Array Rejected (0.2867ms)
cli (windows-latest)	UNKNOWN STEP	2026-09-14T21:46:26.6507278Z   ✔ Missing Asset Src (0.1507ms)
cli (windows-latest)	UNKNOWN STEP	2026-09-14T21:46:26.6508237Z   ✔ Removed Asset Type Field (0.4637ms)
cli (windows-latest)	UNKNOWN STEP	2026-09-14T21:46:26.6508819Z   ✔ Missing List Item Text (0.2636ms)
cli (windows-latest)	UNKNOWN STEP	2026-09-14T21:46:26.6509463Z   ✔ Bullet Description Rejected (0.2606ms)
cli (windows-latest)	UNKNOWN STEP	2026-09-14T21:46:26.6510109Z   ✔ Removed Runs Field (0.2642ms)
cli (windows-latest)	UNKNOWN STEP	2026-09-14T21:46:26.6510639Z   ✔ Removed Src Field (0.3473ms)
cli (windows-latest)	UNKNOWN STEP	2026-09-14T21:46:26.6511184Z   ✔ Renamed Design Overrides (0.243ms)
cli (windows-latest)	UNKNOWN STEP	2026-09-14T21:46:26.6511800Z   ✔ Removed Loose Code Language Field (0.263ms)
cli (windows-latest)	UNKNOWN STEP	2026-09-14T21:46:26.6512408Z   ✔ Missing Code Source (0.4285ms)
cli (windows-latest)	UNKNOWN STEP	2026-09-14T21:46:26.6512937Z   ✔ Missing Metric Payload (0.1863ms)
cli (windows-latest)	UNKNOWN STEP	2026-09-14T21:46:26.6513478Z   ✔ Missing Metric Value (0.1766ms)
cli (windows-latest)	UNKNOWN STEP	2026-09-14T21:46:26.6514057Z   ✔ Removed Loose Metric Fields (0.1387ms)
cli (windows-latest)	UNKNOWN STEP	2026-09-14T21:46:26.6514626Z   ✔ Missing Quote Payload (0.1188ms)
cli (windows-latest)	UNKNOWN STEP	2026-09-14T21:46:26.6515175Z   ✔ Missing Quote Text (0.2434ms)
cli (windows-latest)	UNKNOWN STEP	2026-09-14T21:46:26.6515735Z   ✔ Removed Loose Quote Fields (0.2966ms)
cli (windows-latest)	UNKNOWN STEP	2026-09-14T21:46:26.6516318Z   ✔ Missing Timeline Payload (0.1357ms)
cli (windows-latest)	UNKNOWN STEP	2026-09-14T21:46:26.6516902Z   ✔ Missing Timeline Event What (0.1579ms)
cli (windows-latest)	UNKNOWN STEP	2026-09-14T21:46:26.6517491Z   ✔ Removed Loose Events Field (0.1281ms)
cli (windows-latest)	UNKNOWN STEP	2026-09-14T21:46:26.6518057Z   ✔ Removed Placeholder Type (0.1197ms)
cli (windows-latest)	UNKNOWN STEP	2026-09-14T21:46:26.6518645Z   ✔ Removed Prompt Field (0.2455ms)
cli (windows-latest)	UNKNOWN STEP	2026-09-14T21:46:26.6519218Z   ✔ Removed Expected Type Field (0.1698ms)
cli (windows-latest)	UNKNOWN STEP	2026-09-14T21:46:26.6519747Z   ✔ Removed Group Type (0.1827ms)
cli (windows-latest)	UNKNOWN STEP	2026-09-14T21:46:26.6520268Z   ✔ Removed Children Field (0.1274ms)
cli (windows-latest)	UNKNOWN STEP	2026-09-14T21:46:26.6520799Z   ✔ Nested Blocks Field (0.2357ms)
cli (windows-latest)	UNKNOWN STEP	2026-09-14T21:46:26.6521303Z   ✔ Removed Shape Type (0.1349ms)
cli (windows-latest)	UNKNOWN STEP	2026-09-14T21:46:26.6521811Z   ✔ Removed Shape Field (0.1423ms)
cli (windows-latest)	UNKNOWN STEP	2026-09-14T21:46:26.6522384Z   ✔ Explicit Type Mixed Payload Kinds (0.1451ms)
cli (windows-latest)	UNKNOWN STEP	2026-09-14T21:46:26.6523030Z   ✔ Region Mixed Payload Kinds (0.1936ms)
cli (windows-latest)	UNKNOWN STEP	2026-09-14T21:46:26.6523616Z   ✔ Incomplete Language (0.1567ms)
cli (windows-latest)	UNKNOWN STEP	2026-09-14T21:46:26.6524130Z   ✔ Incomplete Audience (0.1971ms)
cli (windows-latest)	UNKNOWN STEP	2026-09-14T21:46:26.6524655Z   ✔ Incomplete Purpose (0.1501ms)
cli (windows-latest)	UNKNOWN STEP	2026-09-14T21:46:26.6525161Z   ✔ Incomplete Tone (0.1411ms)
cli (windows-latest)	UNKNOWN STEP	2026-09-14T21:46:26.6525655Z   ✔ Invalid UK English Tag (0.1216ms)
cli (windows-latest)	UNKNOWN STEP	2026-09-14T21:46:26.6526184Z   ✔ Fractional Duration (0.1221ms)
cli (windows-latest)	UNKNOWN STEP	2026-09-14T21:46:26.6527114Z ✔ presentation shapes that must be rejected (13.485ms)
cli (windows-latest)	UNKNOWN STEP	2026-09-14T21:46:26.6527775Z ▶ catalog-id warning behavior
cli (windows-latest)	UNKNOWN STEP	2026-09-14T21:46:26.6528980Z   ✔ unknown narrative id warns but does not invalidate (0.9179ms)
cli (windows-latest)	UNKNOWN STEP	2026-09-14T21:46:26.6529810Z   ✔ known narrative id produces no warnings (0.1161ms)
cli (windows-latest)	UNKNOWN STEP	2026-09-14T21:46:26.6530923Z   ✔ object-form narrative with unknown id is a custom inline narrative, not a broken reference (0.1944ms)
cli (windows-latest)	UNKNOWN STEP	2026-09-14T21:46:26.6532224Z   ✔ unknown design references warn at their respective paths (1.3282ms)
cli (windows-latest)	UNKNOWN STEP	2026-09-14T21:46:26.6533196Z   ✔ unknown chart type id warns at the chart type path (0.256ms)
cli (windows-latest)	UNKNOWN STEP	2026-09-14T21:46:26.6534538Z   ✔ inline catalog record legitimizes an id the bundled catalogs don't know (0.5788ms)
cli (windows-latest)	UNKNOWN STEP	2026-09-14T21:46:26.6535792Z   ✔ custom catalog source legitimizes an id the bundled catalogs don't know (0.1738ms)
cli (windows-latest)	UNKNOWN STEP	2026-09-14T21:46:26.6536720Z ✔ catalog-id warning behavior (3.8246ms)
cli (windows-latest)	UNKNOWN STEP	2026-09-14T21:46:29.8149423Z ✔ Windows package invocation preserves literal arguments and ignores the other manager (133.4468ms)
cli (windows-latest)	UNKNOWN STEP	2026-09-14T21:46:29.8151117Z ✔ local package links build through real npm and can replace existing junctions (3712.4595ms)
cli (windows-latest)	UNKNOWN STEP	2026-09-14T21:46:29.9027022Z ✔ local linking refuses a node_modules parent that resolves outside its checkout (88.0041ms)
cli (windows-latest)	UNKNOWN STEP	2026-09-14T21:46:29.9165451Z ℹ tests 507
cli (windows-latest)	UNKNOWN STEP	2026-09-14T21:46:29.9165948Z ℹ suites 20
cli (windows-latest)	UNKNOWN STEP	2026-09-14T21:46:29.9166277Z ℹ pass 507
cli (windows-latest)	UNKNOWN STEP	2026-09-14T21:46:29.9166595Z ℹ fail 0
cli (windows-latest)	UNKNOWN STEP	2026-09-14T21:46:29.9166923Z ℹ cancelled 0
cli (windows-latest)	UNKNOWN STEP	2026-09-14T21:46:29.9167278Z ℹ skipped 0
cli (windows-latest)	UNKNOWN STEP	2026-09-14T21:46:29.9167600Z ℹ todo 0
cli (windows-latest)	UNKNOWN STEP	2026-09-14T21:46:29.9167972Z ℹ duration_ms 12711.7406
cli (windows-latest)	UNKNOWN STEP	2026-09-14T21:46:32.2801108Z Composition: geometry, preservation, responsive grids, weights, regions, diagnostics and schemas passed.
cli (windows-latest)	UNKNOWN STEP	2026-09-14T21:46:33.2731516Z Nested groups: containment, source paths, region composition, inheritance, strict overflow and depth guards passed.
cli (windows-latest)	UNKNOWN STEP	2026-09-14T21:46:34.6243296Z Pagination: exact text/rich-run preservation, groups, lists, tables, regions, mappings, IDs, limits and fit passed.
cli (windows-latest)	UNKNOWN STEP	2026-09-14T21:46:35.2286976Z Data import passed 40 parsing, preservation, mapping, and error checks.
cli (windows-latest)	UNKNOWN STEP	2026-09-14T21:46:35.3330938Z Rich text passed 16 shared-layout checks.
cli (windows-latest)	UNKNOWN STEP	2026-09-14T21:46:35.8805182Z Lists passed: rich runs, descriptions, nesting, hanging indents, consistent shrink, source paths, Unicode, overflow and exact pagination.
cli (windows-latest)	UNKNOWN STEP	2026-09-14T21:46:36.0512593Z ##[group]Run node packages/javascript/test/packed-install-smoke.mjs
cli (windows-latest)	UNKNOWN STEP	2026-09-14T21:46:36.0513162Z ^[[36;1mnode packages/javascript/test/packed-install-smoke.mjs^[[0m
cli (windows-latest)	UNKNOWN STEP	2026-09-14T21:46:36.0590145Z shell: C:\Program Files\PowerShell\7\pwsh.EXE -command ". '{0}'"
cli (windows-latest)	UNKNOWN STEP	2026-09-14T21:46:36.0590524Z env:
cli (windows-latest)	UNKNOWN STEP	2026-09-14T21:46:36.0590777Z   PNPM_HOME: C:\Users\runneradmin\setup-pnpm\node_modules\.bin
cli (windows-latest)	UNKNOWN STEP	2026-09-14T21:46:36.0591097Z ##[endgroup]
cli (windows-latest)	UNKNOWN STEP	2026-09-14T21:47:59.6098792Z Packed TypeScript 5.9/7 consumers passed: 13 exports, NodeNext/Bundler, published renderer/editor/PPTX.
cli (windows-latest)	UNKNOWN STEP	2026-09-14T21:48:01.1893767Z ✔ complete quote layout preserves source ranges, requested/resolved styles and legacy readable geometry (4.6269ms)
cli (windows-latest)	UNKNOWN STEP	2026-09-14T21:48:01.1896702Z ✔ shorthand and empty metadata preserve schema paths without an invented footer (0.7075ms)
cli (windows-latest)	UNKNOWN STEP	2026-09-14T21:48:01.1898411Z ✔ body and footer share available space before shrinking text or changing the outer arrangement (11.4749ms)
cli (windows-latest)	UNKNOWN STEP	2026-09-14T21:48:01.1899668Z ✔ long footer, body/footer collision and strict rejection remain explicit without source truncation (109.8777ms)
cli (windows-latest)	UNKNOWN STEP	2026-09-14T21:48:01.1900610Z ✔ tiny cells retain invalid available dimensions and never measure an invented fitting box (0.4406ms)
cli (windows-latest)	UNKNOWN STEP	2026-09-14T21:48:01.1901540Z ✔ explicit readability floors are respected after scaling, including above nominal footer size (0.5203ms)
cli (windows-latest)	UNKNOWN STEP	2026-09-14T21:48:01.1902424Z ✔ invalid content, geometry, scales and policies fail before reporting a usable layout (0.4861ms)
cli (windows-latest)	UNKNOWN STEP	2026-09-14T21:48:01.1902922Z ℹ tests 7
cli (windows-latest)	UNKNOWN STEP	2026-09-14T21:48:01.1903122Z ℹ suites 0
cli (windows-latest)	UNKNOWN STEP	2026-09-14T21:48:01.1903329Z ℹ pass 7
cli (windows-latest)	UNKNOWN STEP	2026-09-14T21:48:01.1903520Z ℹ fail 0
cli (windows-latest)	UNKNOWN STEP	2026-09-14T21:48:01.1903715Z ℹ cancelled 0
cli (windows-latest)	UNKNOWN STEP	2026-09-14T21:48:01.1903933Z ℹ skipped 0
cli (windows-latest)	UNKNOWN STEP	2026-09-14T21:48:01.1904127Z ℹ todo 0
cli (windows-latest)	UNKNOWN STEP	2026-09-14T21:48:01.1904419Z ℹ duration_ms 244.2455
cli (windows-latest)	UNKNOWN STEP	2026-09-14T21:48:03.9771741Z ✔ accepted quote geometry includes all parts without changing source or re-measuring for explanations (7.8121ms)
cli (windows-latest)	UNKNOWN STEP	2026-09-14T21:48:03.9774082Z ✔ automatic candidates account for footer fit and choose the arrangement that keeps it readable (11.6538ms)
cli (windows-latest)	UNKNOWN STEP	2026-09-14T21:48:03.9776262Z ✔ strict ancestors reject a quote body diagnostic below the leaf path (270.2925ms)
cli (windows-latest)	UNKNOWN STEP	2026-09-14T21:48:03.9778418Z ✔ strict path matching respects component boundaries rather than numeric prefixes (248.1595ms)
cli (windows-latest)	UNKNOWN STEP	2026-09-14T21:48:03.9779718Z ✔ pagination preserves quote body, repeated metadata, ranges and the accepted readability floor (1948.4581ms)
cli (windows-latest)	UNKNOWN STEP	2026-09-14T21:48:03.9781047Z ✔ irreducible footer overflow rejects pagination without mutating or returning partial content (40.3888ms)
cli (windows-latest)	UNKNOWN STEP	2026-09-14T21:48:03.9781804Z ℹ tests 6
cli (windows-latest)	UNKNOWN STEP	2026-09-14T21:48:03.9782024Z ℹ suites 0
cli (windows-latest)	UNKNOWN STEP	2026-09-14T21:48:03.9782222Z ℹ pass 6
cli (windows-latest)	UNKNOWN STEP	2026-09-14T21:48:03.9782416Z ℹ fail 0
cli (windows-latest)	UNKNOWN STEP	2026-09-14T21:48:03.9782787Z ℹ cancelled 0
cli (windows-latest)	UNKNOWN STEP	2026-09-14T21:48:03.9783069Z ℹ skipped 0
cli (windows-latest)	UNKNOWN STEP	2026-09-14T21:48:03.9783265Z ℹ todo 0
cli (windows-latest)	UNKNOWN STEP	2026-09-14T21:48:03.9783491Z ℹ duration_ms 2726.5024
cli (windows-latest)	UNKNOWN STEP	2026-09-14T21:48:04.2920718Z ✔ complete code parts preserve exact filename, language, body, whitespace and hard line boundaries (4.9524ms)
cli (windows-latest)	UNKNOWN STEP	2026-09-14T21:48:04.2921771Z ✔ shorthand, empty source and absent metadata retain their source and generated-label distinction (0.8236ms)
cli (windows-latest)	UNKNOWN STEP	2026-09-14T21:48:04.2922738Z ✔ long language labels and filenames are measured within their cell before allocating the body (7.5982ms)
cli (windows-latest)	UNKNOWN STEP	2026-09-14T21:48:04.2923740Z ✔ wrapped whitespace and graphemes retain contiguous source offsets, including CRLF and blank final lines (0.997ms)
cli (windows-latest)	UNKNOWN STEP	2026-09-14T21:48:04.2924671Z ✔ tabs use measured space stops and never send control tabs to the font-width provider (1.4913ms)
cli (windows-latest)	UNKNOWN STEP	2026-09-14T21:48:04.2925464Z ✔ readability floors scale once and body shrinking preserves all code content (0.727ms)
cli (windows-latest)	UNKNOWN STEP	2026-09-14T21:48:04.2926365Z ✔ irreducible body and metadata failures remain explicit; strict mode does not return partial output (8.99ms)
cli (windows-latest)	UNKNOWN STEP	2026-09-14T21:48:04.2927292Z ✔ invalid inner boxes never become invented one-pixel fits; malformed options reject (0.5949ms)
cli (windows-latest)	UNKNOWN STEP	2026-09-14T21:48:04.2930897Z ✔ font trials stay bounded independently of canvas scale (13.3772ms)
cli (windows-latest)	UNKNOWN STEP	2026-09-14T21:48:04.2931550Z ℹ tests 9
cli (windows-latest)	UNKNOWN STEP	2026-09-14T21:48:04.2931787Z ℹ suites 0
cli (windows-latest)	UNKNOWN STEP	2026-09-14T21:48:04.2931997Z ℹ pass 9
cli (windows-latest)	UNKNOWN STEP	2026-09-14T21:48:04.2932204Z ℹ fail 0
cli (windows-latest)	UNKNOWN STEP	2026-09-14T21:48:04.2932439Z ℹ cancelled 0
cli (windows-latest)	UNKNOWN STEP	2026-09-14T21:48:04.2932677Z ℹ skipped 0
cli (windows-latest)	UNKNOWN STEP	2026-09-14T21:48:04.2932889Z ℹ todo 0
cli (windows-latest)	UNKNOWN STEP	2026-09-14T21:48:04.2933127Z ℹ duration_ms 249.3831
cli (windows-latest)	UNKNOWN STEP	2026-09-14T21:48:05.2759378Z ✔ accepted code uses rounded cells and preserves body compatibility without repeated explanation measurements (8.1528ms)
cli (windows-latest)	UNKNOWN STEP	2026-09-14T21:48:05.2760462Z ✔ candidate penalties include complete code metadata and charge overflowing leaves once (12.7985ms)
cli (windows-latest)	UNKNOWN STEP	2026-09-14T21:48:05.2761346Z ✔ strict ancestors reject code metadata paths and cannot be weakened by descendants (230.255ms)
cli (windows-latest)	UNKNOWN STEP	2026-09-14T21:48:05.2762224Z ✔ explicit code placement and weights remain authoritative even when metadata overflows (12.9585ms)
cli (windows-latest)	UNKNOWN STEP	2026-09-14T21:48:05.2764316Z ✔ pagination preserves exact code bytes, metadata, ranges and floors across wide and portrait slides (273.1781ms)
cli (windows-latest)	UNKNOWN STEP	2026-09-14T21:48:05.2765878Z ✔ irreducible code metadata rejects pagination even after earlier content or with an empty body (185.8174ms)
cli (windows-latest)	UNKNOWN STEP	2026-09-14T21:48:05.2766780Z ℹ tests 6
cli (windows-latest)	UNKNOWN STEP	2026-09-14T21:48:05.2767125Z ℹ suites 0
cli (windows-latest)	UNKNOWN STEP	2026-09-14T21:48:05.2767513Z ℹ pass 6
cli (windows-latest)	UNKNOWN STEP	2026-09-14T21:48:05.2767857Z ℹ fail 0
cli (windows-latest)	UNKNOWN STEP	2026-09-14T21:48:05.2768223Z ℹ cancelled 0
cli (windows-latest)	UNKNOWN STEP	2026-09-14T21:48:05.2768589Z ℹ skipped 0
cli (windows-latest)	UNKNOWN STEP	2026-09-14T21:48:05.2768924Z ℹ todo 0
cli (windows-latest)	UNKNOWN STEP	2026-09-14T21:48:05.2769331Z ℹ duration_ms 914.2049
cli (windows-latest)	UNKNOWN STEP	2026-09-14T21:48:05.2769895Z Packed install smoke passed for openpresentation-opf-0.9.0.tgz (2354361 bytes).
cli (windows-latest)	UNKNOWN STEP	2026-09-14T21:48:05.2770451Z Packed tarball entries checked: 519.
cli (windows-latest)	UNKNOWN STEP	2026-09-14T21:48:06.5151454Z ##[group]Run node scripts/test-ecosystem-links.mjs
cli (windows-latest)	UNKNOWN STEP	2026-09-14T21:48:06.5151916Z ^[[36;1mnode scripts/test-ecosystem-links.mjs^[[0m
cli (windows-latest)	UNKNOWN STEP	2026-09-14T21:48:06.5226163Z shell: C:\Program Files\PowerShell\7\pwsh.EXE -command ". '{0}'"
cli (windows-latest)	UNKNOWN STEP	2026-09-14T21:48:06.5226526Z env:
cli (windows-latest)	UNKNOWN STEP	2026-09-14T21:48:06.5226804Z   PNPM_HOME: C:\Users\runneradmin\setup-pnpm\node_modules\.bin
cli (windows-latest)	UNKNOWN STEP	2026-09-14T21:48:06.5227148Z ##[endgroup]
cli (windows-latest)	UNKNOWN STEP	2026-09-14T21:48:08.7041720Z Coordinated links passed: core, renderer and editor converter, repeat setup and packages-only isolation.
cli (windows-latest)	UNKNOWN STEP	2026-09-14T21:48:08.8744019Z ##[group]Run pnpm test:cli
cli (windows-latest)	UNKNOWN STEP	2026-09-14T21:48:08.8744373Z ^[[36;1mpnpm test:cli^[[0m
cli (windows-latest)	UNKNOWN STEP	2026-09-14T21:48:08.8820342Z shell: C:\Program Files\PowerShell\7\pwsh.EXE -command ". '{0}'"
cli (windows-latest)	UNKNOWN STEP	2026-09-14T21:48:08.8820734Z env:
cli (windows-latest)	UNKNOWN STEP	2026-09-14T21:48:08.8821315Z   PNPM_HOME: C:\Users\runneradmin\setup-pnpm\node_modules\.bin
cli (windows-latest)	UNKNOWN STEP	2026-09-14T21:48:08.8821653Z ##[endgroup]
cli (windows-latest)	UNKNOWN STEP	2026-09-14T21:48:09.5875935Z 
cli (windows-latest)	UNKNOWN STEP	2026-09-14T21:48:09.5876669Z > openpresentation-workspace@ test:cli D:\a\opf\opf
cli (windows-latest)	UNKNOWN STEP	2026-09-14T21:48:09.5877407Z > pnpm --filter @openpresentation/cli test
cli (windows-latest)	UNKNOWN STEP	2026-09-14T21:48:09.5877645Z 
cli (windows-latest)	UNKNOWN STEP	2026-09-14T21:48:10.0039888Z 
cli (windows-latest)	UNKNOWN STEP	2026-09-14T21:48:10.0040752Z > @openpresentation/cli@0.7.0 test D:\a\opf\opf\packages\cli
cli (windows-latest)	UNKNOWN STEP	2026-09-14T21:48:10.0041581Z > pnpm build && node ../../scripts/run-node-tests.mjs && node test/cli.mjs
cli (windows-latest)	UNKNOWN STEP	2026-09-14T21:48:10.0042022Z 
cli (windows-latest)	UNKNOWN STEP	2026-09-14T21:48:10.4082647Z 
cli (windows-latest)	UNKNOWN STEP	2026-09-14T21:48:10.4083527Z > @openpresentation/cli@0.7.0 build D:\a\opf\opf\packages\cli
cli (windows-latest)	UNKNOWN STEP	2026-09-14T21:48:10.4084776Z > pnpm --filter @openpresentation/opf build && tsup
cli (windows-latest)	UNKNOWN STEP	2026-09-14T21:48:10.4085204Z 
cli (windows-latest)	UNKNOWN STEP	2026-09-14T21:48:10.8307873Z 
cli (windows-latest)	UNKNOWN STEP	2026-09-14T21:48:10.8310255Z > @openpresentation/opf@0.9.0 build D:\a\opf\opf\packages\javascript
cli (windows-latest)	UNKNOWN STEP	2026-09-14T21:48:10.8311485Z > pnpm run generate && tsup && node scripts/copy-spec.mjs
cli (windows-latest)	UNKNOWN STEP	2026-09-14T21:48:10.8312051Z 
cli (windows-latest)	UNKNOWN STEP	2026-09-14T21:48:11.2349714Z 
cli (windows-latest)	UNKNOWN STEP	2026-09-14T21:48:11.2351070Z > @openpresentation/opf@0.9.0 generate D:\a\opf\opf\packages\javascript
cli (windows-latest)	UNKNOWN STEP	2026-09-14T21:48:11.2352876Z > node scripts/generate.mjs && node scripts/generate-previews.mjs && node scripts/generate-content.mjs
cli (windows-latest)	UNKNOWN STEP	2026-09-14T21:48:11.2353622Z 
cli (windows-latest)	UNKNOWN STEP	2026-09-14T21:48:11.9345469Z Generated src/generated/previews.ts (70 previews)
cli (windows-latest)	UNKNOWN STEP	2026-09-14T21:48:12.1034735Z Generated src/generated/examples.ts (126 examples, 7 galleries)
cli (windows-latest)	UNKNOWN STEP	2026-09-14T21:48:12.1184606Z Generated src/generated/docs.ts (28 docs)
cli (windows-latest)	UNKNOWN STEP	2026-09-14T21:48:12.1196216Z Generated src/generated/repo-readme.ts (11388 bytes)
cli (windows-latest)	UNKNOWN STEP	2026-09-14T21:48:12.6907292Z ^[[34mCLI^[[39m Building entry: {"data":"src/data.ts","pagination":"src/pagination.ts","composition":"src/composition.ts","index":"src/index.ts","schemas":"src/schemas.ts","catalogs":"src/catalogs.ts","validator":"src/validator.ts","types":"src/types.ts","spec-files":"src/spec-files.ts","previews":"src/previews.ts","examples":"src/examples.ts","docs":"src/docs.ts","repo-readme":"src/repo-readme.ts"}
cli (windows-latest)	UNKNOWN STEP	2026-09-14T21:48:12.6910798Z ^[[34mCLI^[[39m Using tsconfig: tsconfig.json
cli (windows-latest)	UNKNOWN STEP	2026-09-14T21:48:12.6911405Z ^[[34mCLI^[[39m tsup v8.5.1
cli (windows-latest)	UNKNOWN STEP	2026-09-14T21:48:12.6912349Z ^[[34mCLI^[[39m Using tsup config: D:\a\opf\opf\packages\javascript\tsup.config.ts
cli (windows-latest)	UNKNOWN STEP	2026-09-14T21:48:12.6965030Z ^[[34mCLI^[[39m Target: es2022
cli (windows-latest)	UNKNOWN STEP	2026-09-14T21:48:12.7646413Z ^[[34mCLI^[[39m Cleaning output folder
cli (windows-latest)	UNKNOWN STEP	2026-09-14T21:48:12.7660670Z ^[[34mESM^[[39m Build start
cli (windows-latest)	UNKNOWN STEP	2026-09-14T21:48:13.2996139Z Generated an empty chunk: "types".
cli (windows-latest)	UNKNOWN STEP	2026-09-14T21:48:14.0019364Z ^[[34mDTS^[[39m Build start
cli (windows-latest)	UNKNOWN STEP	2026-09-14T21:48:14.0114302Z ^[[32mESM^[[39m ^[[1mdist\spec-files.js     ^[[22m^[[32m85.00 B^[[39m
cli (windows-latest)	UNKNOWN STEP	2026-09-14T21:48:14.0115506Z ^[[32mESM^[[39m ^[[1mdist\previews.js       ^[[22m^[[32m130.00 B^[[39m
cli (windows-latest)	UNKNOWN STEP	2026-09-14T21:48:14.0116779Z ^[[32mESM^[[39m ^[[1mdist\repo-readme.js    ^[[22m^[[32m11.47 KB^[[39m
cli (windows-latest)	UNKNOWN STEP	2026-09-14T21:48:14.0117825Z ^[[32mESM^[[39m ^[[1mdist\data.js           ^[[22m^[[32m95.00 B^[[39m
cli (windows-latest)	UNKNOWN STEP	2026-09-14T21:48:14.0120295Z ^[[32mESM^[[39m ^[[1mdist\pagination.js     ^[[22m^[[32m215.00 B^[[39m
cli (windows-latest)	UNKNOWN STEP	2026-09-14T21:48:14.0121296Z ^[[32mESM^[[39m ^[[1mdist\composition.js    ^[[22m^[[32m437.00 B^[[39m
cli (windows-latest)	UNKNOWN STEP	2026-09-14T21:48:14.0122261Z ^[[32mESM^[[39m ^[[1mdist\index.js          ^[[22m^[[32m1.38 KB^[[39m
cli (windows-latest)	UNKNOWN STEP	2026-09-14T21:48:14.0123250Z ^[[32mESM^[[39m ^[[1mdist\chunk-OZULJBSG.js ^[[22m^[[32m117.86 KB^[[39m
cli (windows-latest)	UNKNOWN STEP	2026-09-14T21:48:14.0124494Z ^[[32mESM^[[39m ^[[1mdist\chunk-PIQXLBBJ.js ^[[22m^[[32m108.89 KB^[[39m
cli (windows-latest)	UNKNOWN STEP	2026-09-14T21:48:14.0125475Z ^[[32mESM^[[39m ^[[1mdist\chunk-SOSOBKQ2.js ^[[22m^[[32m6.52 KB^[[39m
cli (windows-latest)	UNKNOWN STEP	2026-09-14T21:48:14.0126371Z ^[[32mESM^[[39m ^[[1mdist\schemas.js        ^[[22m^[[32m202.00 B^[[39m
cli (windows-latest)	UNKNOWN STEP	2026-09-14T21:48:14.0127251Z ^[[32mESM^[[39m ^[[1mdist\catalogs.js       ^[[22m^[[32m238.00 B^[[39m
cli (windows-latest)	UNKNOWN STEP	2026-09-14T21:48:14.0134248Z ^[[32mESM^[[39m ^[[1mdist\validator.js      ^[[22m^[[32m267.00 B^[[39m
cli (windows-latest)	UNKNOWN STEP	2026-09-14T21:48:14.0135347Z ^[[32mESM^[[39m ^[[1mdist\chunk-TFZ6YIH3.js ^[[22m^[[32m14.23 KB^[[39m
cli (windows-latest)	UNKNOWN STEP	2026-09-14T21:48:14.0136236Z ^[[32mESM^[[39m ^[[1mdist\chunk-YCN5Z46O.js ^[[22m^[[32m27.16 KB^[[39m
cli (windows-latest)	UNKNOWN STEP	2026-09-14T21:48:14.0137099Z ^[[32mESM^[[39m ^[[1mdist\chunk-GQSK3T7X.js ^[[22m^[[32m219.58 KB^[[39m
cli (windows-latest)	UNKNOWN STEP	2026-09-14T21:48:14.0137942Z ^[[32mESM^[[39m ^[[1mdist\types.js          ^[[22m^[[32m1.00 B^[[39m
cli (windows-latest)	UNKNOWN STEP	2026-09-14T21:48:14.0138811Z ^[[32mESM^[[39m ^[[1mdist\chunk-JMD6N4GQ.js ^[[22m^[[32m93.98 KB^[[39m
cli (windows-latest)	UNKNOWN STEP	2026-09-14T21:48:14.0139701Z ^[[32mESM^[[39m ^[[1mdist\chunk-TWMRZ43O.js ^[[22m^[[32m499.00 KB^[[39m
cli (windows-latest)	UNKNOWN STEP	2026-09-14T21:48:14.0140571Z ^[[32mESM^[[39m ^[[1mdist\docs.js           ^[[22m^[[32m526.61 KB^[[39m
cli (windows-latest)	UNKNOWN STEP	2026-09-14T21:48:14.0141455Z ^[[32mESM^[[39m ^[[1mdist\examples.js       ^[[22m^[[32m3.48 MB^[[39m
cli (windows-latest)	UNKNOWN STEP	2026-09-14T21:48:14.0142227Z ^[[32mESM^[[39m ⚡️ Build success in 1246ms
cli (windows-latest)	UNKNOWN STEP	2026-09-14T21:48:20.6429925Z ^[[32mDTS^[[39m ⚡️ Build success in 7295ms
cli (windows-latest)	UNKNOWN STEP	2026-09-14T21:48:20.6439138Z ^[[32mDTS^[[39m ^[[1mdist\index.d.ts                 ^[[22m^[[32m3.16 KB^[[39m
cli (windows-latest)	UNKNOWN STEP	2026-09-14T21:48:20.6441213Z ^[[32mDTS^[[39m ^[[1mdist\data.d.ts                  ^[[22m^[[32m1005.00 B^[[39m
cli (windows-latest)	UNKNOWN STEP	2026-09-14T21:48:20.6442749Z ^[[32mDTS^[[39m ^[[1mdist\pagination.d.ts            ^[[22m^[[32m2.40 KB^[[39m
cli (windows-latest)	UNKNOWN STEP	2026-09-14T21:48:20.6444348Z ^[[32mDTS^[[39m ^[[1mdist\previews.d.ts              ^[[22m^[[32m1.71 KB^[[39m
cli (windows-latest)	UNKNOWN STEP	2026-09-14T21:48:20.6445348Z ^[[32mDTS^[[39m ^[[1mdist\repo-readme.d.ts           ^[[22m^[[32m139.00 B^[[39m
cli (windows-latest)	UNKNOWN STEP	2026-09-14T21:48:20.6446504Z ^[[32mDTS^[[39m ^[[1mdist\examples.d.ts              ^[[22m^[[32m2.09 KB^[[39m
cli (windows-latest)	UNKNOWN STEP	2026-09-14T21:48:20.6447439Z ^[[32mDTS^[[39m ^[[1mdist\docs.d.ts                  ^[[22m^[[32m671.00 B^[[39m
cli (windows-latest)	UNKNOWN STEP	2026-09-14T21:48:20.6448373Z ^[[32mDTS^[[39m ^[[1mdist\composition.d.ts           ^[[22m^[[32m24.91 KB^[[39m
cli (windows-latest)	UNKNOWN STEP	2026-09-14T21:48:20.6449309Z ^[[32mDTS^[[39m ^[[1mdist\validator.d.ts             ^[[22m^[[32m1.54 KB^[[39m
cli (windows-latest)	UNKNOWN STEP	2026-09-14T21:48:20.6450511Z ^[[32mDTS^[[39m ^[[1mdist\spec-files.d.ts            ^[[22m^[[32m19.57 KB^[[39m
cli (windows-latest)	UNKNOWN STEP	2026-09-14T21:48:20.6451577Z ^[[32mDTS^[[39m ^[[1mdist\schemas.d.ts               ^[[22m^[[32m314.00 B^[[39m
cli (windows-latest)	UNKNOWN STEP	2026-09-14T21:48:20.6452530Z ^[[32mDTS^[[39m ^[[1mdist\catalogs.d.ts              ^[[22m^[[32m454.00 B^[[39m
cli (windows-latest)	UNKNOWN STEP	2026-09-14T21:48:20.6453457Z ^[[32mDTS^[[39m ^[[1mdist\types.d.ts                 ^[[22m^[[32m416.00 B^[[39m
cli (windows-latest)	UNKNOWN STEP	2026-09-14T21:48:20.6454424Z ^[[32mDTS^[[39m ^[[1mdist\presentation-BMTdX6O1.d.ts ^[[22m^[[32m113.38 KB^[[39m
cli (windows-latest)	UNKNOWN STEP	2026-09-14T21:48:20.6455410Z ^[[32mDTS^[[39m ^[[1mdist\schemas--QRVBhU1.d.ts      ^[[22m^[[32m8.84 KB^[[39m
cli (windows-latest)	UNKNOWN STEP	2026-09-14T21:48:20.6456373Z ^[[32mDTS^[[39m ^[[1mdist\catalogs-BnnkUX9O.d.ts     ^[[22m^[[32m46.31 KB^[[39m
cli (windows-latest)	UNKNOWN STEP	2026-09-14T21:48:21.7878751Z ^[[34mCLI^[[39m Building entry: {"index":"src/index.ts"}
cli (windows-latest)	UNKNOWN STEP	2026-09-14T21:48:21.7883048Z ^[[34mCLI^[[39m Using tsconfig: tsconfig.json
cli (windows-latest)	UNKNOWN STEP	2026-09-14T21:48:21.7883855Z ^[[34mCLI^[[39m tsup v8.5.1
cli (windows-latest)	UNKNOWN STEP	2026-09-14T21:48:21.7884750Z ^[[34mCLI^[[39m Using tsup config: D:\a\opf\opf\packages\cli\tsup.config.ts
cli (windows-latest)	UNKNOWN STEP	2026-09-14T21:48:21.7903742Z ^[[34mCLI^[[39m Target: node24
cli (windows-latest)	UNKNOWN STEP	2026-09-14T21:48:21.7938853Z ^[[34mCLI^[[39m Cleaning output folder
cli (windows-latest)	UNKNOWN STEP	2026-09-14T21:48:21.7950647Z ^[[34mESM^[[39m Build start
cli (windows-latest)	UNKNOWN STEP	2026-09-14T21:48:21.9569641Z ^[[32mESM^[[39m ^[[1mdist\index.js     ^[[22m^[[32m1.22 MB^[[39m
cli (windows-latest)	UNKNOWN STEP	2026-09-14T21:48:21.9571114Z ^[[32mESM^[[39m ^[[1mdist\index.js.map ^[[22m^[[32m1.90 MB^[[39m
cli (windows-latest)	UNKNOWN STEP	2026-09-14T21:48:21.9572504Z ^[[32mESM^[[39m ⚡️ Build success in 162ms
cli (windows-latest)	UNKNOWN STEP	2026-09-14T21:48:23.9693732Z ▶ opf validate
cli (windows-latest)	UNKNOWN STEP	2026-09-14T21:48:23.9695277Z   ✔ validates a well-formed deck with exit code 0 and reports valid: true (464.3311ms)
cli (windows-latest)	UNKNOWN STEP	2026-09-14T21:48:23.9697770Z   ✔ rejects an invalid deck with a non-zero exit code and reports errors (426.1052ms)
cli (windows-latest)	UNKNOWN STEP	2026-09-14T21:48:23.9699359Z   ✔ reports a read/parse error and exits 2 for a nonexistent file (126.1188ms)
cli (windows-latest)	UNKNOWN STEP	2026-09-14T21:48:23.9701518Z   ✔ prints usage and exits 2 when 'validate' is called without a file argument (143.6374ms)
cli (windows-latest)	UNKNOWN STEP	2026-09-14T21:48:23.9702748Z ✔ opf validate (1161.7873ms)
cli (windows-latest)	UNKNOWN STEP	2026-09-14T21:48:23.9711848Z ▶ opf usage
cli (windows-latest)	UNKNOWN STEP	2026-09-14T21:48:23.9712918Z   ✔ prints help and exits 0 with no arguments (130.4612ms)
cli (windows-latest)	UNKNOWN STEP	2026-09-14T21:48:23.9717313Z   ✔ prints usage and exits 2 for an unknown command (139.1917ms)
cli (windows-latest)	UNKNOWN STEP	2026-09-14T21:48:23.9718787Z ✔ opf usage (270.1388ms)
cli (windows-latest)	UNKNOWN STEP	2026-09-14T21:48:23.9723273Z ▶ opf catalogs
cli (windows-latest)	UNKNOWN STEP	2026-09-14T21:48:23.9724230Z   ✔ lists every bundled catalog kind with its record count (110.4862ms)
cli (windows-latest)	UNKNOWN STEP	2026-09-14T21:48:23.9726714Z ✔ opf catalogs (110.844ms)
cli (windows-latest)	UNKNOWN STEP	2026-09-14T21:48:23.9731957Z ▶ opf schemas
cli (windows-latest)	UNKNOWN STEP	2026-09-14T21:48:23.9732838Z   ✔ lists every bundled schema name, file, and $id (111.2516ms)
cli (windows-latest)	UNKNOWN STEP	2026-09-14T21:48:23.9733854Z ✔ opf schemas (111.5433ms)
cli (windows-latest)	UNKNOWN STEP	2026-09-14T21:48:23.9884198Z ✔ managed skills install, idempotence, safe update and recoverable previous files (164.0153ms)
cli (windows-latest)	UNKNOWN STEP	2026-09-14T21:48:23.9885325Z ✔ unmanaged destinations, links and another installer lock are preserved (64.4672ms)
cli (windows-latest)	UNKNOWN STEP	2026-09-14T21:48:23.9886330Z ✔ CLI bundles all six complete skills and advertises the actual npx command (1250.8751ms)
cli (windows-latest)	UNKNOWN STEP	2026-09-14T21:48:23.9888271Z ℹ tests 11
cli (windows-latest)	UNKNOWN STEP	2026-09-14T21:48:23.9888974Z ℹ suites 4
cli (windows-latest)	UNKNOWN STEP	2026-09-14T21:48:23.9889543Z ℹ pass 11
cli (windows-latest)	UNKNOWN STEP	2026-09-14T21:48:23.9890055Z ℹ fail 0
cli (windows-latest)	UNKNOWN STEP	2026-09-14T21:48:23.9890512Z ℹ cancelled 0
cli (windows-latest)	UNKNOWN STEP	2026-09-14T21:48:23.9890954Z ℹ skipped 0
cli (windows-latest)	UNKNOWN STEP	2026-09-14T21:48:23.9891441Z ℹ todo 0
cli (windows-latest)	UNKNOWN STEP	2026-09-14T21:48:23.9891992Z ℹ duration_ms 1891.5003
cli (windows-latest)	UNKNOWN STEP	2026-09-14T21:48:40.7897607Z CLI passed 70 command checks: file preservation, patch operations, validation, pipes, schema lookup, pagination.
cli (windows-latest)	UNKNOWN STEP	2026-09-14T21:48:40.9654975Z ##[group]Run pnpm test:cli:packed
cli (windows-latest)	UNKNOWN STEP	2026-09-14T21:48:40.9655434Z ^[[36;1mpnpm test:cli:packed^[[0m
cli (windows-latest)	UNKNOWN STEP	2026-09-14T21:48:40.9732571Z shell: C:\Program Files\PowerShell\7\pwsh.EXE -command ". '{0}'"
cli (windows-latest)	UNKNOWN STEP	2026-09-14T21:48:40.9733128Z env:
cli (windows-latest)	UNKNOWN STEP	2026-09-14T21:48:40.9733599Z   PNPM_HOME: C:\Users\runneradmin\setup-pnpm\node_modules\.bin
cli (windows-latest)	UNKNOWN STEP	2026-09-14T21:48:40.9734016Z ##[endgroup]
cli (windows-latest)	UNKNOWN STEP	2026-09-14T21:48:41.6775838Z 
cli (windows-latest)	UNKNOWN STEP	2026-09-14T21:48:41.6777239Z > openpresentation-workspace@ test:cli:packed D:\a\opf\opf
cli (windows-latest)	UNKNOWN STEP	2026-09-14T21:48:41.6778270Z > pnpm --filter @openpresentation/cli test:packed
cli (windows-latest)	UNKNOWN STEP	2026-09-14T21:48:41.6778738Z 
cli (windows-latest)	UNKNOWN STEP	2026-09-14T21:48:42.0939022Z 
cli (windows-latest)	UNKNOWN STEP	2026-09-14T21:48:42.0940118Z > @openpresentation/cli@0.7.0 test:packed D:\a\opf\opf\packages\cli
cli (windows-latest)	UNKNOWN STEP	2026-09-14T21:48:42.0941022Z > node test/packed.mjs
cli (windows-latest)	UNKNOWN STEP	2026-09-14T21:48:42.0941289Z 
cli (windows-latest)	UNKNOWN STEP	2026-09-14T21:49:15.5326652Z CLI passed 70 command checks: file preservation, patch operations, validation, pipes, schema lookup, pagination.
cli (windows-latest)	UNKNOWN STEP	2026-09-14T21:49:15.5330278Z Standalone global and npx-style installation passed (local pack). Integrity: sha512-6ZlV3UCokHEM2Q0tcwe6WtsA+7qvqip/RontHwc3VeP8+EEtFdkzmLAdwZ1IuTb04+hVAU3R3lcF30iF2sljkw==. Tarball: D:\a\opf\opf\artifacts\cli\openpresentation-cli-0.7.0.tgz
cli (windows-latest)	UNKNOWN STEP	2026-09-14T21:49:15.7360245Z Post job cleanup.
cli (windows-latest)	UNKNOWN STEP	2026-09-14T21:49:15.8935541Z Cache hit occurred on the primary key node-cache-Windows-x64-pnpm-1b7795a64b3f5c9935c6c77059dc5dc948c44ab49ad3fca4f0a4e0d836589833, not saving cache.
cli (windows-latest)	UNKNOWN STEP	2026-09-14T21:49:15.9237260Z Post job cleanup.
cli (windows-latest)	UNKNOWN STEP	2026-09-14T21:49:16.1433340Z Pruning is unnecessary.
cli (windows-latest)	UNKNOWN STEP	2026-09-14T21:49:16.1775720Z Post job cleanup.
cli (windows-latest)	UNKNOWN STEP	2026-09-14T21:49:16.4057925Z [command]"C:\Program Files\Git\bin\git.exe" version
cli (windows-latest)	UNKNOWN STEP	2026-09-14T21:49:16.4387598Z git version 2.55.0.windows.5
cli (windows-latest)	UNKNOWN STEP	2026-09-14T21:49:16.4465132Z Temporarily overriding HOME='D:\a\_temp\db0499a3-4cc3-4492-9c5e-4cf933ae700f' before making global git config changes
cli (windows-latest)	UNKNOWN STEP	2026-09-14T21:49:16.4466506Z Adding repository directory to the temporary git global config as a safe directory
cli (windows-latest)	UNKNOWN STEP	2026-09-14T21:49:16.4478465Z [command]"C:\Program Files\Git\bin\git.exe" config --global --add safe.directory D:\a\opf\opf
cli (windows-latest)	UNKNOWN STEP	2026-09-14T21:49:16.4837594Z Removing SSH command configuration
cli (windows-latest)	UNKNOWN STEP	2026-09-14T21:49:16.4850145Z [command]"C:\Program Files\Git\bin\git.exe" config --local --name-only --get-regexp core\.sshCommand
cli (windows-latest)	UNKNOWN STEP	2026-09-14T21:49:16.5295803Z [command]"C:\Program Files\Git\bin\git.exe" submodule foreach --recursive "sh -c \"git config --local --name-only --get-regexp 'core\.sshCommand' && git config --local --unset-all 'core.sshCommand' || :\""
cli (windows-latest)	UNKNOWN STEP	2026-09-14T21:49:17.1638202Z Removing HTTP extra header
cli (windows-latest)	UNKNOWN STEP	2026-09-14T21:49:17.1650607Z [command]"C:\Program Files\Git\bin\git.exe" config --local --name-only --get-regexp http\.https\:\/\/github\.com\/\.extraheader
cli (windows-latest)	UNKNOWN STEP	2026-09-14T21:49:17.2008235Z [command]"C:\Program Files\Git\bin\git.exe" submodule foreach --recursive "sh -c \"git config --local --name-only --get-regexp 'http\.https\:\/\/github\.com\/\.extraheader' && git config --local --unset-all 'http.https://github.com/.extraheader' || :\""
cli (windows-latest)	UNKNOWN STEP	2026-09-14T21:49:17.8135324Z Removing includeIf entries pointing to credentials config files
cli (windows-latest)	UNKNOWN STEP	2026-09-14T21:49:17.8148178Z [command]"C:\Program Files\Git\bin\git.exe" config --local --name-only --get-regexp ^includeIf\.gitdir:
cli (windows-latest)	UNKNOWN STEP	2026-09-14T21:49:17.8497631Z [command]"C:\Program Files\Git\bin\git.exe" submodule foreach --recursive "git config --local --show-origin --name-only --get-regexp remote.origin.url"
cli (windows-latest)	UNKNOWN STEP	2026-09-14T21:49:18.4704218Z Cleaning up orphan processes
cli (macos-latest)	UNKNOWN STEP	﻿2026-09-14T21:44:59.3704110Z Current runner version: '2.337.0'
cli (macos-latest)	UNKNOWN STEP	2026-09-14T21:44:59.3723480Z ##[group]Runner Image Provisioner
cli (macos-latest)	UNKNOWN STEP	2026-09-14T21:44:59.3724200Z Hosted Compute Agent
cli (macos-latest)	UNKNOWN STEP	2026-09-14T21:44:59.3724780Z Version: 20260828.587
cli (macos-latest)	UNKNOWN STEP	2026-09-14T21:44:59.3725350Z Commit: abac92662cab4cc7352de4f9f9d2e2419aad9c29
cli (macos-latest)	UNKNOWN STEP	2026-09-14T21:44:59.3725940Z Build Date: 2026-08-28T16:44:25Z
cli (macos-latest)	UNKNOWN STEP	2026-09-14T21:44:59.3726460Z Worker ID: {73cae1fe-b241-4e96-8f51-f9526ac32453}
cli (macos-latest)	UNKNOWN STEP	2026-09-14T21:44:59.3727030Z Azure Region: westus
cli (macos-latest)	UNKNOWN STEP	2026-09-14T21:44:59.3727500Z ##[endgroup]
cli (macos-latest)	UNKNOWN STEP	2026-09-14T21:44:59.3728640Z ##[group]Operating System
cli (macos-latest)	UNKNOWN STEP	2026-09-14T21:44:59.3729150Z macOS
cli (macos-latest)	UNKNOWN STEP	2026-09-14T21:44:59.3729560Z 26.6.2
cli (macos-latest)	UNKNOWN STEP	2026-09-14T21:44:59.3730070Z 25G83
cli (macos-latest)	UNKNOWN STEP	2026-09-14T21:44:59.3730550Z ##[endgroup]
cli (macos-latest)	UNKNOWN STEP	2026-09-14T21:44:59.3730970Z ##[group]Runner Image
cli (macos-latest)	UNKNOWN STEP	2026-09-14T21:44:59.3731450Z Image: macos-26-arm64
cli (macos-latest)	UNKNOWN STEP	2026-09-14T21:44:59.3732000Z Version: 20260907.0351.1
cli (macos-latest)	UNKNOWN STEP	2026-09-14T21:44:59.3733010Z Included Software: https://github.com/actions/runner-images/blob/macos-26-arm64/20260907.0351/images/macos/macos-26-arm64-Readme.md
cli (macos-latest)	UNKNOWN STEP	2026-09-14T21:44:59.3734260Z Image Release: https://github.com/actions/runner-images/releases/tag/macos-26-arm64%2F20260907.0351
cli (macos-latest)	UNKNOWN STEP	2026-09-14T21:44:59.3735120Z ##[endgroup]
cli (macos-latest)	UNKNOWN STEP	2026-09-14T21:44:59.3736580Z ##[group]GITHUB_TOKEN Permissions
cli (macos-latest)	UNKNOWN STEP	2026-09-14T21:44:59.3737960Z Contents: read
cli (macos-latest)	UNKNOWN STEP	2026-09-14T21:44:59.3738390Z Metadata: read
cli (macos-latest)	UNKNOWN STEP	2026-09-14T21:44:59.3738810Z ##[endgroup]
cli (macos-latest)	UNKNOWN STEP	2026-09-14T21:44:59.3740620Z Secret source: Actions
cli (macos-latest)	UNKNOWN STEP	2026-09-14T21:44:59.3741330Z Cache mode: write
cli (macos-latest)	UNKNOWN STEP	2026-09-14T21:44:59.3741900Z Prepare workflow directory
cli (macos-latest)	UNKNOWN STEP	2026-09-14T21:44:59.4007340Z Prepare all required actions
cli (macos-latest)	UNKNOWN STEP	2026-09-14T21:44:59.4043110Z Getting action download info
cli (macos-latest)	UNKNOWN STEP	2026-09-14T21:44:59.6908290Z Download action repository 'actions/checkout@3d3c42e5aac5ba805825da76410c181273ba90b1' (SHA:3d3c42e5aac5ba805825da76410c181273ba90b1)
cli (macos-latest)	UNKNOWN STEP	2026-09-14T21:45:00.0171740Z Download action repository 'pnpm/action-setup@ea17c68df8912ef543352723c149a84f56e3d413' (SHA:ea17c68df8912ef543352723c149a84f56e3d413)
cli (macos-latest)	UNKNOWN STEP	2026-09-14T21:45:00.4125410Z Download action repository 'actions/setup-node@820762786026740c76f36085b0efc47a31fe5020' (SHA:820762786026740c76f36085b0efc47a31fe5020)
cli (macos-latest)	UNKNOWN STEP	2026-09-14T21:45:00.5983190Z Complete job name: cli (macos-latest)
cli (macos-latest)	UNKNOWN STEP	2026-09-14T21:45:00.6507900Z ##[group]Run actions/checkout@3d3c42e5aac5ba805825da76410c181273ba90b1
cli (macos-latest)	UNKNOWN STEP	2026-09-14T21:45:00.6508560Z with:
cli (macos-latest)	UNKNOWN STEP	2026-09-14T21:45:00.6508870Z   persist-credentials: false
cli (macos-latest)	UNKNOWN STEP	2026-09-14T21:45:00.6509240Z   repository: OpenPresentation/opf
cli (macos-latest)	UNKNOWN STEP	2026-09-14T21:45:00.6512010Z   token: ***
cli (macos-latest)	UNKNOWN STEP	2026-09-14T21:45:00.6512300Z   ssh-strict: true
cli (macos-latest)	UNKNOWN STEP	2026-09-14T21:45:00.6512600Z   ssh-user: git
cli (macos-latest)	UNKNOWN STEP	2026-09-14T21:45:00.6512900Z   clean: true
cli (macos-latest)	UNKNOWN STEP	2026-09-14T21:45:00.6513200Z   sparse-checkout-cone-mode: true
cli (macos-latest)	UNKNOWN STEP	2026-09-14T21:45:00.6513560Z   fetch-depth: 1
cli (macos-latest)	UNKNOWN STEP	2026-09-14T21:45:00.6513860Z   fetch-tags: false
cli (macos-latest)	UNKNOWN STEP	2026-09-14T21:45:00.6514160Z   show-progress: true
cli (macos-latest)	UNKNOWN STEP	2026-09-14T21:45:00.6514490Z   lfs: false
cli (macos-latest)	UNKNOWN STEP	2026-09-14T21:45:00.6514840Z   submodules: false
cli (macos-latest)	UNKNOWN STEP	2026-09-14T21:45:00.6515230Z   set-safe-directory: true
cli (macos-latest)	UNKNOWN STEP	2026-09-14T21:45:00.6515610Z   allow-unsafe-pr-checkout: false
cli (macos-latest)	UNKNOWN STEP	2026-09-14T21:45:00.6516190Z ##[endgroup]
cli (macos-latest)	UNKNOWN STEP	2026-09-14T21:45:01.0557580Z Syncing repository: OpenPresentation/opf
cli (macos-latest)	UNKNOWN STEP	2026-09-14T21:45:01.0559090Z ##[group]Getting Git version info
cli (macos-latest)	UNKNOWN STEP	2026-09-14T21:45:01.0559570Z Working directory is '/Users/runner/work/opf/opf'
cli (macos-latest)	UNKNOWN STEP	2026-09-14T21:45:01.0560270Z [command]/opt/homebrew/bin/git version
cli (macos-latest)	UNKNOWN STEP	2026-09-14T21:45:01.1045910Z git version 2.55.0
cli (macos-latest)	UNKNOWN STEP	2026-09-14T21:45:01.1060250Z ##[endgroup]
cli (macos-latest)	UNKNOWN STEP	2026-09-14T21:45:01.1069890Z Copying '/Users/runner/.gitconfig' to '/Users/runner/work/_temp/f1e43bf3-6bf8-4008-b394-bb096547d823/.gitconfig'
cli (macos-latest)	UNKNOWN STEP	2026-09-14T21:45:01.1081220Z Temporarily overriding HOME='/Users/runner/work/_temp/f1e43bf3-6bf8-4008-b394-bb096547d823' before making global git config changes
cli (macos-latest)	UNKNOWN STEP	2026-09-14T21:45:01.1082580Z Adding repository directory to the temporary git global config as a safe directory
cli (macos-latest)	UNKNOWN STEP	2026-09-14T21:45:01.1083960Z [command]/opt/homebrew/bin/git config --global --add safe.directory /Users/runner/work/opf/opf
cli (macos-latest)	UNKNOWN STEP	2026-09-14T21:45:01.1208170Z Deleting the contents of '/Users/runner/work/opf/opf'
cli (macos-latest)	UNKNOWN STEP	2026-09-14T21:45:01.1210570Z ##[group]Determining repository object format
cli (macos-latest)	UNKNOWN STEP	2026-09-14T21:45:01.1211370Z ##[endgroup]
cli (macos-latest)	UNKNOWN STEP	2026-09-14T21:45:01.1212070Z ##[group]Initializing the repository
cli (macos-latest)	UNKNOWN STEP	2026-09-14T21:45:01.1215160Z [command]/opt/homebrew/bin/git init /Users/runner/work/opf/opf
cli (macos-latest)	UNKNOWN STEP	2026-09-14T21:45:01.1413000Z hint: Using 'master' as the name for the initial branch. This default branch name
cli (macos-latest)	UNKNOWN STEP	2026-09-14T21:45:01.1414070Z hint: will change to "main" in Git 3.0. To configure the initial branch name
cli (macos-latest)	UNKNOWN STEP	2026-09-14T21:45:01.1414900Z hint: to use in all of your new repositories, which will suppress this warning,
cli (macos-latest)	UNKNOWN STEP	2026-09-14T21:45:01.1415490Z hint: call:
cli (macos-latest)	UNKNOWN STEP	2026-09-14T21:45:01.1415840Z hint:
cli (macos-latest)	UNKNOWN STEP	2026-09-14T21:45:01.1416330Z hint: 	git config --global init.defaultBranch <name>
cli (macos-latest)	UNKNOWN STEP	2026-09-14T21:45:01.1416840Z hint:
cli (macos-latest)	UNKNOWN STEP	2026-09-14T21:45:01.1417280Z hint: Names commonly chosen instead of 'master' are 'main', 'trunk' and
cli (macos-latest)	UNKNOWN STEP	2026-09-14T21:45:01.1418030Z hint: 'development'. The just-created branch can be renamed via this command:
cli (macos-latest)	UNKNOWN STEP	2026-09-14T21:45:01.1418670Z hint:
cli (macos-latest)	UNKNOWN STEP	2026-09-14T21:45:01.1419030Z hint: 	git branch -m <name>
cli (macos-latest)	UNKNOWN STEP	2026-09-14T21:45:01.1419400Z hint:
cli (macos-latest)	UNKNOWN STEP	2026-09-14T21:45:01.1419920Z hint: Disable this message with "git config set advice.defaultBranchName false"
cli (macos-latest)	UNKNOWN STEP	2026-09-14T21:45:01.1420700Z Initialized empty Git repository in /Users/runner/work/opf/opf/.git/
cli (macos-latest)	UNKNOWN STEP	2026-09-14T21:45:01.1422050Z [command]/opt/homebrew/bin/git remote add origin https://github.com/OpenPresentation/opf
cli (macos-latest)	UNKNOWN STEP	2026-09-14T21:45:01.1490660Z ##[endgroup]
cli (macos-latest)	UNKNOWN STEP	2026-09-14T21:45:01.1491300Z ##[group]Disabling automatic garbage collection
cli (macos-latest)	UNKNOWN STEP	2026-09-14T21:45:01.1493170Z [command]/opt/homebrew/bin/git config --local gc.auto 0
cli (macos-latest)	UNKNOWN STEP	2026-09-14T21:45:01.1553860Z ##[endgroup]
cli (macos-latest)	UNKNOWN STEP	2026-09-14T21:45:01.1554570Z ##[group]Setting up auth
cli (macos-latest)	UNKNOWN STEP	2026-09-14T21:45:01.1555090Z Removing SSH command configuration
cli (macos-latest)	UNKNOWN STEP	2026-09-14T21:45:01.1558120Z [command]/opt/homebrew/bin/git config --local --name-only --get-regexp core\.sshCommand
cli (macos-latest)	UNKNOWN STEP	2026-09-14T21:45:01.1622830Z [command]/opt/homebrew/bin/git submodule foreach --recursive sh -c "git config --local --name-only --get-regexp 'core\.sshCommand' && git config --local --unset-all 'core.sshCommand' || :"
cli (macos-latest)	UNKNOWN STEP	2026-09-14T21:45:01.2410490Z Removing HTTP extra header
cli (macos-latest)	UNKNOWN STEP	2026-09-14T21:45:01.2413420Z [command]/opt/homebrew/bin/git config --local --name-only --get-regexp http\.https\:\/\/github\.com\/\.extraheader
cli (macos-latest)	UNKNOWN STEP	2026-09-14T21:45:01.2470800Z [command]/opt/homebrew/bin/git submodule foreach --recursive sh -c "git config --local --name-only --get-regexp 'http\.https\:\/\/github\.com\/\.extraheader' && git config --local --unset-all 'http.https://github.com/.extraheader' || :"
cli (macos-latest)	UNKNOWN STEP	2026-09-14T21:45:01.3130680Z Removing includeIf entries pointing to credentials config files
cli (macos-latest)	UNKNOWN STEP	2026-09-14T21:45:01.3137810Z [command]/opt/homebrew/bin/git config --local --name-only --get-regexp ^includeIf\.gitdir:
cli (macos-latest)	UNKNOWN STEP	2026-09-14T21:45:01.3196860Z [command]/opt/homebrew/bin/git submodule foreach --recursive git config --local --show-origin --name-only --get-regexp remote.origin.url
cli (macos-latest)	UNKNOWN STEP	2026-09-14T21:45:01.4994850Z [command]/opt/homebrew/bin/git config --file /Users/runner/work/_temp/git-credentials-75210498-83a2-4f0b-8013-43dbc783d06b.config http.https://github.com/.extraheader AUTHORIZATION: basic ***
cli (macos-latest)	UNKNOWN STEP	2026-09-14T21:45:01.4998520Z [command]/opt/homebrew/bin/git config --local includeIf.gitdir:/Users/runner/work/opf/opf/.git.path /Users/runner/work/_temp/git-credentials-75210498-83a2-4f0b-8013-43dbc783d06b.config
cli (macos-latest)	UNKNOWN STEP	2026-09-14T21:45:01.5001630Z [command]/opt/homebrew/bin/git config --local includeIf.gitdir:/Users/runner/work/opf/opf/.git/worktrees/*.path /Users/runner/work/_temp/git-credentials-75210498-83a2-4f0b-8013-43dbc783d06b.config
cli (macos-latest)	UNKNOWN STEP	2026-09-14T21:45:01.5004430Z [command]/opt/homebrew/bin/git config --local includeIf.gitdir:/github/workspace/.git.path /github/runner_temp/git-credentials-75210498-83a2-4f0b-8013-43dbc783d06b.config
cli (macos-latest)	UNKNOWN STEP	2026-09-14T21:45:01.5007490Z [command]/opt/homebrew/bin/git config --local includeIf.gitdir:/github/workspace/.git/worktrees/*.path /github/runner_temp/git-credentials-75210498-83a2-4f0b-8013-43dbc783d06b.config
cli (macos-latest)	UNKNOWN STEP	2026-09-14T21:45:01.5010530Z ##[endgroup]
cli (macos-latest)	UNKNOWN STEP	2026-09-14T21:45:01.5011260Z ##[group]Fetching the repository
cli (macos-latest)	UNKNOWN STEP	2026-09-14T21:45:01.5064350Z [command]/opt/homebrew/bin/git -c protocol.version=2 fetch --no-tags --prune --no-recurse-submodules --depth=1 origin +72c4e6d4266e1755265cbd314a7bcc42534c3276:refs/remotes/pull/79/merge
cli (macos-latest)	UNKNOWN STEP	2026-09-14T21:45:03.9938040Z From https://github.com/OpenPresentation/opf
cli (macos-latest)	UNKNOWN STEP	2026-09-14T21:45:03.9940170Z  * [new ref]         72c4e6d4266e1755265cbd314a7bcc42534c3276 -> pull/79/merge
cli (macos-latest)	UNKNOWN STEP	2026-09-14T21:45:03.9955970Z ##[endgroup]
cli (macos-latest)	UNKNOWN STEP	2026-09-14T21:45:03.9958740Z ##[group]Determining the checkout info
cli (macos-latest)	UNKNOWN STEP	2026-09-14T21:45:03.9960460Z ##[endgroup]
cli (macos-latest)	UNKNOWN STEP	2026-09-14T21:45:03.9963470Z [command]/opt/homebrew/bin/git sparse-checkout disable
cli (macos-latest)	UNKNOWN STEP	2026-09-14T21:45:04.0168240Z [command]/opt/homebrew/bin/git config --local --unset-all extensions.worktreeConfig
cli (macos-latest)	UNKNOWN STEP	2026-09-14T21:45:04.0317010Z ##[group]Checking out the ref
cli (macos-latest)	UNKNOWN STEP	2026-09-14T21:45:04.0325990Z [command]/opt/homebrew/bin/git checkout --progress --force refs/remotes/pull/79/merge
cli (macos-latest)	UNKNOWN STEP	2026-09-14T21:45:05.1486910Z Updating files:  53% (5629/10426)
cli (macos-latest)	UNKNOWN STEP	2026-09-14T21:45:05.1709650Z Updating files:  54% (5631/10426)
cli (macos-latest)	UNKNOWN STEP	2026-09-14T21:45:05.1905020Z Updating files:  55% (5735/10426)
cli (macos-latest)	UNKNOWN STEP	2026-09-14T21:45:05.2069490Z Updating files:  56% (5839/10426)
cli (macos-latest)	UNKNOWN STEP	2026-09-14T21:45:05.2220540Z Updating files:  57% (5943/10426)
cli (macos-latest)	UNKNOWN STEP	2026-09-14T21:45:05.2351920Z Updating files:  58% (6048/10426)
cli (macos-latest)	UNKNOWN STEP	2026-09-14T21:45:05.2542900Z Updating files:  59% (6152/10426)
cli (macos-latest)	UNKNOWN STEP	2026-09-14T21:45:05.2758360Z Updating files:  60% (6256/10426)
cli (macos-latest)	UNKNOWN STEP	2026-09-14T21:45:05.2970640Z Updating files:  61% (6360/10426)
cli (macos-latest)	UNKNOWN STEP	2026-09-14T21:45:05.3159650Z Updating files:  62% (6465/10426)
cli (macos-latest)	UNKNOWN STEP	2026-09-14T21:45:05.3357590Z Updating files:  63% (6569/10426)
cli (macos-latest)	UNKNOWN STEP	2026-09-14T21:45:05.3541790Z Updating files:  64% (6673/10426)
cli (macos-latest)	UNKNOWN STEP	2026-09-14T21:45:05.3678610Z Updating files:  65% (6777/10426)
cli (macos-latest)	UNKNOWN STEP	2026-09-14T21:45:05.3787010Z Updating files:  66% (6882/10426)
cli (macos-latest)	UNKNOWN STEP	2026-09-14T21:45:05.3889550Z Updating files:  67% (6986/10426)
cli (macos-latest)	UNKNOWN STEP	2026-09-14T21:45:05.4809110Z Updating files:  68% (7090/10426)
cli (macos-latest)	UNKNOWN STEP	2026-09-14T21:45:05.5202530Z Updating files:  69% (7194/10426)
cli (macos-latest)	UNKNOWN STEP	2026-09-14T21:45:05.5587300Z Updating files:  70% (7299/10426)
cli (macos-latest)	UNKNOWN STEP	2026-09-14T21:45:05.5723010Z Updating files:  71% (7403/10426)
cli (macos-latest)	UNKNOWN STEP	2026-09-14T21:45:05.5884270Z Updating files:  72% (7507/10426)
cli (macos-latest)	UNKNOWN STEP	2026-09-14T21:45:05.6207190Z Updating files:  73% (7611/10426)
cli (macos-latest)	UNKNOWN STEP	2026-09-14T21:45:05.6405980Z Updating files:  74% (7716/10426)
cli (macos-latest)	UNKNOWN STEP	2026-09-14T21:45:05.6641440Z Updating files:  75% (7820/10426)
cli (macos-latest)	UNKNOWN STEP	2026-09-14T21:45:05.6767280Z Updating files:  76% (7924/10426)
cli (macos-latest)	UNKNOWN STEP	2026-09-14T21:45:05.7046010Z Updating files:  77% (8029/10426)
cli (macos-latest)	UNKNOWN STEP	2026-09-14T21:45:05.7134370Z Updating files:  78% (8133/10426)
cli (macos-latest)	UNKNOWN STEP	2026-09-14T21:45:05.7338760Z Updating files:  79% (8237/10426)
cli (macos-latest)	UNKNOWN STEP	2026-09-14T21:45:05.7497340Z Updating files:  80% (8341/10426)
cli (macos-latest)	UNKNOWN STEP	2026-09-14T21:45:05.7644350Z Updating files:  81% (8446/10426)
cli (macos-latest)	UNKNOWN STEP	2026-09-14T21:45:05.7763320Z Updating files:  82% (8550/10426)
cli (macos-latest)	UNKNOWN STEP	2026-09-14T21:45:05.7884860Z Updating files:  83% (8654/10426)
cli (macos-latest)	UNKNOWN STEP	2026-09-14T21:45:05.8026790Z Updating files:  84% (8758/10426)
cli (macos-latest)	UNKNOWN STEP	2026-09-14T21:45:05.8201970Z Updating files:  85% (8863/10426)
cli (macos-latest)	UNKNOWN STEP	2026-09-14T21:45:05.8554650Z Updating files:  86% (8967/10426)
cli (macos-latest)	UNKNOWN STEP	2026-09-14T21:45:05.8734290Z Updating files:  87% (9071/10426)
cli (macos-latest)	UNKNOWN STEP	2026-09-14T21:45:05.8857160Z Updating files:  88% (9175/10426)
cli (macos-latest)	UNKNOWN STEP	2026-09-14T21:45:05.9051570Z Updating files:  89% (9280/10426)
cli (macos-latest)	UNKNOWN STEP	2026-09-14T21:45:05.9326280Z Updating files:  90% (9384/10426)
cli (macos-latest)	UNKNOWN STEP	2026-09-14T21:45:05.9486270Z Updating files:  91% (9488/10426)
cli (macos-latest)	UNKNOWN STEP	2026-09-14T21:45:05.9689530Z Updating files:  92% (9592/10426)
cli (macos-latest)	UNKNOWN STEP	2026-09-14T21:45:05.9829280Z Updating files:  93% (9697/10426)
cli (macos-latest)	UNKNOWN STEP	2026-09-14T21:45:05.9987380Z Updating files:  94% (9801/10426)
cli (macos-latest)	UNKNOWN STEP	2026-09-14T21:45:06.0354590Z Updating files:  95% (9905/10426)
cli (macos-latest)	UNKNOWN STEP	2026-09-14T21:45:06.0495520Z Updating files:  96% (10009/10426)
cli (macos-latest)	UNKNOWN STEP	2026-09-14T21:45:06.0526810Z Updating files:  97% (10114/10426)
cli (macos-latest)	UNKNOWN STEP	2026-09-14T21:45:06.0652710Z Updating files:  97% (10131/10426)
cli (macos-latest)	UNKNOWN STEP	2026-09-14T21:45:06.0783660Z Updating files:  98% (10218/10426)
cli (macos-latest)	UNKNOWN STEP	2026-09-14T21:45:06.0895070Z Updating files:  99% (10322/10426)
cli (macos-latest)	UNKNOWN STEP	2026-09-14T21:45:06.0895540Z Updating files: 100% (10426/10426)
cli (macos-latest)	UNKNOWN STEP	2026-09-14T21:45:06.0900770Z Updating files: 100% (10426/10426), done.
cli (macos-latest)	UNKNOWN STEP	2026-09-14T21:45:06.1020340Z HEAD is now at 72c4e6d Merge 8411653d991be033a35327171ed97b8366554045 into a3ab4784ed22caffdad8c4e306f9a51b1e954ae9
cli (macos-latest)	UNKNOWN STEP	2026-09-14T21:45:06.1039980Z ##[endgroup]
cli (macos-latest)	UNKNOWN STEP	2026-09-14T21:45:06.1204970Z [command]/opt/homebrew/bin/git log -1 --format=%H
cli (macos-latest)	UNKNOWN STEP	2026-09-14T21:45:06.1315430Z 72c4e6d4266e1755265cbd314a7bcc42534c3276
cli (macos-latest)	UNKNOWN STEP	2026-09-14T21:45:06.1374590Z ##[group]Removing auth
cli (macos-latest)	UNKNOWN STEP	2026-09-14T21:45:06.1379670Z Removing SSH command configuration
cli (macos-latest)	UNKNOWN STEP	2026-09-14T21:45:06.1380250Z [command]/opt/homebrew/bin/git config --local --name-only --get-regexp core\.sshCommand
cli (macos-latest)	UNKNOWN STEP	2026-09-14T21:45:06.1437890Z [command]/opt/homebrew/bin/git submodule foreach --recursive sh -c "git config --local --name-only --get-regexp 'core\.sshCommand' && git config --local --unset-all 'core.sshCommand' || :"
cli (macos-latest)	UNKNOWN STEP	2026-09-14T21:45:06.2726810Z Removing HTTP extra header
cli (macos-latest)	UNKNOWN STEP	2026-09-14T21:45:06.2733890Z [command]/opt/homebrew/bin/git config --local --name-only --get-regexp http\.https\:\/\/github\.com\/\.extraheader
cli (macos-latest)	UNKNOWN STEP	2026-09-14T21:45:06.2847520Z [command]/opt/homebrew/bin/git submodule foreach --recursive sh -c "git config --local --name-only --get-regexp 'http\.https\:\/\/github\.com\/\.extraheader' && git config --local --unset-all 'http.https://github.com/.extraheader' || :"
cli (macos-latest)	UNKNOWN STEP	2026-09-14T21:45:06.4274120Z Removing includeIf entries pointing to credentials config files
cli (macos-latest)	UNKNOWN STEP	2026-09-14T21:45:06.4275500Z [command]/opt/homebrew/bin/git config --local --name-only --get-regexp ^includeIf\.gitdir:
cli (macos-latest)	UNKNOWN STEP	2026-09-14T21:45:06.4352720Z includeif.gitdir:/Users/runner/work/opf/opf/.git.path
cli (macos-latest)	UNKNOWN STEP	2026-09-14T21:45:06.4353820Z includeif.gitdir:/Users/runner/work/opf/opf/.git/worktrees/*.path
cli (macos-latest)	UNKNOWN STEP	2026-09-14T21:45:06.4354680Z includeif.gitdir:/github/workspace/.git.path
cli (macos-latest)	UNKNOWN STEP	2026-09-14T21:45:06.4355450Z includeif.gitdir:/github/workspace/.git/worktrees/*.path
cli (macos-latest)	UNKNOWN STEP	2026-09-14T21:45:06.4366060Z [command]/opt/homebrew/bin/git config --local --get-all includeif.gitdir:/Users/runner/work/opf/opf/.git.path
cli (macos-latest)	UNKNOWN STEP	2026-09-14T21:45:06.4428680Z /Users/runner/work/_temp/git-credentials-75210498-83a2-4f0b-8013-43dbc783d06b.config
cli (macos-latest)	UNKNOWN STEP	2026-09-14T21:45:06.4439230Z [command]/opt/homebrew/bin/git config --local --unset includeif.gitdir:/Users/runner/work/opf/opf/.git.path \/Users\/runner\/work\/_temp\/git\-credentials\-75210498\-83a2\-4f0b\-8013\-43dbc783d06b\.config
cli (macos-latest)	UNKNOWN STEP	2026-09-14T21:45:06.4497800Z [command]/opt/homebrew/bin/git config --local --get-all includeif.gitdir:/Users/runner/work/opf/opf/.git/worktrees/*.path
cli (macos-latest)	UNKNOWN STEP	2026-09-14T21:45:06.4551080Z /Users/runner/work/_temp/git-credentials-75210498-83a2-4f0b-8013-43dbc783d06b.config
cli (macos-latest)	UNKNOWN STEP	2026-09-14T21:45:06.4558180Z [command]/opt/homebrew/bin/git config --local --unset includeif.gitdir:/Users/runner/work/opf/opf/.git/worktrees/*.path \/Users\/runner\/work\/_temp\/git\-credentials\-75210498\-83a2\-4f0b\-8013\-43dbc783d06b\.config
cli (macos-latest)	UNKNOWN STEP	2026-09-14T21:45:06.4627110Z [command]/opt/homebrew/bin/git config --local --get-all includeif.gitdir:/github/workspace/.git.path
cli (macos-latest)	UNKNOWN STEP	2026-09-14T21:45:06.4679990Z /github/runner_temp/git-credentials-75210498-83a2-4f0b-8013-43dbc783d06b.config
cli (macos-latest)	UNKNOWN STEP	2026-09-14T21:45:06.4685710Z [command]/opt/homebrew/bin/git config --local --unset includeif.gitdir:/github/workspace/.git.path \/github\/runner_temp\/git\-credentials\-75210498\-83a2\-4f0b\-8013\-43dbc783d06b\.config
cli (macos-latest)	UNKNOWN STEP	2026-09-14T21:45:06.4750710Z [command]/opt/homebrew/bin/git config --local --get-all includeif.gitdir:/github/workspace/.git/worktrees/*.path
cli (macos-latest)	UNKNOWN STEP	2026-09-14T21:45:06.4803070Z /github/runner_temp/git-credentials-75210498-83a2-4f0b-8013-43dbc783d06b.config
cli (macos-latest)	UNKNOWN STEP	2026-09-14T21:45:06.4808040Z [command]/opt/homebrew/bin/git config --local --unset includeif.gitdir:/github/workspace/.git/worktrees/*.path \/github\/runner_temp\/git\-credentials\-75210498\-83a2\-4f0b\-8013\-43dbc783d06b\.config
cli (macos-latest)	UNKNOWN STEP	2026-09-14T21:45:06.4858550Z [command]/opt/homebrew/bin/git submodule foreach --recursive git config --local --show-origin --name-only --get-regexp remote.origin.url
cli (macos-latest)	UNKNOWN STEP	2026-09-14T21:45:06.5521610Z Removing credentials config '/Users/runner/work/_temp/git-credentials-75210498-83a2-4f0b-8013-43dbc783d06b.config'
cli (macos-latest)	UNKNOWN STEP	2026-09-14T21:45:06.5528590Z ##[endgroup]
cli (macos-latest)	UNKNOWN STEP	2026-09-14T21:45:06.5737910Z ##[group]Run pnpm/action-setup@ea17c68df8912ef543352723c149a84f56e3d413
cli (macos-latest)	UNKNOWN STEP	2026-09-14T21:45:06.5738210Z with:
cli (macos-latest)	UNKNOWN STEP	2026-09-14T21:45:06.5738340Z   dest: ~/setup-pnpm
cli (macos-latest)	UNKNOWN STEP	2026-09-14T21:45:06.5738490Z   run_install: null
cli (macos-latest)	UNKNOWN STEP	2026-09-14T21:45:06.5738630Z   cache: false
cli (macos-latest)	UNKNOWN STEP	2026-09-14T21:45:06.5738960Z   cache_dependency_path: pnpm-lock.yaml
cli (macos-latest)	UNKNOWN STEP	2026-09-14T21:45:06.5739250Z   package_json_file: package.json
cli (macos-latest)	UNKNOWN STEP	2026-09-14T21:45:06.5739610Z   standalone: false
cli (macos-latest)	UNKNOWN STEP	2026-09-14T21:45:06.5739790Z ##[endgroup]
cli (macos-latest)	UNKNOWN STEP	2026-09-14T21:45:06.7438890Z ##[group]Running self-installer...
cli (macos-latest)	UNKNOWN STEP	2026-09-14T21:45:08.5684140Z 
cli (macos-latest)	UNKNOWN STEP	2026-09-14T21:45:08.5785910Z added 1 package, and audited 2 packages in 1s
cli (macos-latest)	UNKNOWN STEP	2026-09-14T21:45:08.5886140Z 
cli (macos-latest)	UNKNOWN STEP	2026-09-14T21:45:08.5987780Z 1 package is looking for funding
cli (macos-latest)	UNKNOWN STEP	2026-09-14T21:45:08.6088870Z   run `npm fund` for details
cli (macos-latest)	UNKNOWN STEP	2026-09-14T21:45:08.6192950Z 
cli (macos-latest)	UNKNOWN STEP	2026-09-14T21:45:08.6310280Z found 0 vulnerabilities
cli (macos-latest)	UNKNOWN STEP	2026-09-14T21:45:09.3390480Z Checking for updates...
cli (macos-latest)	UNKNOWN STEP	2026-09-14T21:45:09.5776370Z Switching pnpm from v11.25.0 to v10.33.2...
cli (macos-latest)	UNKNOWN STEP	2026-09-14T21:45:10.2044620Z .../222c-1a0a1e19289-422aa4cd6526ab6b    | Progress: resolved 1, reused 0, downloaded 0, added 0
cli (macos-latest)	UNKNOWN STEP	2026-09-14T21:45:10.2077650Z .../222c-1a0a1e19289-422aa4cd6526ab6b    |   +1 +
cli (macos-latest)	UNKNOWN STEP	2026-09-14T21:45:10.7251240Z .../222c-1a0a1e19289-422aa4cd6526ab6b    | Progress: resolved 1, reused 0, downloaded 1, added 1, done
cli (macos-latest)	UNKNOWN STEP	2026-09-14T21:45:11.1571380Z [WARN] Detected a pnpm v10 installation layout at PNPM_HOME. The pnpm shims at PNPM_HOME have been refreshed so the new version is active, but pnpm v11 expects bins in PNPM_HOME/bin. Run "pnpm setup" to migrate your PATH to the v11 layout.
cli (macos-latest)	UNKNOWN STEP	2026-09-14T21:45:11.1591120Z Successfully updated pnpm to v10.33.2
cli (macos-latest)	UNKNOWN STEP	2026-09-14T21:45:11.1841360Z ##[endgroup]
cli (macos-latest)	UNKNOWN STEP	2026-09-14T21:45:11.1845850Z Installation Completed!
cli (macos-latest)	UNKNOWN STEP	2026-09-14T21:45:11.2171500Z ##[group]Run actions/setup-node@820762786026740c76f36085b0efc47a31fe5020
cli (macos-latest)	UNKNOWN STEP	2026-09-14T21:45:11.2172010Z with:
cli (macos-latest)	UNKNOWN STEP	2026-09-14T21:45:11.2172260Z   node-version: 24
cli (macos-latest)	UNKNOWN STEP	2026-09-14T21:45:11.2172500Z   cache: pnpm
cli (macos-latest)	UNKNOWN STEP	2026-09-14T21:45:11.2172710Z   check-latest: false
cli (macos-latest)	UNKNOWN STEP	2026-09-14T21:45:11.2175390Z   token: ***
cli (macos-latest)	UNKNOWN STEP	2026-09-14T21:45:11.2175630Z   package-manager-cache: true
cli (macos-latest)	UNKNOWN STEP	2026-09-14T21:45:11.2175860Z env:
cli (macos-latest)	UNKNOWN STEP	2026-09-14T21:45:11.2176150Z   PNPM_HOME: /Users/runner/setup-pnpm/node_modules/.bin
cli (macos-latest)	UNKNOWN STEP	2026-09-14T21:45:11.2176530Z ##[endgroup]
cli (macos-latest)	UNKNOWN STEP	2026-09-14T21:45:11.3932560Z Found in cache @ /Users/runner/hostedtoolcache/node/24.20.0/arm64
cli (macos-latest)	UNKNOWN STEP	2026-09-14T21:45:11.3935770Z ##[group]Environment details
cli (macos-latest)	UNKNOWN STEP	2026-09-14T21:45:11.9138640Z node: v24.20.0
cli (macos-latest)	UNKNOWN STEP	2026-09-14T21:45:11.9138910Z npm: 11.19.0
cli (macos-latest)	UNKNOWN STEP	2026-09-14T21:45:11.9139110Z yarn: 1.22.22
cli (macos-latest)	UNKNOWN STEP	2026-09-14T21:45:11.9139760Z ##[endgroup]
cli (macos-latest)	UNKNOWN STEP	2026-09-14T21:45:11.9156430Z [command]/Users/runner/setup-pnpm/node_modules/.bin/bin/pnpm store path --silent
cli (macos-latest)	UNKNOWN STEP	2026-09-14T21:45:12.2391050Z /Users/runner/setup-pnpm/node_modules/.bin/store/v10
cli (macos-latest)	UNKNOWN STEP	2026-09-14T21:45:12.4235690Z Cache hit for: node-cache-macOS-arm64-pnpm-1b7795a64b3f5c9935c6c77059dc5dc948c44ab49ad3fca4f0a4e0d836589833
cli (macos-latest)	UNKNOWN STEP	2026-09-14T21:45:13.4786410Z Received 46150966 of 46150966 (100.0%), 49.3 MBs/sec
cli (macos-latest)	UNKNOWN STEP	2026-09-14T21:45:13.4887390Z Cache Size: ~44 MB (46150966 B)
cli (macos-latest)	UNKNOWN STEP	2026-09-14T21:45:13.4902750Z [command]/opt/homebrew/bin/gtar -xf /Users/runner/work/_temp/08fbb382-b599-468f-9201-b5bc417ffa40/cache.tzst -P -C /Users/runner/work/opf/opf --delay-directory-restore --use-compress-program unzstd
cli (macos-latest)	UNKNOWN STEP	2026-09-14T21:45:14.2916450Z Cache restored successfully
cli (macos-latest)	UNKNOWN STEP	2026-09-14T21:45:14.3167300Z Cache restored from key: node-cache-macOS-arm64-pnpm-1b7795a64b3f5c9935c6c77059dc5dc948c44ab49ad3fca4f0a4e0d836589833
cli (macos-latest)	UNKNOWN STEP	2026-09-14T21:45:14.3314430Z ##[group]Run pnpm install --frozen-lockfile
cli (macos-latest)	UNKNOWN STEP	2026-09-14T21:45:14.3314810Z ^[[36;1mpnpm install --frozen-lockfile^[[0m
cli (macos-latest)	UNKNOWN STEP	2026-09-14T21:45:14.3393220Z shell: /bin/bash -e {0}
cli (macos-latest)	UNKNOWN STEP	2026-09-14T21:45:14.3393810Z env:
cli (macos-latest)	UNKNOWN STEP	2026-09-14T21:45:14.3394440Z   PNPM_HOME: /Users/runner/setup-pnpm/node_modules/.bin
cli (macos-latest)	UNKNOWN STEP	2026-09-14T21:45:14.3395120Z ##[endgroup]
cli (macos-latest)	UNKNOWN STEP	2026-09-14T21:45:14.6940110Z Scope: all 3 workspace projects
cli (macos-latest)	UNKNOWN STEP	2026-09-14T21:45:14.7177580Z Lockfile is up to date, resolution step is skipped
cli (macos-latest)	UNKNOWN STEP	2026-09-14T21:45:14.7336010Z Progress: resolved 1, reused 0, downloaded 0, added 0
cli (macos-latest)	UNKNOWN STEP	2026-09-14T21:45:14.7497760Z Packages: +73
cli (macos-latest)	UNKNOWN STEP	2026-09-14T21:45:14.7509310Z +++++++++++++++++++++++++++++++++++++++++++++++++++++++++++++++++++++++++
cli (macos-latest)	UNKNOWN STEP	2026-09-14T21:45:15.4803420Z Progress: resolved 73, reused 73, downloaded 0, added 73, done
cli (macos-latest)	UNKNOWN STEP	2026-09-14T21:45:15.5954530Z 
cli (macos-latest)	UNKNOWN STEP	2026-09-14T21:45:15.6056390Z devDependencies:
cli (macos-latest)	UNKNOWN STEP	2026-09-14T21:45:15.6157300Z + @biomejs/biome 2.5.12
cli (macos-latest)	UNKNOWN STEP	2026-09-14T21:45:15.6247690Z + @typescript/native <- typescript 7.0.2
cli (macos-latest)	UNKNOWN STEP	2026-09-14T21:45:15.6310320Z 
cli (macos-latest)	UNKNOWN STEP	2026-09-14T21:45:15.6322070Z ╭ Warning ─────────────────────────────────────────────────────────────────────╮
cli (macos-latest)	UNKNOWN STEP	2026-09-14T21:45:15.6324640Z │                                                                              │
cli (macos-latest)	UNKNOWN STEP	2026-09-14T21:45:15.6326520Z │   Ignored build scripts: esbuild@0.28.2.                                     │
cli (macos-latest)	UNKNOWN STEP	2026-09-14T21:45:15.6328380Z │   Run "pnpm approve-builds" to pick which dependencies should be allowed     │
cli (macos-latest)	UNKNOWN STEP	2026-09-14T21:45:15.6330150Z │   to run scripts.                                                            │
cli (macos-latest)	UNKNOWN STEP	2026-09-14T21:45:15.6331700Z │                                                                              │
cli (macos-latest)	UNKNOWN STEP	2026-09-14T21:45:15.6333410Z ╰──────────────────────────────────────────────────────────────────────────────╯
cli (macos-latest)	UNKNOWN STEP	2026-09-14T21:45:15.6334660Z Done in 1.1s using pnpm v10.33.2
cli (macos-latest)	UNKNOWN STEP	2026-09-14T21:45:15.6397360Z ##[group]Run pnpm typecheck
cli (macos-latest)	UNKNOWN STEP	2026-09-14T21:45:15.6397610Z ^[[36;1mpnpm typecheck^[[0m
cli (macos-latest)	UNKNOWN STEP	2026-09-14T21:45:15.6436290Z shell: /bin/bash -e {0}
cli (macos-latest)	UNKNOWN STEP	2026-09-14T21:45:15.6436510Z env:
cli (macos-latest)	UNKNOWN STEP	2026-09-14T21:45:15.6436730Z   PNPM_HOME: /Users/runner/setup-pnpm/node_modules/.bin
cli (macos-latest)	UNKNOWN STEP	2026-09-14T21:45:15.6437010Z ##[endgroup]
cli (macos-latest)	UNKNOWN STEP	2026-09-14T21:45:15.9043110Z 
cli (macos-latest)	UNKNOWN STEP	2026-09-14T21:45:15.9144390Z > openpresentation-workspace@ typecheck /Users/runner/work/opf/opf
cli (macos-latest)	UNKNOWN STEP	2026-09-14T21:45:15.9245090Z > pnpm --filter @openpresentation/opf typecheck && pnpm --filter @openpresentation/cli typecheck
cli (macos-latest)	UNKNOWN STEP	2026-09-14T21:45:15.9341930Z 
cli (macos-latest)	UNKNOWN STEP	2026-09-14T21:45:16.2165360Z 
cli (macos-latest)	UNKNOWN STEP	2026-09-14T21:45:16.2266720Z > @openpresentation/opf@0.9.0 typecheck /Users/runner/work/opf/opf/packages/javascript
cli (macos-latest)	UNKNOWN STEP	2026-09-14T21:45:16.2368200Z > pnpm run generate && node ../../scripts/typecheck.mjs --noEmit
cli (macos-latest)	UNKNOWN STEP	2026-09-14T21:45:16.2468790Z 
cli (macos-latest)	UNKNOWN STEP	2026-09-14T21:45:16.5520750Z 
cli (macos-latest)	UNKNOWN STEP	2026-09-14T21:45:16.5528820Z > @openpresentation/opf@0.9.0 generate /Users/runner/work/opf/opf/packages/javascript
cli (macos-latest)	UNKNOWN STEP	2026-09-14T21:45:16.5532370Z > node scripts/generate.mjs && node scripts/generate-previews.mjs && node scripts/generate-content.mjs
cli (macos-latest)	UNKNOWN STEP	2026-09-14T21:45:16.5533590Z 
cli (macos-latest)	UNKNOWN STEP	2026-09-14T21:45:17.1634700Z Generated src/generated/previews.ts (70 previews)
cli (macos-latest)	UNKNOWN STEP	2026-09-14T21:45:17.3174700Z Generated src/generated/examples.ts (126 examples, 7 galleries)
cli (macos-latest)	UNKNOWN STEP	2026-09-14T21:45:17.3398950Z Generated src/generated/docs.ts (28 docs)
cli (macos-latest)	UNKNOWN STEP	2026-09-14T21:45:17.3417320Z Generated src/generated/repo-readme.ts (11388 bytes)
cli (macos-latest)	UNKNOWN STEP	2026-09-14T21:45:18.9168810Z 
cli (macos-latest)	UNKNOWN STEP	2026-09-14T21:45:18.9169660Z > @openpresentation/cli@0.7.0 typecheck /Users/runner/work/opf/opf/packages/cli
cli (macos-latest)	UNKNOWN STEP	2026-09-14T21:45:18.9170410Z > pnpm --filter @openpresentation/opf build && node ../../scripts/typecheck.mjs --noEmit
cli (macos-latest)	UNKNOWN STEP	2026-09-14T21:45:18.9170780Z 
cli (macos-latest)	UNKNOWN STEP	2026-09-14T21:45:19.2085490Z 
cli (macos-latest)	UNKNOWN STEP	2026-09-14T21:45:19.2194690Z > @openpresentation/opf@0.9.0 build /Users/runner/work/opf/opf/packages/javascript
cli (macos-latest)	UNKNOWN STEP	2026-09-14T21:45:19.2288960Z > pnpm run generate && tsup && node scripts/copy-spec.mjs
cli (macos-latest)	UNKNOWN STEP	2026-09-14T21:45:19.2290570Z 
cli (macos-latest)	UNKNOWN STEP	2026-09-14T21:45:19.5187330Z 
cli (macos-latest)	UNKNOWN STEP	2026-09-14T21:45:19.5288970Z > @openpresentation/opf@0.9.0 generate /Users/runner/work/opf/opf/packages/javascript
cli (macos-latest)	UNKNOWN STEP	2026-09-14T21:45:19.5389500Z > node scripts/generate.mjs && node scripts/generate-previews.mjs && node scripts/generate-content.mjs
cli (macos-latest)	UNKNOWN STEP	2026-09-14T21:45:19.5489750Z 
cli (macos-latest)	UNKNOWN STEP	2026-09-14T21:45:19.9867650Z Generated src/generated/previews.ts (70 previews)
cli (macos-latest)	UNKNOWN STEP	2026-09-14T21:45:20.0939750Z Generated src/generated/examples.ts (126 examples, 7 galleries)
cli (macos-latest)	UNKNOWN STEP	2026-09-14T21:45:20.1052910Z Generated src/generated/docs.ts (28 docs)
cli (macos-latest)	UNKNOWN STEP	2026-09-14T21:45:20.1060230Z Generated src/generated/repo-readme.ts (11388 bytes)
cli (macos-latest)	UNKNOWN STEP	2026-09-14T21:45:20.4995190Z ^[[34mCLI^[[39m Building entry: {"data":"src/data.ts","pagination":"src/pagination.ts","composition":"src/composition.ts","index":"src/index.ts","schemas":"src/schemas.ts","catalogs":"src/catalogs.ts","validator":"src/validator.ts","types":"src/types.ts","spec-files":"src/spec-files.ts","previews":"src/previews.ts","examples":"src/examples.ts","docs":"src/docs.ts","repo-readme":"src/repo-readme.ts"}
cli (macos-latest)	UNKNOWN STEP	2026-09-14T21:45:20.5050780Z ^[[34mCLI^[[39m Using tsconfig: tsconfig.json
cli (macos-latest)	UNKNOWN STEP	2026-09-14T21:45:20.5052400Z ^[[34mCLI^[[39m tsup v8.5.1
cli (macos-latest)	UNKNOWN STEP	2026-09-14T21:45:20.5054130Z ^[[34mCLI^[[39m Using tsup config: /Users/runner/work/opf/opf/packages/javascript/tsup.config.ts
cli (macos-latest)	UNKNOWN STEP	2026-09-14T21:45:20.5054680Z ^[[34mCLI^[[39m Target: es2022
cli (macos-latest)	UNKNOWN STEP	2026-09-14T21:45:20.5105760Z ^[[34mCLI^[[39m Cleaning output folder
cli (macos-latest)	UNKNOWN STEP	2026-09-14T21:45:20.5127110Z ^[[34mESM^[[39m Build start
cli (macos-latest)	UNKNOWN STEP	2026-09-14T21:45:20.8884310Z Generated an empty chunk: "types".
cli (macos-latest)	UNKNOWN STEP	2026-09-14T21:45:21.1825570Z ^[[34mDTS^[[39m Build start
cli (macos-latest)	UNKNOWN STEP	2026-09-14T21:45:21.5010180Z ^[[32mESM^[[39m ^[[1mdist/spec-files.js     ^[[22m^[[32m85.00 B^[[39m
cli (macos-latest)	UNKNOWN STEP	2026-09-14T21:45:21.5114210Z ^[[32mESM^[[39m ^[[1mdist/pagination.js     ^[[22m^[[32m215.00 B^[[39m
cli (macos-latest)	UNKNOWN STEP	2026-09-14T21:45:21.5216110Z ^[[32mESM^[[39m ^[[1mdist/repo-readme.js    ^[[22m^[[32m11.47 KB^[[39m
cli (macos-latest)	UNKNOWN STEP	2026-09-14T21:45:21.5319290Z ^[[32mESM^[[39m ^[[1mdist/composition.js    ^[[22m^[[32m437.00 B^[[39m
cli (macos-latest)	UNKNOWN STEP	2026-09-14T21:45:21.5430920Z ^[[32mESM^[[39m ^[[1mdist/data.js           ^[[22m^[[32m95.00 B^[[39m
cli (macos-latest)	UNKNOWN STEP	2026-09-14T21:45:21.5533030Z ^[[32mESM^[[39m ^[[1mdist/index.js          ^[[22m^[[32m1.38 KB^[[39m
cli (macos-latest)	UNKNOWN STEP	2026-09-14T21:45:21.5635790Z ^[[32mESM^[[39m ^[[1mdist/previews.js       ^[[22m^[[32m130.00 B^[[39m
cli (macos-latest)	UNKNOWN STEP	2026-09-14T21:45:21.5738140Z ^[[32mESM^[[39m ^[[1mdist/chunk-OZULJBSG.js ^[[22m^[[32m117.86 KB^[[39m
cli (macos-latest)	UNKNOWN STEP	2026-09-14T21:45:21.5841640Z ^[[32mESM^[[39m ^[[1mdist/chunk-SOSOBKQ2.js ^[[22m^[[32m6.52 KB^[[39m
cli (macos-latest)	UNKNOWN STEP	2026-09-14T21:45:21.5943600Z ^[[32mESM^[[39m ^[[1mdist/schemas.js        ^[[22m^[[32m202.00 B^[[39m
cli (macos-latest)	UNKNOWN STEP	2026-09-14T21:45:21.6045680Z ^[[32mESM^[[39m ^[[1mdist/catalogs.js       ^[[22m^[[32m238.00 B^[[39m
cli (macos-latest)	UNKNOWN STEP	2026-09-14T21:45:21.6149050Z ^[[32mESM^[[39m ^[[1mdist/validator.js      ^[[22m^[[32m267.00 B^[[39m
cli (macos-latest)	UNKNOWN STEP	2026-09-14T21:45:21.6315550Z ^[[32mESM^[[39m ^[[1mdist/chunk-PIQXLBBJ.js ^[[22m^[[32m108.89 KB^[[39m
cli (macos-latest)	UNKNOWN STEP	2026-09-14T21:45:21.6437020Z ^[[32mESM^[[39m ^[[1mdist/types.js          ^[[22m^[[32m1.00 B^[[39m
cli (macos-latest)	UNKNOWN STEP	2026-09-14T21:45:21.6614980Z ^[[32mESM^[[39m ^[[1mdist/chunk-GQSK3T7X.js ^[[22m^[[32m219.58 KB^[[39m
cli (macos-latest)	UNKNOWN STEP	2026-09-14T21:45:21.6741130Z ^[[32mESM^[[39m ^[[1mdist/chunk-TWMRZ43O.js ^[[22m^[[32m499.00 KB^[[39m
cli (macos-latest)	UNKNOWN STEP	2026-09-14T21:45:21.6852370Z ^[[32mESM^[[39m ^[[1mdist/docs.js           ^[[22m^[[32m526.61 KB^[[39m
cli (macos-latest)	UNKNOWN STEP	2026-09-14T21:45:21.6961640Z ^[[32mESM^[[39m ^[[1mdist/chunk-YCN5Z46O.js ^[[22m^[[32m27.16 KB^[[39m
cli (macos-latest)	UNKNOWN STEP	2026-09-14T21:45:21.7104160Z ^[[32mESM^[[39m ^[[1mdist/chunk-JMD6N4GQ.js ^[[22m^[[32m93.98 KB^[[39m
cli (macos-latest)	UNKNOWN STEP	2026-09-14T21:45:21.7340260Z ^[[32mESM^[[39m ^[[1mdist/chunk-TFZ6YIH3.js ^[[22m^[[32m14.23 KB^[[39m
cli (macos-latest)	UNKNOWN STEP	2026-09-14T21:45:21.7442260Z ^[[32mESM^[[39m ^[[1mdist/examples.js       ^[[22m^[[32m3.48 MB^[[39m
cli (macos-latest)	UNKNOWN STEP	2026-09-14T21:45:21.7543880Z ^[[32mESM^[[39m ⚡️ Build success in 988ms
cli (macos-latest)	UNKNOWN STEP	2026-09-14T21:45:27.5128020Z ^[[32mDTS^[[39m ⚡️ Build success in 6670ms
cli (macos-latest)	UNKNOWN STEP	2026-09-14T21:45:27.5251740Z ^[[32mDTS^[[39m ^[[1mdist/index.d.ts                 ^[[22m^[[32m3.16 KB^[[39m
cli (macos-latest)	UNKNOWN STEP	2026-09-14T21:45:27.5356010Z ^[[32mDTS^[[39m ^[[1mdist/data.d.ts                  ^[[22m^[[32m1005.00 B^[[39m
cli (macos-latest)	UNKNOWN STEP	2026-09-14T21:45:27.5458720Z ^[[32mDTS^[[39m ^[[1mdist/pagination.d.ts            ^[[22m^[[32m2.40 KB^[[39m
cli (macos-latest)	UNKNOWN STEP	2026-09-14T21:45:27.5570240Z ^[[32mDTS^[[39m ^[[1mdist/previews.d.ts              ^[[22m^[[32m1.71 KB^[[39m
cli (macos-latest)	UNKNOWN STEP	2026-09-14T21:45:27.5572310Z ^[[32mDTS^[[39m ^[[1mdist/repo-readme.d.ts           ^[[22m^[[32m139.00 B^[[39m
cli (macos-latest)	UNKNOWN STEP	2026-09-14T21:45:27.5639330Z ^[[32mDTS^[[39m ^[[1mdist/examples.d.ts              ^[[22m^[[32m2.09 KB^[[39m
cli (macos-latest)	UNKNOWN STEP	2026-09-14T21:45:27.5640260Z ^[[32mDTS^[[39m ^[[1mdist/docs.d.ts                  ^[[22m^[[32m671.00 B^[[39m
cli (macos-latest)	UNKNOWN STEP	2026-09-14T21:45:27.5640960Z ^[[32mDTS^[[39m ^[[1mdist/composition.d.ts           ^[[22m^[[32m24.91 KB^[[39m
cli (macos-latest)	UNKNOWN STEP	2026-09-14T21:45:27.5641810Z ^[[32mDTS^[[39m ^[[1mdist/validator.d.ts             ^[[22m^[[32m1.54 KB^[[39m
cli (macos-latest)	UNKNOWN STEP	2026-09-14T21:45:27.5642490Z ^[[32mDTS^[[39m ^[[1mdist/spec-files.d.ts            ^[[22m^[[32m19.57 KB^[[39m
cli (macos-latest)	UNKNOWN STEP	2026-09-14T21:45:27.5650810Z ^[[32mDTS^[[39m ^[[1mdist/schemas.d.ts               ^[[22m^[[32m314.00 B^[[39m
cli (macos-latest)	UNKNOWN STEP	2026-09-14T21:45:27.5651430Z ^[[32mDTS^[[39m ^[[1mdist/catalogs.d.ts              ^[[22m^[[32m454.00 B^[[39m
cli (macos-latest)	UNKNOWN STEP	2026-09-14T21:45:27.5651980Z ^[[32mDTS^[[39m ^[[1mdist/types.d.ts                 ^[[22m^[[32m416.00 B^[[39m
cli (macos-latest)	UNKNOWN STEP	2026-09-14T21:45:27.5652570Z ^[[32mDTS^[[39m ^[[1mdist/presentation-BMTdX6O1.d.ts ^[[22m^[[32m113.38 KB^[[39m
cli (macos-latest)	UNKNOWN STEP	2026-09-14T21:45:27.5653280Z ^[[32mDTS^[[39m ^[[1mdist/schemas--QRVBhU1.d.ts      ^[[22m^[[32m8.84 KB^[[39m
cli (macos-latest)	UNKNOWN STEP	2026-09-14T21:45:27.5653980Z ^[[32mDTS^[[39m ^[[1mdist/catalogs-BnnkUX9O.d.ts     ^[[22m^[[32m46.31 KB^[[39m
cli (macos-latest)	UNKNOWN STEP	2026-09-14T21:45:28.1214830Z ##[group]Run pnpm --filter @openpresentation/opf test
cli (macos-latest)	UNKNOWN STEP	2026-09-14T21:45:28.1215340Z ^[[36;1mpnpm --filter @openpresentation/opf test^[[0m
cli (macos-latest)	UNKNOWN STEP	2026-09-14T21:45:28.1255750Z shell: /bin/bash -e {0}
cli (macos-latest)	UNKNOWN STEP	2026-09-14T21:45:28.1255970Z env:
cli (macos-latest)	UNKNOWN STEP	2026-09-14T21:45:28.1257140Z   PNPM_HOME: /Users/runner/setup-pnpm/node_modules/.bin
cli (macos-latest)	UNKNOWN STEP	2026-09-14T21:45:28.1258160Z ##[endgroup]
cli (macos-latest)	UNKNOWN STEP	2026-09-14T21:45:28.4814800Z 
cli (macos-latest)	UNKNOWN STEP	2026-09-14T21:45:28.4816540Z > @openpresentation/opf@0.9.0 test /Users/runner/work/opf/opf/packages/javascript
cli (macos-latest)	UNKNOWN STEP	2026-09-14T21:45:28.4818410Z > pnpm run build && node ../../scripts/run-node-tests.mjs && node test/composition.mjs && node test/pagination.mjs && node test/data.mjs && node test/rich-text.mjs && node test/lists.mjs
cli (macos-latest)	UNKNOWN STEP	2026-09-14T21:45:28.4819900Z 
cli (macos-latest)	UNKNOWN STEP	2026-09-14T21:45:28.8005700Z 
cli (macos-latest)	UNKNOWN STEP	2026-09-14T21:45:28.8107460Z > @openpresentation/opf@0.9.0 build /Users/runner/work/opf/opf/packages/javascript
cli (macos-latest)	UNKNOWN STEP	2026-09-14T21:45:28.8213400Z > pnpm run generate && tsup && node scripts/copy-spec.mjs
cli (macos-latest)	UNKNOWN STEP	2026-09-14T21:45:28.8340140Z 
cli (macos-latest)	UNKNOWN STEP	2026-09-14T21:45:29.2243400Z 
cli (macos-latest)	UNKNOWN STEP	2026-09-14T21:45:29.2257910Z > @openpresentation/opf@0.9.0 generate /Users/runner/work/opf/opf/packages/javascript
cli (macos-latest)	UNKNOWN STEP	2026-09-14T21:45:29.2261770Z > node scripts/generate.mjs && node scripts/generate-previews.mjs && node scripts/generate-content.mjs
cli (macos-latest)	UNKNOWN STEP	2026-09-14T21:45:29.2263570Z 
cli (macos-latest)	UNKNOWN STEP	2026-09-14T21:45:29.6614950Z Generated src/generated/previews.ts (70 previews)
cli (macos-latest)	UNKNOWN STEP	2026-09-14T21:45:29.7826240Z Generated src/generated/examples.ts (126 examples, 7 galleries)
cli (macos-latest)	UNKNOWN STEP	2026-09-14T21:45:29.7928600Z Generated src/generated/docs.ts (28 docs)
cli (macos-latest)	UNKNOWN STEP	2026-09-14T21:45:29.8031060Z Generated src/generated/repo-readme.ts (11388 bytes)
cli (macos-latest)	UNKNOWN STEP	2026-09-14T21:45:30.1705460Z ^[[34mCLI^[[39m Building entry: {"data":"src/data.ts","pagination":"src/pagination.ts","composition":"src/composition.ts","index":"src/index.ts","schemas":"src/schemas.ts","catalogs":"src/catalogs.ts","validator":"src/validator.ts","types":"src/types.ts","spec-files":"src/spec-files.ts","previews":"src/previews.ts","examples":"src/examples.ts","docs":"src/docs.ts","repo-readme":"src/repo-readme.ts"}
cli (macos-latest)	UNKNOWN STEP	2026-09-14T21:45:30.1809010Z ^[[34mCLI^[[39m Using tsconfig: tsconfig.json
cli (macos-latest)	UNKNOWN STEP	2026-09-14T21:45:30.1929210Z ^[[34mCLI^[[39m tsup v8.5.1
cli (macos-latest)	UNKNOWN STEP	2026-09-14T21:45:30.2032470Z ^[[34mCLI^[[39m Using tsup config: /Users/runner/work/opf/opf/packages/javascript/tsup.config.ts
cli (macos-latest)	UNKNOWN STEP	2026-09-14T21:45:30.2141130Z ^[[34mCLI^[[39m Target: es2022
cli (macos-latest)	UNKNOWN STEP	2026-09-14T21:45:30.2353630Z ^[[34mCLI^[[39m Cleaning output folder
cli (macos-latest)	UNKNOWN STEP	2026-09-14T21:45:30.2467100Z ^[[34mESM^[[39m Build start
cli (macos-latest)	UNKNOWN STEP	2026-09-14T21:45:30.6430190Z Generated an empty chunk: "types".
cli (macos-latest)	UNKNOWN STEP	2026-09-14T21:45:30.8439600Z ^[[34mDTS^[[39m Build start
cli (macos-latest)	UNKNOWN STEP	2026-09-14T21:45:31.0585740Z ^[[32mESM^[[39m ^[[1mdist/data.js           ^[[22m^[[32m95.00 B^[[39m
cli (macos-latest)	UNKNOWN STEP	2026-09-14T21:45:31.0686300Z ^[[32mESM^[[39m ^[[1mdist/repo-readme.js    ^[[22m^[[32m11.47 KB^[[39m
cli (macos-latest)	UNKNOWN STEP	2026-09-14T21:45:31.0787940Z ^[[32mESM^[[39m ^[[1mdist/pagination.js     ^[[22m^[[32m215.00 B^[[39m
cli (macos-latest)	UNKNOWN STEP	2026-09-14T21:45:31.0888670Z ^[[32mESM^[[39m ^[[1mdist/spec-files.js     ^[[22m^[[32m85.00 B^[[39m
cli (macos-latest)	UNKNOWN STEP	2026-09-14T21:45:31.0938820Z ^[[32mESM^[[39m ^[[1mdist/previews.js       ^[[22m^[[32m130.00 B^[[39m
cli (macos-latest)	UNKNOWN STEP	2026-09-14T21:45:31.0939770Z ^[[32mESM^[[39m ^[[1mdist/composition.js    ^[[22m^[[32m437.00 B^[[39m
cli (macos-latest)	UNKNOWN STEP	2026-09-14T21:45:31.0940580Z ^[[32mESM^[[39m ^[[1mdist/index.js          ^[[22m^[[32m1.38 KB^[[39m
cli (macos-latest)	UNKNOWN STEP	2026-09-14T21:45:31.0941240Z ^[[32mESM^[[39m ^[[1mdist/chunk-OZULJBSG.js ^[[22m^[[32m117.86 KB^[[39m
cli (macos-latest)	UNKNOWN STEP	2026-09-14T21:45:31.0942000Z ^[[32mESM^[[39m ^[[1mdist/chunk-SOSOBKQ2.js ^[[22m^[[32m6.52 KB^[[39m
cli (macos-latest)	UNKNOWN STEP	2026-09-14T21:45:31.0943230Z ^[[32mESM^[[39m ^[[1mdist/chunk-TFZ6YIH3.js ^[[22m^[[32m14.23 KB^[[39m
cli (macos-latest)	UNKNOWN STEP	2026-09-14T21:45:31.0943790Z ^[[32mESM^[[39m ^[[1mdist/validator.js      ^[[22m^[[32m267.00 B^[[39m
cli (macos-latest)	UNKNOWN STEP	2026-09-14T21:45:31.0944830Z ^[[32mESM^[[39m ^[[1mdist/catalogs.js       ^[[22m^[[32m238.00 B^[[39m
cli (macos-latest)	UNKNOWN STEP	2026-09-14T21:45:31.0945640Z ^[[32mESM^[[39m ^[[1mdist/schemas.js        ^[[22m^[[32m202.00 B^[[39m
cli (macos-latest)	UNKNOWN STEP	2026-09-14T21:45:31.0946240Z ^[[32mESM^[[39m ^[[1mdist/chunk-PIQXLBBJ.js ^[[22m^[[32m108.89 KB^[[39m
cli (macos-latest)	UNKNOWN STEP	2026-09-14T21:45:31.0947130Z ^[[32mESM^[[39m ^[[1mdist/chunk-YCN5Z46O.js ^[[22m^[[32m27.16 KB^[[39m
cli (macos-latest)	UNKNOWN STEP	2026-09-14T21:45:31.0948410Z ^[[32mESM^[[39m ^[[1mdist/chunk-GQSK3T7X.js ^[[22m^[[32m219.58 KB^[[39m
cli (macos-latest)	UNKNOWN STEP	2026-09-14T21:45:31.0949010Z ^[[32mESM^[[39m ^[[1mdist/types.js          ^[[22m^[[32m1.00 B^[[39m
cli (macos-latest)	UNKNOWN STEP	2026-09-14T21:45:31.0949820Z ^[[32mESM^[[39m ^[[1mdist/chunk-JMD6N4GQ.js ^[[22m^[[32m93.98 KB^[[39m
cli (macos-latest)	UNKNOWN STEP	2026-09-14T21:45:31.0950520Z ^[[32mESM^[[39m ^[[1mdist/chunk-TWMRZ43O.js ^[[22m^[[32m499.00 KB^[[39m
cli (macos-latest)	UNKNOWN STEP	2026-09-14T21:45:31.0951480Z ^[[32mESM^[[39m ^[[1mdist/docs.js           ^[[22m^[[32m526.61 KB^[[39m
cli (macos-latest)	UNKNOWN STEP	2026-09-14T21:45:31.0952350Z ^[[32mESM^[[39m ^[[1mdist/examples.js       ^[[22m^[[32m3.48 MB^[[39m
cli (macos-latest)	UNKNOWN STEP	2026-09-14T21:45:31.0953340Z ^[[32mESM^[[39m ⚡️ Build success in 826ms
cli (macos-latest)	UNKNOWN STEP	2026-09-14T21:45:35.5677310Z ^[[32mDTS^[[39m ⚡️ Build success in 5067ms
cli (macos-latest)	UNKNOWN STEP	2026-09-14T21:45:35.5682410Z ^[[32mDTS^[[39m ^[[1mdist/index.d.ts                 ^[[22m^[[32m3.16 KB^[[39m
cli (macos-latest)	UNKNOWN STEP	2026-09-14T21:45:35.5684150Z ^[[32mDTS^[[39m ^[[1mdist/data.d.ts                  ^[[22m^[[32m1005.00 B^[[39m
cli (macos-latest)	UNKNOWN STEP	2026-09-14T21:45:35.5684900Z ^[[32mDTS^[[39m ^[[1mdist/pagination.d.ts            ^[[22m^[[32m2.40 KB^[[39m
cli (macos-latest)	UNKNOWN STEP	2026-09-14T21:45:35.5687030Z ^[[32mDTS^[[39m ^[[1mdist/previews.d.ts              ^[[22m^[[32m1.71 KB^[[39m
cli (macos-latest)	UNKNOWN STEP	2026-09-14T21:45:35.5687860Z ^[[32mDTS^[[39m ^[[1mdist/repo-readme.d.ts           ^[[22m^[[32m139.00 B^[[39m
cli (macos-latest)	UNKNOWN STEP	2026-09-14T21:45:35.5688520Z ^[[32mDTS^[[39m ^[[1mdist/examples.d.ts              ^[[22m^[[32m2.09 KB^[[39m
cli (macos-latest)	UNKNOWN STEP	2026-09-14T21:45:35.5689130Z ^[[32mDTS^[[39m ^[[1mdist/docs.d.ts                  ^[[22m^[[32m671.00 B^[[39m
cli (macos-latest)	UNKNOWN STEP	2026-09-14T21:45:35.5689750Z ^[[32mDTS^[[39m ^[[1mdist/composition.d.ts           ^[[22m^[[32m24.91 KB^[[39m
cli (macos-latest)	UNKNOWN STEP	2026-09-14T21:45:35.5690350Z ^[[32mDTS^[[39m ^[[1mdist/validator.d.ts             ^[[22m^[[32m1.54 KB^[[39m
cli (macos-latest)	UNKNOWN STEP	2026-09-14T21:45:35.5690960Z ^[[32mDTS^[[39m ^[[1mdist/spec-files.d.ts            ^[[22m^[[32m19.57 KB^[[39m
cli (macos-latest)	UNKNOWN STEP	2026-09-14T21:45:35.5691520Z ^[[32mDTS^[[39m ^[[1mdist/schemas.d.ts               ^[[22m^[[32m314.00 B^[[39m
cli (macos-latest)	UNKNOWN STEP	2026-09-14T21:45:35.5692140Z ^[[32mDTS^[[39m ^[[1mdist/catalogs.d.ts              ^[[22m^[[32m454.00 B^[[39m
cli (macos-latest)	UNKNOWN STEP	2026-09-14T21:45:35.5692750Z ^[[32mDTS^[[39m ^[[1mdist/types.d.ts                 ^[[22m^[[32m416.00 B^[[39m
cli (macos-latest)	UNKNOWN STEP	2026-09-14T21:45:35.5693330Z ^[[32mDTS^[[39m ^[[1mdist/presentation-BMTdX6O1.d.ts ^[[22m^[[32m113.38 KB^[[39m
cli (macos-latest)	UNKNOWN STEP	2026-09-14T21:45:35.5693920Z ^[[32mDTS^[[39m ^[[1mdist/schemas--QRVBhU1.d.ts      ^[[22m^[[32m8.84 KB^[[39m
cli (macos-latest)	UNKNOWN STEP	2026-09-14T21:45:35.5694530Z ^[[32mDTS^[[39m ^[[1mdist/catalogs-BnnkUX9O.d.ts     ^[[22m^[[32m46.31 KB^[[39m
cli (macos-latest)	UNKNOWN STEP	2026-09-14T21:45:36.5445280Z ✔ cards preserve outer tracks, regions and headings while measuring a rounded inner box (17.413542ms)
cli (macos-latest)	UNKNOWN STEP	2026-09-14T21:45:36.5548140Z ✔ slide false overrides host cards; nested leaves receive one inset and preserve group geometry (1.487792ms)
cli (macos-latest)	UNKNOWN STEP	2026-09-14T21:45:36.5649670Z ✔ card padding participates in automatic score, strict overflow and whole-document pagination (292.222458ms)
cli (macos-latest)	UNKNOWN STEP	2026-09-14T21:45:37.0741850Z ✔ accepted code uses rounded cells and preserves body compatibility without repeated explanation measurements (6.019916ms)
cli (macos-latest)	UNKNOWN STEP	2026-09-14T21:45:37.0745040Z ✔ candidate penalties include complete code metadata and charge overflowing leaves once (21.301583ms)
cli (macos-latest)	UNKNOWN STEP	2026-09-14T21:45:37.0776000Z ✔ strict ancestors reject code metadata paths and cannot be weakened by descendants (302.889375ms)
cli (macos-latest)	UNKNOWN STEP	2026-09-14T21:45:37.0777110Z ✔ explicit code placement and weights remain authoritative even when metadata overflows (13.395708ms)
cli (macos-latest)	UNKNOWN STEP	2026-09-14T21:45:37.0778750Z ✔ pagination preserves exact code bytes, metadata, ranges and floors across wide and portrait slides (354.489667ms)
cli (macos-latest)	UNKNOWN STEP	2026-09-14T21:45:37.0781410Z ✔ irreducible code metadata rejects pagination even after earlier content or with an empty body (153.79125ms)
cli (macos-latest)	UNKNOWN STEP	2026-09-14T21:45:37.0794220Z ✔ complete code parts preserve exact filename, language, body, whitespace and hard line boundaries (3.960291ms)
cli (macos-latest)	UNKNOWN STEP	2026-09-14T21:45:37.0803200Z ✔ shorthand, empty source and absent metadata retain their source and generated-label distinction (0.471958ms)
cli (macos-latest)	UNKNOWN STEP	2026-09-14T21:45:37.0836880Z ✔ long language labels and filenames are measured within their cell before allocating the body (4.782333ms)
cli (macos-latest)	UNKNOWN STEP	2026-09-14T21:45:37.0861850Z ✔ wrapped whitespace and graphemes retain contiguous source offsets, including CRLF and blank final lines (3.812084ms)
cli (macos-latest)	UNKNOWN STEP	2026-09-14T21:45:37.0866020Z ✔ tabs use measured space stops and never send control tabs to the font-width provider (6.100291ms)
cli (macos-latest)	UNKNOWN STEP	2026-09-14T21:45:37.0866920Z ✔ readability floors scale once and body shrinking preserves all code content (0.304292ms)
cli (macos-latest)	UNKNOWN STEP	2026-09-14T21:45:37.0867810Z ✔ irreducible body and metadata failures remain explicit; strict mode does not return partial output (8.298791ms)
cli (macos-latest)	UNKNOWN STEP	2026-09-14T21:45:37.0868910Z ✔ invalid inner boxes never become invented one-pixel fits; malformed options reject (0.304084ms)
cli (macos-latest)	UNKNOWN STEP	2026-09-14T21:45:37.0884230Z ✔ font trials stay bounded independently of canvas scale (14.531625ms)
cli (macos-latest)	UNKNOWN STEP	2026-09-14T21:45:37.0917840Z ✔ opaque contrast follows unrounded sRGB luminance thresholds (2.183584ms)
cli (macos-latest)	UNKNOWN STEP	2026-09-14T21:45:37.0918870Z ✔ chart marks retain passing colors and brighten/darken failing opaque palettes (9.753875ms)
cli (macos-latest)	UNKNOWN STEP	2026-09-14T21:45:37.0919900Z ✔ bright and dark fills select readable inherited text without guessing alpha backdrops (0.192333ms)
cli (macos-latest)	UNKNOWN STEP	2026-09-14T21:45:37.9228830Z ✔ explanation preserves geometry, source values and measurement calls (19.650709ms)
cli (macos-latest)	UNKNOWN STEP	2026-09-14T21:45:37.9331250Z ✔ candidate penalties account for the score and report the selected flow (8.607542ms)
cli (macos-latest)	UNKNOWN STEP	2026-09-14T21:45:37.9434360Z ✔ fixed modes and promoted regions retain placement with no invented search (0.546208ms)
cli (macos-latest)	UNKNOWN STEP	2026-09-14T21:45:37.9536900Z ✔ reserved slots, candidate caps and empty slides are explicit (59.148875ms)
cli (macos-latest)	UNKNOWN STEP	2026-09-14T21:45:37.9639010Z ✔ equal scores retain the first, lower-column candidate (0.258042ms)
cli (macos-latest)	UNKNOWN STEP	2026-09-14T21:45:37.9742330Z ✔ unsupported internal fit stays visible and strict failures retain their explanation (762.341041ms)
cli (macos-latest)	UNKNOWN STEP	2026-09-14T21:45:37.9844700Z ▶ example catalog sanity
cli (macos-latest)	UNKNOWN STEP	2026-09-14T21:45:37.9946490Z   ✔ has at least one example (0.384958ms)
cli (macos-latest)	UNKNOWN STEP	2026-09-14T21:45:38.0048060Z   ✔ has at least one gallery (0.088458ms)
cli (macos-latest)	UNKNOWN STEP	2026-09-14T21:45:38.0110350Z   ✔ example categories include 'gallery' (0.071ms)
cli (macos-latest)	UNKNOWN STEP	2026-09-14T21:45:38.0111020Z ✔ example catalog sanity (1.1415ms)
cli (macos-latest)	UNKNOWN STEP	2026-09-14T21:45:38.0111540Z ▶ every bundled example validates cleanly
cli (macos-latest)	UNKNOWN STEP	2026-09-14T21:45:38.0112400Z   ✔ example 'compliance-readiness-review' has the expected shape and validates without warnings (130.48575ms)
cli (macos-latest)	UNKNOWN STEP	2026-09-14T21:45:38.0113320Z   ✔ example 'contract-cycle-time-brief' has the expected shape and validates without warnings (0.965708ms)
cli (macos-latest)	UNKNOWN STEP	2026-09-14T21:45:38.0114310Z   ✔ example 'data-platform-migration-plan' has the expected shape and validates without warnings (0.706959ms)
cli (macos-latest)	UNKNOWN STEP	2026-09-14T21:45:38.0115380Z   ✔ example 'defect-escape-reduction-review' has the expected shape and validates without warnings (0.303917ms)
cli (macos-latest)	UNKNOWN STEP	2026-09-14T21:45:38.0116420Z   ✔ example 'demand-generation-campaign-brief' has the expected shape and validates without warnings (1.094583ms)
cli (macos-latest)	UNKNOWN STEP	2026-09-14T21:45:38.0117370Z   ✔ example 'employee-town-hall-run-of-show' has the expected shape and validates without warnings (0.944916ms)
cli (macos-latest)	UNKNOWN STEP	2026-09-14T21:45:38.0118210Z   ✔ example 'engineering-capacity-planning' has the expected shape and validates without warnings (0.652083ms)
cli (macos-latest)	UNKNOWN STEP	2026-09-14T21:45:38.0119170Z   ✔ example 'enterprise-account-expansion-plan' has the expected shape and validates without warnings (1.111375ms)
cli (macos-latest)	UNKNOWN STEP	2026-09-14T21:45:38.0120180Z   ✔ example 'field-enablement-certification' has the expected shape and validates without warnings (0.265ms)
cli (macos-latest)	UNKNOWN STEP	2026-09-14T21:45:38.0121180Z   ✔ example 'fy27-budget-tradeoff-deck' has the expected shape and validates without warnings (0.128959ms)
cli (macos-latest)	UNKNOWN STEP	2026-09-14T21:45:38.0122870Z   ✔ example 'identity-incident-executive-brief' has the expected shape and validates without warnings (0.184291ms)
cli (macos-latest)	UNKNOWN STEP	2026-09-14T21:45:38.0124000Z   ✔ example 'investor-relations-update' has the expected shape and validates without warnings (0.375917ms)
cli (macos-latest)	UNKNOWN STEP	2026-09-14T21:45:38.0124840Z   ✔ example 'model-governance-review' has the expected shape and validates without warnings (0.280708ms)
cli (macos-latest)	UNKNOWN STEP	2026-09-14T21:45:38.0125790Z   ✔ example 'onboarding-experience-redesign' has the expected shape and validates without warnings (0.097334ms)
cli (macos-latest)	UNKNOWN STEP	2026-09-14T21:45:38.0127110Z   ✔ example 'partner-ecosystem-launch-kit' has the expected shape and validates without warnings (0.08225ms)
cli (macos-latest)	UNKNOWN STEP	2026-09-14T21:45:38.0128110Z   ✔ example 'pricing-and-packaging-decision' has the expected shape and validates without warnings (0.252916ms)
cli (macos-latest)	UNKNOWN STEP	2026-09-14T21:45:38.0129250Z   ✔ example 'product-roadmap-decision-review' has the expected shape and validates without warnings (0.239875ms)
cli (macos-latest)	UNKNOWN STEP	2026-09-14T21:45:38.0130240Z   ✔ example 'renewal-save-plan' has the expected shape and validates without warnings (0.127792ms)
cli (macos-latest)	UNKNOWN STEP	2026-09-14T21:45:38.0130990Z   ✔ example 'revenue-forecast-inspection' has the expected shape and validates without warnings (0.313ms)
cli (macos-latest)	UNKNOWN STEP	2026-09-14T21:45:38.0132010Z   ✔ example 's-and-op-exception-review' has the expected shape and validates without warnings (0.522625ms)
cli (macos-latest)	UNKNOWN STEP	2026-09-14T21:45:38.0132980Z   ✔ example 'scope-3-reporting-readiness' has the expected shape and validates without warnings (0.168875ms)
cli (macos-latest)	UNKNOWN STEP	2026-09-14T21:45:38.0134000Z   ✔ example 'strategy-offsite-pre-read' has the expected shape and validates without warnings (3.798709ms)
cli (macos-latest)	UNKNOWN STEP	2026-09-14T21:45:38.0134840Z   ✔ example 'supplier-risk-heatmap' has the expected shape and validates without warnings (0.591875ms)
cli (macos-latest)	UNKNOWN STEP	2026-09-14T21:45:38.0135890Z   ✔ example 'support-deflection-program' has the expected shape and validates without warnings (0.396875ms)
cli (macos-latest)	UNKNOWN STEP	2026-09-14T21:45:38.0136920Z   ✔ example 'workplace-occupancy-reset' has the expected shape and validates without warnings (0.164791ms)
cli (macos-latest)	UNKNOWN STEP	2026-09-14T21:45:38.0137810Z   ✔ example 'data-storytelling-atlas' has the expected shape and validates without warnings (0.440875ms)
cli (macos-latest)	UNKNOWN STEP	2026-09-14T21:45:38.0138670Z   ✔ example 'kiosk-orientation-deck' has the expected shape and validates without warnings (0.315083ms)
cli (macos-latest)	UNKNOWN STEP	2026-09-14T21:45:38.0139560Z   ✔ example 'photo-essay-portfolio' has the expected shape and validates without warnings (0.218291ms)
cli (macos-latest)	UNKNOWN STEP	2026-09-14T21:45:38.0140670Z   ✔ example 'video-demo-sales-narrative' has the expected shape and validates without warnings (0.277333ms)
cli (macos-latest)	UNKNOWN STEP	2026-09-14T21:45:38.0141750Z   ✔ example 'visual-brand-system-sampler' has the expected shape and validates without warnings (0.15225ms)
cli (macos-latest)	UNKNOWN STEP	2026-09-14T21:45:38.0142840Z   ✔ example 'advising-retention-review' has the expected shape and validates without warnings (0.156583ms)
cli (macos-latest)	UNKNOWN STEP	2026-09-14T21:45:38.0143800Z   ✔ example 'alumni-giving-campaign' has the expected shape and validates without warnings (0.230542ms)
cli (macos-latest)	UNKNOWN STEP	2026-09-14T21:45:38.0144660Z   ✔ example 'apprenticeship-partnership-deck' has the expected shape and validates without warnings (0.169417ms)
cli (macos-latest)	UNKNOWN STEP	2026-09-14T21:45:38.0145540Z   ✔ example 'athletics-budget-review' has the expected shape and validates without warnings (0.264333ms)
cli (macos-latest)	UNKNOWN STEP	2026-09-14T21:45:38.0146610Z   ✔ example 'campus-energy-action-brief' has the expected shape and validates without warnings (0.137ms)
cli (macos-latest)	UNKNOWN STEP	2026-09-14T21:45:38.0147380Z   ✔ example 'curriculum-approval-brief' has the expected shape and validates without warnings (0.194542ms)
cli (macos-latest)	UNKNOWN STEP	2026-09-14T21:45:38.0148250Z   ✔ example 'district-literacy-acceleration-plan' has the expected shape and validates without warnings (0.071333ms)
cli (macos-latest)	UNKNOWN STEP	2026-09-14T21:45:38.0149210Z   ✔ example 'library-modernization-roadmap' has the expected shape and validates without warnings (0.1855ms)
cli (macos-latest)	UNKNOWN STEP	2026-09-14T21:45:38.0150020Z   ✔ example 'online-program-launch-plan' has the expected shape and validates without warnings (0.166375ms)
cli (macos-latest)	UNKNOWN STEP	2026-09-14T21:45:38.0150790Z   ✔ example 'research-grant-pitch' has the expected shape and validates without warnings (0.12575ms)
cli (macos-latest)	UNKNOWN STEP	2026-09-14T21:45:38.0152060Z   ✔ example 'school-safety-preparedness-brief' has the expected shape and validates without warnings (0.109417ms)
cli (macos-latest)	UNKNOWN STEP	2026-09-14T21:45:38.0152880Z   ✔ example 'special-education-services-plan' has the expected shape and validates without warnings (0.087125ms)
cli (macos-latest)	UNKNOWN STEP	2026-09-14T21:45:38.0153810Z   ✔ example 'stem-lab-funding-proposal' has the expected shape and validates without warnings (0.079125ms)
cli (macos-latest)	UNKNOWN STEP	2026-09-14T21:45:38.0154830Z   ✔ example 'student-mental-health-capacity-review' has the expected shape and validates without warnings (0.532333ms)
cli (macos-latest)	UNKNOWN STEP	2026-09-14T21:45:38.0156000Z   ✔ example 'workforce-pathway-partnership' has the expected shape and validates without warnings (0.364791ms)
cli (macos-latest)	UNKNOWN STEP	2026-09-14T21:45:38.0156990Z   ✔ example 'broadband-public-hearing-deck' has the expected shape and validates without warnings (0.416667ms)
cli (macos-latest)	UNKNOWN STEP	2026-09-14T21:45:38.0157830Z   ✔ example 'court-backlog-reduction-plan' has the expected shape and validates without warnings (0.270333ms)
cli (macos-latest)	UNKNOWN STEP	2026-09-14T21:45:38.0158720Z   ✔ example 'digital-services-modernization' has the expected shape and validates without warnings (0.098833ms)
cli (macos-latest)	UNKNOWN STEP	2026-09-14T21:45:38.0159730Z   ✔ example 'grant-equity-review' has the expected shape and validates without warnings (0.118667ms)
cli (macos-latest)	UNKNOWN STEP	2026-09-14T21:45:38.0160650Z   ✔ example 'housing-zoning-council-brief' has the expected shape and validates without warnings (0.885541ms)
cli (macos-latest)	UNKNOWN STEP	2026-09-14T21:45:38.0161600Z   ✔ example 'parks-master-plan-workshop' has the expected shape and validates without warnings (0.135958ms)
cli (macos-latest)	UNKNOWN STEP	2026-09-14T21:45:38.0162550Z   ✔ example 'police-training-program-update' has the expected shape and validates without warnings (0.104458ms)
cli (macos-latest)	UNKNOWN STEP	2026-09-14T21:45:38.0163610Z   ✔ example 'recycling-participation-campaign' has the expected shape and validates without warnings (1.325459ms)
cli (macos-latest)	UNKNOWN STEP	2026-09-14T21:45:38.0166850Z   ✔ example 'regulatory-risk-brief' has the expected shape and validates without warnings (0.196917ms)
cli (macos-latest)	UNKNOWN STEP	2026-09-14T21:45:38.0169130Z   ✔ example 'tax-portal-modernization' has the expected shape and validates without warnings (0.202917ms)
cli (macos-latest)	UNKNOWN STEP	2026-09-14T21:45:38.0171330Z   ✔ example 'transit-corridor-alternatives' has the expected shape and validates without warnings (0.187958ms)
cli (macos-latest)	UNKNOWN STEP	2026-09-14T21:45:38.0173420Z   ✔ example 'vaccination-outreach-briefing' has the expected shape and validates without warnings (0.100375ms)
cli (macos-latest)	UNKNOWN STEP	2026-09-14T21:45:38.0175590Z   ✔ example 'water-utility-capital-plan' has the expected shape and validates without warnings (0.218ms)
cli (macos-latest)	UNKNOWN STEP	2026-09-14T21:45:38.0177920Z   ✔ example 'wildfire-evacuation-preparedness' has the expected shape and validates without warnings (0.188875ms)
cli (macos-latest)	UNKNOWN STEP	2026-09-14T21:45:38.0180310Z   ✔ example 'workforce-reskilling-initiative' has the expected shape and validates without warnings (0.342708ms)
cli (macos-latest)	UNKNOWN STEP	2026-09-14T21:45:38.0182550Z   ✔ example 'airline-disruption-recovery-review' has the expected shape and validates without warnings (0.210417ms)
cli (macos-latest)	UNKNOWN STEP	2026-09-14T21:45:38.0185110Z   ✔ example 'ambulatory-access-recovery-plan' has the expected shape and validates without warnings (0.067333ms)
cli (macos-latest)	UNKNOWN STEP	2026-09-14T21:45:38.0187320Z   ✔ example 'battery-line-supplier-readiness' has the expected shape and validates without warnings (0.173959ms)
cli (macos-latest)	UNKNOWN STEP	2026-09-14T21:45:38.0189540Z   ✔ example 'boutique-hotel-revenue-recovery' has the expected shape and validates without warnings (0.164375ms)
cli (macos-latest)	UNKNOWN STEP	2026-09-14T21:45:38.0191840Z   ✔ example 'branch-modernization-investment-case' has the expected shape and validates without warnings (0.062958ms)
cli (macos-latest)	UNKNOWN STEP	2026-09-14T21:45:38.0194170Z   ✔ example 'claims-triage-operating-model' has the expected shape and validates without warnings (0.052667ms)
cli (macos-latest)	UNKNOWN STEP	2026-09-14T21:45:38.0196680Z   ✔ example 'cold-chain-waste-reduction-review' has the expected shape and validates without warnings (0.091417ms)
cli (macos-latest)	UNKNOWN STEP	2026-09-14T21:45:38.0199380Z   ✔ example 'construction-safety-stand-down' has the expected shape and validates without warnings (2.465875ms)
cli (macos-latest)	UNKNOWN STEP	2026-09-14T21:45:38.0207910Z   ✔ example 'consulting-margin-recovery-plan' has the expected shape and validates without warnings (0.490542ms)
cli (macos-latest)	UNKNOWN STEP	2026-09-14T21:45:38.0211640Z   ✔ example 'drive-thru-throughput-playbook' has the expected shape and validates without warnings (0.144958ms)
cli (macos-latest)	UNKNOWN STEP	2026-09-14T21:45:38.0214070Z   ✔ example 'fan-experience-operations-brief' has the expected shape and validates without warnings (0.15875ms)
cli (macos-latest)	UNKNOWN STEP	2026-09-14T21:45:38.0216080Z   ✔ example 'food-bank-distribution-capacity-plan' has the expected shape and validates without warnings (0.079333ms)
cli (macos-latest)	UNKNOWN STEP	2026-09-14T21:45:38.0217120Z   ✔ example 'grid-resilience-capital-plan' has the expected shape and validates without warnings (0.1285ms)
cli (macos-latest)	UNKNOWN STEP	2026-09-14T21:45:38.0218550Z   ✔ example 'managed-detection-market-update' has the expected shape and validates without warnings (0.079667ms)
cli (macos-latest)	UNKNOWN STEP	2026-09-14T21:45:38.0219510Z   ✔ example 'mixed-use-leasing-pipeline-review' has the expected shape and validates without warnings (0.217625ms)
cli (macos-latest)	UNKNOWN STEP	2026-09-14T21:45:38.0220410Z   ✔ example 'port-dwell-time-improvement-plan' has the expected shape and validates without warnings (0.252666ms)
cli (macos-latest)	UNKNOWN STEP	2026-09-14T21:45:38.0221310Z   ✔ example 'retail-launch-readiness-deck' has the expected shape and validates without warnings (0.131375ms)
cli (macos-latest)	UNKNOWN STEP	2026-09-14T21:45:38.0222340Z   ✔ example 'robotics-quality-escape-briefing' has the expected shape and validates without warnings (0.139ms)
cli (macos-latest)	UNKNOWN STEP	2026-09-14T21:45:38.0223280Z   ✔ example 'rural-broadband-expansion-proposal' has the expected shape and validates without warnings (0.065292ms)
cli (macos-latest)	UNKNOWN STEP	2026-09-14T21:45:38.0224200Z   ✔ example 'satellite-maintenance-readiness-review' has the expected shape and validates without warnings (0.120125ms)
cli (macos-latest)	UNKNOWN STEP	2026-09-14T21:45:38.0233340Z   ✔ example 'streaming-churn-winback-strategy' has the expected shape and validates without warnings (0.09175ms)
cli (macos-latest)	UNKNOWN STEP	2026-09-14T21:45:38.0236050Z   ✔ example 'tailings-monitoring-investment-brief' has the expected shape and validates without warnings (0.20175ms)
cli (macos-latest)	UNKNOWN STEP	2026-09-14T21:45:38.0238320Z   ✔ example 'trial-enrollment-rescue-plan' has the expected shape and validates without warnings (0.325917ms)
cli (macos-latest)	UNKNOWN STEP	2026-09-14T21:45:38.0240500Z   ✔ example 'veterinary-staffing-stabilization' has the expected shape and validates without warnings (0.254584ms)
cli (macos-latest)	UNKNOWN STEP	2026-09-14T21:45:38.0242710Z   ✔ example 'water-stewardship-grower-brief' has the expected shape and validates without warnings (1.146ms)
cli (macos-latest)	UNKNOWN STEP	2026-09-14T21:45:38.0244890Z   ✔ example 'arabic-digital-services-brief' has the expected shape and validates without warnings (0.147917ms)
cli (macos-latest)	UNKNOWN STEP	2026-09-14T21:45:38.0247230Z   ✔ example 'brazil-climate-adaptation-brief' has the expected shape and validates without warnings (0.13975ms)
cli (macos-latest)	UNKNOWN STEP	2026-09-14T21:45:38.0249560Z   ✔ example 'german-works-council-update' has the expected shape and validates without warnings (0.102791ms)
cli (macos-latest)	UNKNOWN STEP	2026-09-14T21:45:38.0287570Z   ✔ example 'india-rural-payments-pilot' has the expected shape and validates without warnings (0.073459ms)
cli (macos-latest)	UNKNOWN STEP	2026-09-14T21:45:38.0291020Z   ✔ example 'japan-market-entry-readout' has the expected shape and validates without warnings (0.080208ms)
cli (macos-latest)	UNKNOWN STEP	2026-09-14T21:45:38.0293240Z   ✔ example 'customer-qbr-renewal-deck' has the expected shape and validates without warnings (0.15175ms)
cli (macos-latest)	UNKNOWN STEP	2026-09-14T21:45:38.0295640Z   ✔ example 'data-incident-postmortem' has the expected shape and validates without warnings (0.296625ms)
cli (macos-latest)	UNKNOWN STEP	2026-09-14T21:45:38.0297710Z   ✔ example 'developer-conference-talk' has the expected shape and validates without warnings (0.087792ms)
cli (macos-latest)	UNKNOWN STEP	2026-09-14T21:45:38.0299760Z   ✔ example 'executive-workshop-facilitation' has the expected shape and validates without warnings (0.122791ms)
cli (macos-latest)	UNKNOWN STEP	2026-09-14T21:45:38.0301870Z   ✔ example 'manager-training-deck' has the expected shape and validates without warnings (0.235125ms)
cli (macos-latest)	UNKNOWN STEP	2026-09-14T21:45:38.0303840Z   ✔ example 'monthly-board-update' has the expected shape and validates without warnings (0.084916ms)
cli (macos-latest)	UNKNOWN STEP	2026-09-14T21:45:38.0305880Z   ✔ example 'policy-briefing-for-advisors' has the expected shape and validates without warnings (0.21675ms)
cli (macos-latest)	UNKNOWN STEP	2026-09-14T21:45:38.0311650Z   ✔ example 'product-launch-narrative' has the expected shape and validates without warnings (0.197125ms)
cli (macos-latest)	UNKNOWN STEP	2026-09-14T21:45:38.0313790Z   ✔ example 'research-findings-report' has the expected shape and validates without warnings (0.212709ms)
cli (macos-latest)	UNKNOWN STEP	2026-09-14T21:45:38.0317610Z   ✔ example 'seed-pitch-for-climate-risk-api' has the expected shape and validates without warnings (0.073209ms)
cli (macos-latest)	UNKNOWN STEP	2026-09-14T21:45:38.0319750Z   ✔ example 'asset-source-forms' has the expected shape and validates without warnings (0.242042ms)
cli (macos-latest)	UNKNOWN STEP	2026-09-14T21:45:38.0321880Z   ✔ example 'block-composition' has the expected shape and validates without warnings (0.105875ms)
cli (macos-latest)	UNKNOWN STEP	2026-09-14T21:45:38.0323850Z   ✔ example 'catalog-overrides' has the expected shape and validates without warnings (0.160125ms)
cli (macos-latest)	UNKNOWN STEP	2026-09-14T21:45:38.0328820Z   ✔ example 'chart-data-sources' has the expected shape and validates without warnings (0.074959ms)
cli (macos-latest)	UNKNOWN STEP	2026-09-14T21:45:38.0344790Z   ✔ example 'chart-type-sampler' has the expected shape and validates without warnings (0.13575ms)
cli (macos-latest)	UNKNOWN STEP	2026-09-14T21:45:38.0350600Z   ✔ example 'columns' has the expected shape and validates without warnings (0.580333ms)
cli (macos-latest)	UNKNOWN STEP	2026-09-14T21:45:38.0353950Z   ✔ example 'content-payload-matrix' has the expected shape and validates without warnings (0.394416ms)
cli (macos-latest)	UNKNOWN STEP	2026-09-14T21:45:38.0356340Z   ✔ example 'design-backgrounds' has the expected shape and validates without warnings (0.125583ms)
cli (macos-latest)	UNKNOWN STEP	2026-09-14T21:45:38.0360740Z   ✔ example 'dynamic-composition' has the expected shape and validates without warnings (0.25925ms)
cli (macos-latest)	UNKNOWN STEP	2026-09-14T21:45:38.0364980Z   ✔ example 'full-feature-tour' has the expected shape and validates without warnings (0.465459ms)
cli (macos-latest)	UNKNOWN STEP	2026-09-14T21:45:38.0366860Z   ✔ example 'grid-spans' has the expected shape and validates without warnings (0.151916ms)
cli (macos-latest)	UNKNOWN STEP	2026-09-14T21:45:38.0368850Z   ✔ example 'header-footer-logo-set' has the expected shape and validates without warnings (0.098083ms)
cli (macos-latest)	UNKNOWN STEP	2026-09-14T21:45:38.0371490Z   ✔ example 'language-and-writing' has the expected shape and validates without warnings (0.0485ms)
cli (macos-latest)	UNKNOWN STEP	2026-09-14T21:45:38.0372350Z   ✔ example 'media-and-follow-up' has the expected shape and validates without warnings (0.096208ms)
cli (macos-latest)	UNKNOWN STEP	2026-09-14T21:45:38.0373170Z   ✔ example 'metadata-array-forms' has the expected shape and validates without warnings (0.051417ms)
cli (macos-latest)	UNKNOWN STEP	2026-09-14T21:45:38.0374060Z   ✔ example 'metrics-quotes-timeline' has the expected shape and validates without warnings (0.110333ms)
cli (macos-latest)	UNKNOWN STEP	2026-09-14T21:45:38.0374780Z   ✔ example 'minimal' has the expected shape and validates without warnings (0.064292ms)
cli (macos-latest)	UNKNOWN STEP	2026-09-14T21:45:38.0375520Z   ✔ example 'narrative-beats' has the expected shape and validates without warnings (0.127875ms)
cli (macos-latest)	UNKNOWN STEP	2026-09-14T21:45:38.0376290Z   ✔ example 'promoted-region-grid' has the expected shape and validates without warnings (0.202541ms)
cli (macos-latest)	UNKNOWN STEP	2026-09-14T21:45:38.0377250Z   ✔ example 'rich-text-runs' has the expected shape and validates without warnings (0.144666ms)
cli (macos-latest)	UNKNOWN STEP	2026-09-14T21:45:38.0378050Z   ✔ example 'root-content' has the expected shape and validates without warnings (0.057ms)
cli (macos-latest)	UNKNOWN STEP	2026-09-14T21:45:38.0378720Z   ✔ example 'rows-chart' has the expected shape and validates without warnings (0.123583ms)
cli (macos-latest)	UNKNOWN STEP	2026-09-14T21:45:38.0379490Z   ✔ example 'slide-design-overrides' has the expected shape and validates without warnings (0.159042ms)
cli (macos-latest)	UNKNOWN STEP	2026-09-14T21:45:38.0380430Z   ✔ example 'slide-sections' has the expected shape and validates without warnings (0.095375ms)
cli (macos-latest)	UNKNOWN STEP	2026-09-14T21:45:38.0381370Z   ✔ example 'table-and-code' has the expected shape and validates without warnings (0.174292ms)
cli (macos-latest)	UNKNOWN STEP	2026-09-14T21:45:38.0382260Z   ✔ example 'table-cell-types' has the expected shape and validates without warnings (0.114917ms)
cli (macos-latest)	UNKNOWN STEP	2026-09-14T21:45:38.0382970Z ✔ every bundled example validates cleanly (169.302209ms)
cli (macos-latest)	UNKNOWN STEP	2026-09-14T21:45:38.0383340Z ▶ galleries
cli (macos-latest)	UNKNOWN STEP	2026-09-14T21:45:38.0383740Z   ✔ gallery 'business-functions' is well-formed (0.12575ms)
cli (macos-latest)	UNKNOWN STEP	2026-09-14T21:45:38.0384200Z   ✔ gallery 'design-and-media' is well-formed (0.02525ms)
cli (macos-latest)	UNKNOWN STEP	2026-09-14T21:45:38.0384620Z   ✔ gallery 'education' is well-formed (0.020958ms)
cli (macos-latest)	UNKNOWN STEP	2026-09-14T21:45:38.0385030Z   ✔ gallery 'government' is well-formed (0.0265ms)
cli (macos-latest)	UNKNOWN STEP	2026-09-14T21:45:38.0385470Z   ✔ gallery 'industries' is well-formed (0.132708ms)
cli (macos-latest)	UNKNOWN STEP	2026-09-14T21:45:38.0387210Z   ✔ gallery 'international' is well-formed (0.0245ms)
cli (macos-latest)	UNKNOWN STEP	2026-09-14T21:45:38.0390190Z   ✔ gallery 'presentation-types' is well-formed (0.019458ms)
cli (macos-latest)	UNKNOWN STEP	2026-09-14T21:45:38.0391780Z   ✔ getExamplesByGallery matches gallery.examples length for the first gallery (0.105875ms)
cli (macos-latest)	UNKNOWN STEP	2026-09-14T21:45:38.0393440Z   ✔ getGallery resolves a known slug and returns undefined for a bogus one (0.046209ms)
cli (macos-latest)	UNKNOWN STEP	2026-09-14T21:45:38.0394530Z ✔ galleries (0.726041ms)
cli (macos-latest)	UNKNOWN STEP	2026-09-14T21:45:38.0395520Z ✔ getExample resolves a known slug (0.046958ms)
cli (macos-latest)	UNKNOWN STEP	2026-09-14T21:45:38.0396910Z ✔ getExamplesByCategory returns results for a known category (0.047292ms)
cli (macos-latest)	UNKNOWN STEP	2026-09-14T21:45:38.0398870Z ▶ bundled docs
cli (macos-latest)	UNKNOWN STEP	2026-09-14T21:45:38.0399610Z   ✔ has at least one doc (0.22275ms)
cli (macos-latest)	UNKNOWN STEP	2026-09-14T21:45:38.0400490Z   ✔ doc 'agent-skills' has required fields (0.047583ms)
cli (macos-latest)	UNKNOWN STEP	2026-09-14T21:45:38.0401610Z   ✔ doc 'catalog-schema-reference' has required fields (0.020667ms)
cli (macos-latest)	UNKNOWN STEP	2026-09-14T21:45:38.0403320Z   ✔ doc 'content-item-design-overrides' has required fields (0.040208ms)
cli (macos-latest)	UNKNOWN STEP	2026-09-14T21:45:38.0404580Z   ✔ doc 'content-payloads' has required fields (0.044666ms)
cli (macos-latest)	UNKNOWN STEP	2026-09-14T21:45:38.0405640Z   ✔ doc 'data-import' has required fields (0.109417ms)
cli (macos-latest)	UNKNOWN STEP	2026-09-14T21:45:38.0406760Z   ✔ doc 'design-resolution' has required fields (0.037292ms)
cli (macos-latest)	UNKNOWN STEP	2026-09-14T21:45:38.0407890Z   ✔ doc 'dynamic-composition' has required fields (0.041792ms)
cli (macos-latest)	UNKNOWN STEP	2026-09-14T21:45:38.0409200Z   ✔ doc 'ecosystem-development' has required fields (0.020041ms)
cli (macos-latest)	UNKNOWN STEP	2026-09-14T21:45:38.0410460Z   ✔ doc 'evidence-2026-09-08-windows' has required fields (0.019834ms)
cli (macos-latest)	UNKNOWN STEP	2026-09-14T21:45:38.0411540Z   ✔ doc 'examples' has required fields (0.035083ms)
cli (macos-latest)	UNKNOWN STEP	2026-09-14T21:45:38.0412570Z   ✔ doc 'font-fidelity' has required fields (0.022625ms)
cli (macos-latest)	UNKNOWN STEP	2026-09-14T21:45:38.0413590Z   ✔ doc 'handoff-2026-09-08' has required fields (0.0195ms)
cli (macos-latest)	UNKNOWN STEP	2026-09-14T21:45:38.0414690Z   ✔ doc 'handoff-2026-09-10-wrap-up' has required fields (0.018542ms)
cli (macos-latest)	UNKNOWN STEP	2026-09-14T21:45:38.0415870Z   ✔ doc 'handoff-mac-owner-2026-09-10' has required fields (0.018209ms)
cli (macos-latest)	UNKNOWN STEP	2026-09-14T21:45:38.0417330Z   ✔ doc 'handoff-windows-native-2026-09-10' has required fields (0.043625ms)
cli (macos-latest)	UNKNOWN STEP	2026-09-14T21:45:38.0423700Z   ✔ doc 'handoff' has required fields (0.018042ms)
cli (macos-latest)	UNKNOWN STEP	2026-09-14T21:45:38.0424350Z   ✔ doc 'how-opf-works' has required fields (0.017875ms)
cli (macos-latest)	UNKNOWN STEP	2026-09-14T21:45:38.0424710Z   ✔ doc 'live-editor' has required fields (0.017917ms)
cli (macos-latest)	UNKNOWN STEP	2026-09-14T21:45:38.0425060Z   ✔ doc 'llm-authoring' has required fields (0.018083ms)
cli (macos-latest)	UNKNOWN STEP	2026-09-14T21:45:38.0425500Z   ✔ doc 'native-content-release-2026-09-09' has required fields (0.029209ms)
cli (macos-latest)	UNKNOWN STEP	2026-09-14T21:45:38.0426000Z   ✔ doc 'native-feature-matrix-2026-09-09' has required fields (0.019625ms)
cli (macos-latest)	UNKNOWN STEP	2026-09-14T21:45:38.0426450Z   ✔ doc 'open-ecosystem' has required fields (0.019834ms)
cli (macos-latest)	UNKNOWN STEP	2026-09-14T21:45:38.0426840Z   ✔ doc 'pr-backlog-2026-09-09' has required fields (0.022875ms)
cli (macos-latest)	UNKNOWN STEP	2026-09-14T21:45:38.0427230Z   ✔ doc 'release-process' has required fields (0.022917ms)
cli (macos-latest)	UNKNOWN STEP	2026-09-14T21:45:38.0427580Z   ✔ doc 'rich-text' has required fields (0.02375ms)
cli (macos-latest)	UNKNOWN STEP	2026-09-14T21:45:38.0427940Z   ✔ doc 'schema-reference' has required fields (0.022584ms)
cli (macos-latest)	UNKNOWN STEP	2026-09-14T21:45:38.0428350Z   ✔ doc 'security-2026-09-09' has required fields (0.203083ms)
cli (macos-latest)	UNKNOWN STEP	2026-09-14T21:45:38.0428760Z   ✔ doc 'table-text-colors' has required fields (0.021375ms)
cli (macos-latest)	UNKNOWN STEP	2026-09-14T21:45:38.0429290Z   ✔ doc slugs include 'schema-reference' and getDoc resolves known/unknown slugs (0.085291ms)
cli (macos-latest)	UNKNOWN STEP	2026-09-14T21:45:38.0429710Z ✔ bundled docs (1.655625ms)
cli (macos-latest)	UNKNOWN STEP	2026-09-14T21:45:38.0430050Z ▶ fenced JSON presentation examples embedded in docs
cli (macos-latest)	UNKNOWN STEP	2026-09-14T21:45:38.0430550Z   ✔ doc 'design-resolution' fenced JSON example #0 validates cleanly (0.203125ms)
cli (macos-latest)	UNKNOWN STEP	2026-09-14T21:45:38.0431120Z   ✔ doc 'design-resolution' fenced JSON example #1 validates cleanly (0.101958ms)
cli (macos-latest)	UNKNOWN STEP	2026-09-14T21:45:38.0431660Z   ✔ doc 'dynamic-composition' fenced JSON example #0 validates cleanly (0.072167ms)
cli (macos-latest)	UNKNOWN STEP	2026-09-14T21:45:38.0432180Z   ✔ doc 'how-opf-works' fenced JSON example #0 validates cleanly (0.043ms)
cli (macos-latest)	UNKNOWN STEP	2026-09-14T21:45:38.0432750Z   ✔ doc 'how-opf-works' fenced JSON example #1 validates cleanly (0.091417ms)
cli (macos-latest)	UNKNOWN STEP	2026-09-14T21:45:38.0434030Z   ✔ doc 'how-opf-works' fenced JSON example #2 validates cleanly (0.058292ms)
cli (macos-latest)	UNKNOWN STEP	2026-09-14T21:45:38.0434520Z   ✔ doc 'how-opf-works' fenced JSON example #3 validates cleanly (0.175834ms)
cli (macos-latest)	UNKNOWN STEP	2026-09-14T21:45:38.0435020Z   ✔ doc 'llm-authoring' fenced JSON example #0 validates cleanly (0.067833ms)
cli (macos-latest)	UNKNOWN STEP	2026-09-14T21:45:38.0435540Z   ✔ at least 5 presentation examples are validated across docs (0.045ms)
cli (macos-latest)	UNKNOWN STEP	2026-09-14T21:45:38.0436130Z ✔ fenced JSON presentation examples embedded in docs (0.988958ms)
cli (macos-latest)	UNKNOWN STEP	2026-09-14T21:45:38.0436440Z ▶ schema $ids
cli (macos-latest)	UNKNOWN STEP	2026-09-14T21:45:38.0436940Z   ✔ presentation schema has the canonical $id (0.372208ms)
cli (macos-latest)	UNKNOWN STEP	2026-09-14T21:45:38.0437330Z   ✔ audience schema has the canonical $id (0.095208ms)
cli (macos-latest)	UNKNOWN STEP	2026-09-14T21:45:38.0437700Z   ✔ socialPlatform schema has the canonical $id (0.05675ms)
cli (macos-latest)	UNKNOWN STEP	2026-09-14T21:45:38.0438000Z ✔ schema $ids (1.108875ms)
cli (macos-latest)	UNKNOWN STEP	2026-09-14T21:45:38.0438220Z ▶ catalog export shapes
cli (macos-latest)	UNKNOWN STEP	2026-09-14T21:45:38.0438490Z   ✔ audiences catalog is non-empty (0.171958ms)
cli (macos-latest)	UNKNOWN STEP	2026-09-14T21:45:38.0438840Z   ✔ tones catalog is non-empty (0.050709ms)
cli (macos-latest)	UNKNOWN STEP	2026-09-14T21:45:38.0439210Z   ✔ socialPlatforms catalog is non-empty (0.042875ms)
cli (macos-latest)	UNKNOWN STEP	2026-09-14T21:45:38.0439640Z   ✔ catalogs.audiences matches the audiences export length (0.089125ms)
cli (macos-latest)	UNKNOWN STEP	2026-09-14T21:45:38.0440810Z   ✔ catalogs.socialPlatforms matches the socialPlatforms export length (0.071875ms)
cli (macos-latest)	UNKNOWN STEP	2026-09-14T21:45:38.0441430Z   ✔ catalogs.chartTypes is non-empty (0.058792ms)
cli (macos-latest)	UNKNOWN STEP	2026-09-14T21:45:38.0442010Z   ✔ chartTypes catalog keeps 'united-kingdom' and drops the removed typo id (0.098958ms)
cli (macos-latest)	UNKNOWN STEP	2026-09-14T21:45:38.0442650Z   ✔ chartTypes catalogEntries entry has the expected schemaName and files (0.068625ms)
cli (macos-latest)	UNKNOWN STEP	2026-09-14T21:45:38.0443250Z   ✔ socialPlatforms catalogEntries entry has the expected schemaName (0.064708ms)
cli (macos-latest)	UNKNOWN STEP	2026-09-14T21:45:38.0443730Z   ✔ purposes catalog is non-empty (0.032541ms)
cli (macos-latest)	UNKNOWN STEP	2026-09-14T21:45:38.0480280Z   ✔ languages catalog includes English (US) and English (GB) with correct bcp47 tags (0.045042ms)
cli (macos-latest)	UNKNOWN STEP	2026-09-14T21:45:38.0482200Z ✔ catalog export shapes (1.066ms)
cli (macos-latest)	UNKNOWN STEP	2026-09-14T21:45:38.0482880Z ▶ catalog entries validate
cli (macos-latest)	UNKNOWN STEP	2026-09-14T21:45:38.0483940Z   ✔ catalog 'audiences' has records and its first record validates (34.155459ms)
cli (macos-latest)	UNKNOWN STEP	2026-09-14T21:45:38.0485330Z   ✔ catalog 'purposes' has records and its first record validates (1.987375ms)
cli (macos-latest)	UNKNOWN STEP	2026-09-14T21:45:38.0486640Z   ✔ catalog 'tones' has records and its first record validates (1.478333ms)
cli (macos-latest)	UNKNOWN STEP	2026-09-14T21:45:38.0487910Z   ✔ catalog 'themes' has records and its first record validates (2.431583ms)
cli (macos-latest)	UNKNOWN STEP	2026-09-14T21:45:38.0489180Z   ✔ catalog 'layouts' has records and its first record validates (3.769917ms)
cli (macos-latest)	UNKNOWN STEP	2026-09-14T21:45:38.0490540Z   ✔ catalog 'chartTypes' has records and its first record validates (5.820083ms)
cli (macos-latest)	UNKNOWN STEP	2026-09-14T21:45:38.0491900Z   ✔ catalog 'narratives' has records and its first record validates (2.961333ms)
cli (macos-latest)	UNKNOWN STEP	2026-09-14T21:45:38.0493360Z   ✔ catalog 'socialPlatforms' has records and its first record validates (3.513125ms)
cli (macos-latest)	UNKNOWN STEP	2026-09-14T21:45:38.0494760Z   ✔ catalog 'languages' has records and its first record validates (1.432291ms)
cli (macos-latest)	UNKNOWN STEP	2026-09-14T21:45:38.0496160Z   ✔ catalog 'colorSchemes' has records and its first record validates (1.482709ms)
cli (macos-latest)	UNKNOWN STEP	2026-09-14T21:45:38.0497550Z   ✔ catalog 'fontSchemes' has records and its first record validates (1.380458ms)
cli (macos-latest)	UNKNOWN STEP	2026-09-14T21:45:38.0498670Z ✔ catalog entries validate (60.820167ms)
cli (macos-latest)	UNKNOWN STEP	2026-09-14T21:45:38.0499380Z ▶ catalog cross-links resolve
cli (macos-latest)	UNKNOWN STEP	2026-09-14T21:45:38.0500300Z   ✔ audiences/executives has no broken cross-links (0.194792ms)
cli (macos-latest)	UNKNOWN STEP	2026-09-14T21:45:38.0501350Z   ✔ audiences/board has no broken cross-links (0.04675ms)
cli (macos-latest)	UNKNOWN STEP	2026-09-14T21:45:38.0502470Z   ✔ audiences/engineering-team has no broken cross-links (0.030084ms)
cli (macos-latest)	UNKNOWN STEP	2026-09-14T21:45:38.0503580Z   ✔ audiences/investors has no broken cross-links (0.0265ms)
cli (macos-latest)	UNKNOWN STEP	2026-09-14T21:45:38.0504630Z   ✔ audiences/customers has no broken cross-links (0.02825ms)
cli (macos-latest)	UNKNOWN STEP	2026-09-14T21:45:38.0505680Z   ✔ audiences/sales-team has no broken cross-links (0.033958ms)
cli (macos-latest)	UNKNOWN STEP	2026-09-14T21:45:38.0506780Z   ✔ audiences/marketing-team has no broken cross-links (0.025792ms)
cli (macos-latest)	UNKNOWN STEP	2026-09-14T21:45:38.0509430Z   ✔ audiences/all-hands has no broken cross-links (0.024875ms)
cli (macos-latest)	UNKNOWN STEP	2026-09-14T21:45:38.0510520Z   ✔ audiences/candidates has no broken cross-links (0.025083ms)
cli (macos-latest)	UNKNOWN STEP	2026-09-14T21:45:38.0511760Z   ✔ audiences/regulators has no broken cross-links (0.041125ms)
cli (macos-latest)	UNKNOWN STEP	2026-09-14T21:45:38.0512800Z   ✔ purposes/inform has no broken cross-links (0.051583ms)
cli (macos-latest)	UNKNOWN STEP	2026-09-14T21:45:38.0513810Z   ✔ purposes/decide has no broken cross-links (0.029125ms)
cli (macos-latest)	UNKNOWN STEP	2026-09-14T21:45:38.0514790Z   ✔ purposes/align has no broken cross-links (0.026625ms)
cli (macos-latest)	UNKNOWN STEP	2026-09-14T21:45:38.0516700Z   ✔ purposes/persuade has no broken cross-links (0.030208ms)
cli (macos-latest)	UNKNOWN STEP	2026-09-14T21:45:38.0517880Z   ✔ purposes/educate has no broken cross-links (0.03975ms)
cli (macos-latest)	UNKNOWN STEP	2026-09-14T21:45:38.0518870Z   ✔ purposes/report has no broken cross-links (0.029917ms)
cli (macos-latest)	UNKNOWN STEP	2026-09-14T21:45:38.0519840Z   ✔ purposes/pitch has no broken cross-links (0.023583ms)
cli (macos-latest)	UNKNOWN STEP	2026-09-14T21:45:38.0521080Z   ✔ purposes/sell has no broken cross-links (0.024625ms)
cli (macos-latest)	UNKNOWN STEP	2026-09-14T21:45:38.0521660Z   ✔ purposes/plan has no broken cross-links (0.027792ms)
cli (macos-latest)	UNKNOWN STEP	2026-09-14T21:45:38.0522020Z   ✔ tones/formal has no broken cross-links (0.0455ms)
cli (macos-latest)	UNKNOWN STEP	2026-09-14T21:45:38.0522420Z   ✔ tones/casual has no broken cross-links (0.068917ms)
cli (macos-latest)	UNKNOWN STEP	2026-09-14T21:45:38.0522870Z   ✔ tones/inspirational has no broken cross-links (0.040292ms)
cli (macos-latest)	UNKNOWN STEP	2026-09-14T21:45:38.0523260Z   ✔ tones/technical has no broken cross-links (0.04625ms)
cli (macos-latest)	UNKNOWN STEP	2026-09-14T21:45:38.0523640Z   ✔ tones/persuasive has no broken cross-links (0.031459ms)
cli (macos-latest)	UNKNOWN STEP	2026-09-14T21:45:38.0524040Z   ✔ tones/authoritative has no broken cross-links (0.03725ms)
cli (macos-latest)	UNKNOWN STEP	2026-09-14T21:45:38.0524460Z   ✔ tones/conversational has no broken cross-links (0.031917ms)
cli (macos-latest)	UNKNOWN STEP	2026-09-14T21:45:38.0524970Z   ✔ invalid en-UK language catalog record is rejected with a helpful message (0.097584ms)
cli (macos-latest)	UNKNOWN STEP	2026-09-14T21:45:38.0525490Z   ✔ broken cross-links in a catalog record warn, never error (0.059542ms)
cli (macos-latest)	UNKNOWN STEP	2026-09-14T21:45:38.0525890Z ✔ catalog cross-links resolve (1.668916ms)
cli (macos-latest)	UNKNOWN STEP	2026-09-14T21:45:38.0526140Z ▶ repo readme export
cli (macos-latest)	UNKNOWN STEP	2026-09-14T21:45:38.0526540Z   ✔ repoReadme ships as a non-trivial string mentioning the format name (0.128541ms)
cli (macos-latest)	UNKNOWN STEP	2026-09-14T21:45:38.0526960Z ✔ repo readme export (0.159166ms)
cli (macos-latest)	UNKNOWN STEP	2026-09-14T21:45:38.0527590Z ✔ furniture preserves inherited/local sources, whitespace and generated metadata at both floors (14.528208ms)
cli (macos-latest)	UNKNOWN STEP	2026-09-14T21:45:38.0528340Z ✔ whole local overrides and explicit false preserve furniture-free body geometry (0.415708ms)
cli (macos-latest)	UNKNOWN STEP	2026-09-14T21:45:38.0529010Z ✔ images and every authored/generated field coexist without deleting text (0.219042ms)
cli (macos-latest)	UNKNOWN STEP	2026-09-14T21:45:38.0529810Z ✔ missing generated values diagnose controlling paths and strict composition/pagination reject them (184.441583ms)
cli (macos-latest)	UNKNOWN STEP	2026-09-14T21:45:38.0530570Z ✔ irreducible furniture and provided ink cannot be hidden by body pagination (5.959375ms)
cli (macos-latest)	UNKNOWN STEP	2026-09-14T21:45:38.0531240Z ✔ pagination repeats furniture and retains exact body source and mappings (97.489334ms)
cli (macos-latest)	UNKNOWN STEP	2026-09-14T21:45:38.0531850Z ✔ a continuation whose wider number cannot fit fails atomically (39.807042ms)
cli (macos-latest)	UNKNOWN STEP	2026-09-14T21:45:39.2703490Z ✔ public generated payload declarations agree with closed schema fields (1083.801542ms)
cli (macos-latest)	UNKNOWN STEP	2026-09-14T21:45:39.8238620Z ✔ composition accepts complete metric geometry against its rounded cell and aliases the value fit (7.057917ms)
cli (macos-latest)	UNKNOWN STEP	2026-09-14T21:45:39.8278790Z ✔ metric scoring includes long metadata and charges each failing leaf once (8.770666ms)
cli (macos-latest)	UNKNOWN STEP	2026-09-14T21:45:39.8300010Z ✔ slide alignment overrides host alignment for complete metric parts (0.949292ms)
cli (macos-latest)	UNKNOWN STEP	2026-09-14T21:45:39.8339790Z ✔ strict ancestors reject complete metric field paths without changing source (1158.372667ms)
cli (macos-latest)	UNKNOWN STEP	2026-09-14T21:45:39.8345760Z ✔ explicit metric placement and weights remain authoritative despite overflowing metadata (81.16975ms)
cli (macos-latest)	UNKNOWN STEP	2026-09-14T21:45:39.8396240Z ✔ atomic metric pagination preserves scalar/metadata types and persists its readable floor (191.106ms)
cli (macos-latest)	UNKNOWN STEP	2026-09-14T21:45:39.8401370Z ✔ irreducible atomic metrics reject all pagination output including empty values after earlier content (207.748292ms)
cli (macos-latest)	UNKNOWN STEP	2026-09-14T21:45:39.8440630Z ✔ metric value, unit, labels, zero delta and trend retain their own editable source paths (3.3095ms)
cli (macos-latest)	UNKNOWN STEP	2026-09-14T21:45:39.8442610Z ✔ short units stay next to the value on the same baseline; long units and values stack (32.543125ms)
cli (macos-latest)	UNKNOWN STEP	2026-09-14T21:45:39.8453820Z ✔ inline fitting tries a smaller single-line value before rejecting a compact readable metric (0.941166ms)
cli (macos-latest)	UNKNOWN STEP	2026-09-14T21:45:39.8501570Z ✔ metric alignment positions the inline pair together and records exact origins for every source line (0.483209ms)
cli (macos-latest)	UNKNOWN STEP	2026-09-14T21:45:39.8602760Z ✔ metadata borrows spare primary space before reducing type and exposes resolved style paths (0.360625ms)
cli (macos-latest)	UNKNOWN STEP	2026-09-14T21:45:39.8702600Z ✔ explicit readability floors raise nominal labels and remain invariant across canvas scales (0.785334ms)
cli (macos-latest)	UNKNOWN STEP	2026-09-14T21:45:39.8757790Z ✔ irreducible metadata retains all source and strict rejection reports its actual path (2.426834ms)
cli (macos-latest)	UNKNOWN STEP	2026-09-14T21:45:39.8770720Z ✔ empty optional fields retain source without blank spacing and an empty value stays targetable (0.43125ms)
cli (macos-latest)	UNKNOWN STEP	2026-09-14T21:45:39.8778030Z ✔ metric whitespace, tabs and Unicode retain exact line and segment boundaries (1.619875ms)
cli (macos-latest)	UNKNOWN STEP	2026-09-14T21:45:39.8782150Z ✔ invalid input, failed measurement and non-finite geometry reject without plausible substitute fits (0.782458ms)
cli (macos-latest)	UNKNOWN STEP	2026-09-14T21:45:39.8837960Z ✔ difficult metrics use a bounded deterministic candidate search independent of canvas scale (237.727167ms)
cli (macos-latest)	UNKNOWN STEP	2026-09-14T21:45:39.8847990Z ✔ metric outlines preserve exact tabs and whitespace while containing overhangs, tall ink and inline baselines (11.054375ms)
cli (macos-latest)	UNKNOWN STEP	2026-09-14T21:45:39.8883370Z ✔ metric outline-aware fitting retains the readability floor and rejects irreducible ink (8.609541ms)
cli (macos-latest)	UNKNOWN STEP	2026-09-14T21:45:39.8891100Z ✔ zero outline clearance is explicit and width-only providers retain prior geometry (0.390583ms)
cli (macos-latest)	UNKNOWN STEP	2026-09-14T21:45:39.8892370Z ✔ invalid metric outline providers and padding reject instead of silently accepting width-only fits (0.325334ms)
cli (macos-latest)	UNKNOWN STEP	2026-09-14T21:45:39.8893390Z ✔ plain source ranges retain whitespace, hard breaks and explicit tabs at every width (4.905791ms)
cli (macos-latest)	UNKNOWN STEP	2026-09-14T21:45:39.8894310Z ✔ nonbreaking prose tokens stay intact and overflow at the readability floor (0.344958ms)
cli (macos-latest)	UNKNOWN STEP	2026-09-14T21:45:39.8895300Z ✔ accepted scalar placement unions text outlines at tab stops without shaping controls (4.112459ms)
cli (macos-latest)	UNKNOWN STEP	2026-09-14T21:45:39.9448570Z ▶ layoutPreviews export
cli (macos-latest)	UNKNOWN STEP	2026-09-14T21:45:39.9521500Z   ✔ is a non-empty record of HTML strings (1.987291ms)
cli (macos-latest)	UNKNOWN STEP	2026-09-14T21:45:39.9557300Z ✔ layoutPreviews export (4.215833ms)
cli (macos-latest)	UNKNOWN STEP	2026-09-14T21:45:39.9557850Z ▶ layoutPreviewIndex export
cli (macos-latest)	UNKNOWN STEP	2026-09-14T21:45:39.9559010Z   ✔ records match Object.keys(layoutPreviews) exactly (3.493ms)
cli (macos-latest)	UNKNOWN STEP	2026-09-14T21:45:39.9561720Z   ✔ preview record 'action-plan' bytes match its source file's UTF-8 byte length (1.199625ms)
cli (macos-latest)	UNKNOWN STEP	2026-09-14T21:45:39.9580800Z   ✔ preview record 'agenda' bytes match its source file's UTF-8 byte length (0.600917ms)
cli (macos-latest)	UNKNOWN STEP	2026-09-14T21:45:39.9594950Z   ✔ preview record 'appendix-index' bytes match its source file's UTF-8 byte length (0.933583ms)
cli (macos-latest)	UNKNOWN STEP	2026-09-14T21:45:39.9600970Z   ✔ preview record 'architecture-stack' bytes match its source file's UTF-8 byte length (0.587875ms)
cli (macos-latest)	UNKNOWN STEP	2026-09-14T21:45:39.9639070Z   ✔ preview record 'assumptions-dependencies' bytes match its source file's UTF-8 byte length (0.26175ms)
cli (macos-latest)	UNKNOWN STEP	2026-09-14T21:45:39.9752930Z   ✔ preview record 'before-after' bytes match its source file's UTF-8 byte length (0.100666ms)
cli (macos-latest)	UNKNOWN STEP	2026-09-14T21:45:39.9854500Z   ✔ preview record 'benchmark-target-table' bytes match its source file's UTF-8 byte length (0.081167ms)
cli (macos-latest)	UNKNOWN STEP	2026-09-14T21:45:39.9904620Z   ✔ preview record 'bullet-list' bytes match its source file's UTF-8 byte length (0.34ms)
cli (macos-latest)	UNKNOWN STEP	2026-09-14T21:45:39.9947220Z   ✔ preview record 'business-model-canvas' bytes match its source file's UTF-8 byte length (0.074667ms)
cli (macos-latest)	UNKNOWN STEP	2026-09-14T21:45:39.9963070Z   ✔ preview record 'capability-map' bytes match its source file's UTF-8 byte length (0.062958ms)
cli (macos-latest)	UNKNOWN STEP	2026-09-14T21:45:40.0021370Z   ✔ preview record 'case-study' bytes match its source file's UTF-8 byte length (0.051917ms)
cli (macos-latest)	UNKNOWN STEP	2026-09-14T21:45:40.0028640Z   ✔ preview record 'chapter-recap' bytes match its source file's UTF-8 byte length (0.048292ms)
cli (macos-latest)	UNKNOWN STEP	2026-09-14T21:45:40.0064160Z   ✔ preview record 'circular-lifecycle' bytes match its source file's UTF-8 byte length (0.877125ms)
cli (macos-latest)	UNKNOWN STEP	2026-09-14T21:45:40.0074130Z   ✔ preview record 'comparison' bytes match its source file's UTF-8 byte length (0.285083ms)
cli (macos-latest)	UNKNOWN STEP	2026-09-14T21:45:40.0145340Z   ✔ preview record 'competitive-landscape' bytes match its source file's UTF-8 byte length (0.155583ms)
cli (macos-latest)	UNKNOWN STEP	2026-09-14T21:45:40.0247580Z   ✔ preview record 'customer-journey' bytes match its source file's UTF-8 byte length (0.403458ms)
cli (macos-latest)	UNKNOWN STEP	2026-09-14T21:45:40.0359680Z   ✔ preview record 'customer-logos' bytes match its source file's UTF-8 byte length (0.186375ms)
cli (macos-latest)	UNKNOWN STEP	2026-09-14T21:45:40.0470560Z   ✔ preview record 'dashboard' bytes match its source file's UTF-8 byte length (0.166375ms)
cli (macos-latest)	UNKNOWN STEP	2026-09-14T21:45:40.0577840Z   ✔ preview record 'data-visualization' bytes match its source file's UTF-8 byte length (0.350584ms)
cli (macos-latest)	UNKNOWN STEP	2026-09-14T21:45:40.0679620Z   ✔ preview record 'decision-tree' bytes match its source file's UTF-8 byte length (0.132125ms)
cli (macos-latest)	UNKNOWN STEP	2026-09-14T21:45:40.0767220Z   ✔ preview record 'detailed-data-table' bytes match its source file's UTF-8 byte length (0.224125ms)
cli (macos-latest)	UNKNOWN STEP	2026-09-14T21:45:40.0804690Z   ✔ preview record 'ecosystem-map' bytes match its source file's UTF-8 byte length (0.15975ms)
cli (macos-latest)	UNKNOWN STEP	2026-09-14T21:45:40.0810410Z   ✔ preview record 'executive-decision' bytes match its source file's UTF-8 byte length (0.613333ms)
cli (macos-latest)	UNKNOWN STEP	2026-09-14T21:45:40.0856260Z   ✔ preview record 'executive-summary' bytes match its source file's UTF-8 byte length (0.242542ms)
cli (macos-latest)	UNKNOWN STEP	2026-09-14T21:45:40.0919910Z   ✔ preview record 'faq' bytes match its source file's UTF-8 byte length (0.199208ms)
cli (macos-latest)	UNKNOWN STEP	2026-09-14T21:45:40.0954860Z   ✔ preview record 'feature-comparison-matrix' bytes match its source file's UTF-8 byte length (0.421209ms)
cli (macos-latest)	UNKNOWN STEP	2026-09-14T21:45:40.0959460Z   ✔ preview record 'forecast-scenario' bytes match its source file's UTF-8 byte length (0.296667ms)
cli (macos-latest)	UNKNOWN STEP	2026-09-14T21:45:40.1062330Z   ✔ preview record 'funnel-pyramid' bytes match its source file's UTF-8 byte length (0.371125ms)
cli (macos-latest)	UNKNOWN STEP	2026-09-14T21:45:40.1163200Z   ✔ preview record 'gantt-project-plan' bytes match its source file's UTF-8 byte length (0.268083ms)
cli (macos-latest)	UNKNOWN STEP	2026-09-14T21:45:40.1265650Z   ✔ preview record 'geographic-map' bytes match its source file's UTF-8 byte length (0.208084ms)
cli (macos-latest)	UNKNOWN STEP	2026-09-14T21:45:40.1367320Z   ✔ preview record 'heatmap-cohort' bytes match its source file's UTF-8 byte length (0.157625ms)
cli (macos-latest)	UNKNOWN STEP	2026-09-14T21:45:40.1467780Z   ✔ preview record 'hub-and-spoke' bytes match its source file's UTF-8 byte length (0.154209ms)
cli (macos-latest)	UNKNOWN STEP	2026-09-14T21:45:40.1569460Z   ✔ preview record 'icon-grid' bytes match its source file's UTF-8 byte length (0.142791ms)
cli (macos-latest)	UNKNOWN STEP	2026-09-14T21:45:40.1672430Z   ✔ preview record 'image-focus' bytes match its source file's UTF-8 byte length (0.162042ms)
cli (macos-latest)	UNKNOWN STEP	2026-09-14T21:45:40.1774710Z   ✔ preview record 'key-takeaway' bytes match its source file's UTF-8 byte length (0.137708ms)
cli (macos-latest)	UNKNOWN STEP	2026-09-14T21:45:40.1885250Z   ✔ preview record 'kpi-scorecard' bytes match its source file's UTF-8 byte length (0.777666ms)
cli (macos-latest)	UNKNOWN STEP	2026-09-14T21:45:40.1994110Z   ✔ preview record 'logic-tree' bytes match its source file's UTF-8 byte length (0.12925ms)
cli (macos-latest)	UNKNOWN STEP	2026-09-14T21:45:40.2095710Z   ✔ preview record 'market-size' bytes match its source file's UTF-8 byte length (0.06075ms)
cli (macos-latest)	UNKNOWN STEP	2026-09-14T21:45:40.2206700Z   ✔ preview record 'matrix-quadrant' bytes match its source file's UTF-8 byte length (0.051083ms)
cli (macos-latest)	UNKNOWN STEP	2026-09-14T21:45:40.2310250Z   ✔ preview record 'network-dependency-map' bytes match its source file's UTF-8 byte length (0.120084ms)
cli (macos-latest)	UNKNOWN STEP	2026-09-14T21:45:40.2413960Z   ✔ preview record 'one-column-explainer' bytes match its source file's UTF-8 byte length (0.05175ms)
cli (macos-latest)	UNKNOWN STEP	2026-09-14T21:45:40.2560890Z   ✔ preview record 'org-chart' bytes match its source file's UTF-8 byte length (0.057666ms)
cli (macos-latest)	UNKNOWN STEP	2026-09-14T21:45:40.2669410Z   ✔ preview record 'persona-grid' bytes match its source file's UTF-8 byte length (0.103542ms)
cli (macos-latest)	UNKNOWN STEP	2026-09-14T21:45:40.2780150Z   ✔ preview record 'photo-grid' bytes match its source file's UTF-8 byte length (0.050417ms)
cli (macos-latest)	UNKNOWN STEP	2026-09-14T21:45:40.2882370Z   ✔ preview record 'pricing-table' bytes match its source file's UTF-8 byte length (0.051667ms)
cli (macos-latest)	UNKNOWN STEP	2026-09-14T21:45:40.3008400Z   ✔ preview record 'process-flow' bytes match its source file's UTF-8 byte length (0.38025ms)
cli (macos-latest)	UNKNOWN STEP	2026-09-14T21:45:40.3111960Z   ✔ preview record 'product-feature' bytes match its source file's UTF-8 byte length (0.078458ms)
cli (macos-latest)	UNKNOWN STEP	2026-09-14T21:45:40.3213680Z   ✔ preview record 'pros-cons' bytes match its source file's UTF-8 byte length (0.050333ms)
cli (macos-latest)	UNKNOWN STEP	2026-09-14T21:45:40.3314400Z   ✔ preview record 'qa-discussion' bytes match its source file's UTF-8 byte length (0.17125ms)
cli (macos-latest)	UNKNOWN STEP	2026-09-14T21:45:40.3415510Z   ✔ preview record 'quote-highlight' bytes match its source file's UTF-8 byte length (0.064084ms)
cli (macos-latest)	UNKNOWN STEP	2026-09-14T21:45:40.3517530Z   ✔ preview record 'raci-matrix' bytes match its source file's UTF-8 byte length (0.141833ms)
cli (macos-latest)	UNKNOWN STEP	2026-09-14T21:45:40.3622040Z   ✔ preview record 'risk-heatmap' bytes match its source file's UTF-8 byte length (0.087625ms)
cli (macos-latest)	UNKNOWN STEP	2026-09-14T21:45:40.3722780Z   ✔ preview record 'roadmap' bytes match its source file's UTF-8 byte length (0.094ms)
cli (macos-latest)	UNKNOWN STEP	2026-09-14T21:45:40.3826770Z   ✔ preview record 'screenshot-walkthrough' bytes match its source file's UTF-8 byte length (0.254958ms)
cli (macos-latest)	UNKNOWN STEP	2026-09-14T21:45:40.3927280Z   ✔ preview record 'section-divider' bytes match its source file's UTF-8 byte length (0.151584ms)
cli (macos-latest)	UNKNOWN STEP	2026-09-14T21:45:40.4028990Z   ✔ preview record 'single-message-statement' bytes match its source file's UTF-8 byte length (0.050417ms)
cli (macos-latest)	UNKNOWN STEP	2026-09-14T21:45:40.4131730Z   ✔ preview record 'stats-metrics' bytes match its source file's UTF-8 byte length (0.041791ms)
cli (macos-latest)	UNKNOWN STEP	2026-09-14T21:45:40.4232370Z   ✔ preview record 'status-rag' bytes match its source file's UTF-8 byte length (0.054583ms)
cli (macos-latest)	UNKNOWN STEP	2026-09-14T21:45:40.4333820Z   ✔ preview record 'swimlane-process' bytes match its source file's UTF-8 byte length (0.039917ms)
cli (macos-latest)	UNKNOWN STEP	2026-09-14T21:45:40.4435650Z   ✔ preview record 'swot-analysis' bytes match its source file's UTF-8 byte length (0.051542ms)
cli (macos-latest)	UNKNOWN STEP	2026-09-14T21:45:40.4536350Z   ✔ preview record 'team-bio' bytes match its source file's UTF-8 byte length (0.072333ms)
cli (macos-latest)	UNKNOWN STEP	2026-09-14T21:45:40.4638380Z   ✔ preview record 'testimonial-grid' bytes match its source file's UTF-8 byte length (0.046041ms)
cli (macos-latest)	UNKNOWN STEP	2026-09-14T21:45:40.4741180Z   ✔ preview record 'thank-you-cta' bytes match its source file's UTF-8 byte length (0.8595ms)
cli (macos-latest)	UNKNOWN STEP	2026-09-14T21:45:40.4843550Z   ✔ preview record 'three-column' bytes match its source file's UTF-8 byte length (0.181458ms)
cli (macos-latest)	UNKNOWN STEP	2026-09-14T21:45:40.4946480Z   ✔ preview record 'timeline' bytes match its source file's UTF-8 byte length (0.070833ms)
cli (macos-latest)	UNKNOWN STEP	2026-09-14T21:45:40.5048330Z   ✔ preview record 'title-slide' bytes match its source file's UTF-8 byte length (0.09775ms)
cli (macos-latest)	UNKNOWN STEP	2026-09-14T21:45:40.5150190Z   ✔ preview record 'two-column' bytes match its source file's UTF-8 byte length (0.064375ms)
cli (macos-latest)	UNKNOWN STEP	2026-09-14T21:45:40.5251470Z   ✔ preview record 'venn-overlap' bytes match its source file's UTF-8 byte length (0.123084ms)
cli (macos-latest)	UNKNOWN STEP	2026-09-14T21:45:40.5353570Z   ✔ preview record 'waterfall-bridge' bytes match its source file's UTF-8 byte length (0.047167ms)
cli (macos-latest)	UNKNOWN STEP	2026-09-14T21:45:40.5455300Z   ✔ preview record 'wheel-radial' bytes match its source file's UTF-8 byte length (0.060041ms)
cli (macos-latest)	UNKNOWN STEP	2026-09-14T21:45:40.5556390Z ✔ layoutPreviewIndex export (21.675084ms)
cli (macos-latest)	UNKNOWN STEP	2026-09-14T21:45:40.5665920Z ▶ getLayoutPreview
cli (macos-latest)	UNKNOWN STEP	2026-09-14T21:45:40.5766360Z   ✔ returns the HTML for a known slug (0.072125ms)
cli (macos-latest)	UNKNOWN STEP	2026-09-14T21:45:40.5867620Z   ✔ returns undefined for a bogus slug (0.030792ms)
cli (macos-latest)	UNKNOWN STEP	2026-09-14T21:45:40.5968090Z ✔ getLayoutPreview (0.162083ms)
cli (macos-latest)	UNKNOWN STEP	2026-09-14T21:45:40.6069260Z ▶ hasLayoutPreview
cli (macos-latest)	UNKNOWN STEP	2026-09-14T21:45:40.6169680Z   ✔ returns true for a known slug (0.073959ms)
cli (macos-latest)	UNKNOWN STEP	2026-09-14T21:45:40.6270890Z   ✔ returns false for a bogus slug (0.438875ms)
cli (macos-latest)	UNKNOWN STEP	2026-09-14T21:45:40.6374310Z ✔ hasLayoutPreview (0.983084ms)
cli (macos-latest)	UNKNOWN STEP	2026-09-14T21:45:42.0066380Z ✔ accepted quote geometry includes all parts without changing source or re-measuring for explanations (4.438583ms)
cli (macos-latest)	UNKNOWN STEP	2026-09-14T21:45:42.0071240Z ✔ automatic candidates account for footer fit and choose the arrangement that keeps it readable (7.886208ms)
cli (macos-latest)	UNKNOWN STEP	2026-09-14T21:45:42.0072220Z ✔ strict ancestors reject a quote body diagnostic below the leaf path (239.645625ms)
cli (macos-latest)	UNKNOWN STEP	2026-09-14T21:45:42.0072950Z ✔ strict path matching respects component boundaries rather than numeric prefixes (231.51325ms)
cli (macos-latest)	UNKNOWN STEP	2026-09-14T21:45:42.0073870Z ✔ pagination preserves quote body, repeated metadata, ranges and the accepted readability floor (1499.056625ms)
cli (macos-latest)	UNKNOWN STEP	2026-09-14T21:45:42.0075910Z ✔ irreducible footer overflow rejects pagination without mutating or returning partial content (26.893375ms)
cli (macos-latest)	UNKNOWN STEP	2026-09-14T21:45:42.0286750Z ✔ complete quote layout preserves source ranges, requested/resolved styles and legacy readable geometry (2.704625ms)
cli (macos-latest)	UNKNOWN STEP	2026-09-14T21:45:42.0292440Z ✔ shorthand and empty metadata preserve schema paths without an invented footer (0.432417ms)
cli (macos-latest)	UNKNOWN STEP	2026-09-14T21:45:42.0293500Z ✔ body and footer share available space before shrinking text or changing the outer arrangement (7.400166ms)
cli (macos-latest)	UNKNOWN STEP	2026-09-14T21:45:42.0301400Z ✔ long footer, body/footer collision and strict rejection remain explicit without source truncation (108.504416ms)
cli (macos-latest)	UNKNOWN STEP	2026-09-14T21:45:42.0304130Z ✔ tiny cells retain invalid available dimensions and never measure an invented fitting box (0.213041ms)
cli (macos-latest)	UNKNOWN STEP	2026-09-14T21:45:42.0305030Z ✔ explicit readability floors are respected after scaling, including above nominal footer size (0.1905ms)
cli (macos-latest)	UNKNOWN STEP	2026-09-14T21:45:42.0305840Z ✔ invalid content, geometry, scales and policies fail before reporting a usable layout (0.229333ms)
cli (macos-latest)	UNKNOWN STEP	2026-09-14T21:45:42.0306640Z ✔ plain, rich, list description, marker and table glyphs honor selected floors (7.698583ms)
cli (macos-latest)	UNKNOWN STEP	2026-09-14T21:45:42.0308310Z ✔ short headings and nested content use the scaled floor with or without outlines (4.533916ms)
cli (macos-latest)	UNKNOWN STEP	2026-09-14T21:45:42.0309070Z ✔ irreducible content reports overflow and bounded fitting always evaluates the floor (31.343458ms)
cli (macos-latest)	UNKNOWN STEP	2026-09-14T21:45:42.0309960Z ✔ pagination retains source and enforces the selected floor on table cells and descriptions (203.0105ms)
cli (macos-latest)	UNKNOWN STEP	2026-09-14T21:45:42.0310840Z ✔ rich table cells and headers use canonical runs while scalar values remain valid (157.785917ms)
cli (macos-latest)	UNKNOWN STEP	2026-09-14T21:45:42.0311570Z ✔ table overflow uses run metrics and pagination preserves whole rich cells (45.185166ms)
cli (macos-latest)	UNKNOWN STEP	2026-09-14T21:45:42.0312180Z ▶ spec file manifest
cli (macos-latest)	UNKNOWN STEP	2026-09-14T21:45:42.0312690Z   ✔ spec-files subpath export matches the main index's specFileEntries (0.410209ms)
cli (macos-latest)	UNKNOWN STEP	2026-09-14T21:45:42.0313270Z   ✔ specFilePaths includes the expected canonical paths (0.114041ms)
cli (macos-latest)	UNKNOWN STEP	2026-09-14T21:45:42.0313880Z   ✔ openapi.yaml manifest entry has the expected kind, mediaType, and packagePath (0.116041ms)
cli (macos-latest)	UNKNOWN STEP	2026-09-14T21:45:42.0314520Z ✔ spec file manifest (1.307666ms)
cli (macos-latest)	UNKNOWN STEP	2026-09-14T21:45:42.0314850Z ▶ dist/spec assets
cli (macos-latest)	UNKNOWN STEP	2026-09-14T21:45:42.0315360Z   ✔ dist/spec ships openapi.yaml, the presentation schema, and the layouts catalog index (0.373792ms)
cli (macos-latest)	UNKNOWN STEP	2026-09-14T21:45:42.0316040Z   ✔ dist/spec/openapi.yaml starts with an 'openapi:' declaration (0.275666ms)
cli (macos-latest)	UNKNOWN STEP	2026-09-14T21:45:42.0317600Z   ✔ dist/spec/schemas/opf.schema.json $id matches the exported presentation schema's $id (0.968416ms)
cli (macos-latest)	UNKNOWN STEP	2026-09-14T21:45:42.0322780Z ✔ dist/spec assets (1.762583ms)
cli (macos-latest)	UNKNOWN STEP	2026-09-14T21:45:42.0323340Z ✔ styled values coexist with scalar, rich, empty and merged header cells (117.173583ms)
cli (macos-latest)	UNKNOWN STEP	2026-09-14T21:45:42.0323990Z ✔ schema rejects ambiguous values and unsupported style properties (2.99625ms)
cli (macos-latest)	UNKNOWN STEP	2026-09-14T21:45:42.0324700Z ✔ spans reject hidden content, missing covered positions, overlap and header crossing (5.438875ms)
cli (macos-latest)	UNKNOWN STEP	2026-09-14T21:45:42.0325400Z ✔ span rectangles preserve dense column indexes and editable value paths (2.416916ms)
cli (macos-latest)	UNKNOWN STEP	2026-09-14T21:45:42.0326030Z ✔ vertical alignment and padding use the full merged rectangle (0.604417ms)
cli (macos-latest)	UNKNOWN STEP	2026-09-14T21:45:42.0326730Z ✔ staggered vertical merges reserve enough space for every anchor (0.344458ms)
cli (macos-latest)	UNKNOWN STEP	2026-09-14T21:45:42.0327430Z ✔ pagination preserves vertical merge groups, rich styles, headers and source ranges (17.14825ms)
cli (macos-latest)	UNKNOWN STEP	2026-09-14T21:45:42.0328220Z ✔ overlapping merge groups are atomic, and oversized groups fail without partial output (2.175791ms)
cli (macos-latest)	UNKNOWN STEP	2026-09-14T21:45:42.0328910Z ✔ short table rows preserve baseline geometry and missing cells (1.949959ms)
cli (macos-latest)	UNKNOWN STEP	2026-09-14T21:45:42.0329500Z ✔ wrapped and rich multiline rows grow into available space (4.003834ms)
cli (macos-latest)	UNKNOWN STEP	2026-09-14T21:45:42.0330140Z ✔ constrained tables consume spare row height before reporting real overflow (0.407375ms)
cli (macos-latest)	UNKNOWN STEP	2026-09-14T21:45:42.0330780Z ✔ readability settings and mixed-font metrics govern row fitting (0.269334ms)
cli (macos-latest)	UNKNOWN STEP	2026-09-14T21:45:42.0331800Z ✔ pagination retains complete multiline rows and repeated headers (197.085792ms)
cli (macos-latest)	UNKNOWN STEP	2026-09-14T21:45:42.0332490Z ✔ mixed-size table paragraphs reserve the native uniform line spacing (0.383417ms)
cli (macos-latest)	UNKNOWN STEP	2026-09-14T21:45:42.0335330Z ✔ spare height in short rows is removed before any font shrinking (0.200417ms)
cli (macos-latest)	UNKNOWN STEP	2026-09-14T21:45:42.0343260Z ✔ optional outline providers distinguish unknown measurement from no ink (0.87625ms)
cli (macos-latest)	UNKNOWN STEP	2026-09-14T21:45:42.0344210Z ✔ shared placement respects alignment and contains negative bearings and right overhangs (0.355792ms)
cli (macos-latest)	UNKNOWN STEP	2026-09-14T21:45:42.0345050Z ✔ tall outlines move following baselines as a group without intersecting (0.171458ms)
cli (macos-latest)	UNKNOWN STEP	2026-09-14T21:45:42.0345870Z ✔ missing ink preserves empty lines; irreducible width or height remains overflow (0.121041ms)
cli (macos-latest)	UNKNOWN STEP	2026-09-14T21:45:42.0346700Z ✔ malformed placements and providers reject invalid numeric claims (0.433125ms)
cli (macos-latest)	UNKNOWN STEP	2026-09-14T21:45:42.0347420Z ✔ composition preserves width-only behavior and exposes the actual outline policy (2.629583ms)
cli (macos-latest)	UNKNOWN STEP	2026-09-14T21:45:42.0348200Z ✔ outline failures participate in bounded fitting, candidate scores and strict errors (1.563875ms)
cli (macos-latest)	UNKNOWN STEP	2026-09-14T21:45:42.0349010Z ✔ presentation pagination forwards outline padding and effective title alignment (106.004834ms)
cli (macos-latest)	UNKNOWN STEP	2026-09-14T21:45:42.0349850Z ✔ invalid outline coordinates fail instead of silently claiming fit (0.190292ms)
cli (macos-latest)	UNKNOWN STEP	2026-09-14T21:45:42.0350890Z ✔ timeline parts keep exact array/object source paths, whitespace, selected floors and outlined ink (10.325375ms)
cli (macos-latest)	UNKNOWN STEP	2026-09-14T21:45:42.0352720Z ✔ timeline tries a vertical arrangement before accepting unreadable narrow labels (0.531209ms)
cli (macos-latest)	UNKNOWN STEP	2026-09-14T21:45:42.0357240Z ✔ timeline rejects irreducible fields and invalid inputs with bounded attempts and source diagnostics (6.666833ms)
cli (macos-latest)	UNKNOWN STEP	2026-09-14T21:45:42.0358150Z ✔ composition measures nested timelines and pagination preserves atomic event order and metadata (160.519458ms)
cli (macos-latest)	UNKNOWN STEP	2026-09-14T21:45:42.2287640Z ▶ basic presentation validation entry points
cli (macos-latest)	UNKNOWN STEP	2026-09-14T21:45:42.2290990Z   ✔ well-formed presentation validates via validatePresentation (114.444792ms)
cli (macos-latest)	UNKNOWN STEP	2026-09-14T21:45:42.2292670Z   ✔ well-formed presentation validates via validate(doc, 'presentation') (0.187833ms)
cli (macos-latest)	UNKNOWN STEP	2026-09-14T21:45:42.2298900Z   ✔ well-formed presentation passes assertValid without throwing (0.209875ms)
cli (macos-latest)	UNKNOWN STEP	2026-09-14T21:45:42.2301660Z ✔ basic presentation validation entry points (115.460459ms)
cli (macos-latest)	UNKNOWN STEP	2026-09-14T21:45:42.2305460Z ▶ presentation shapes that must validate
cli (macos-latest)	UNKNOWN STEP	2026-09-14T21:45:42.2306920Z   ✔ Root Payload (0.355791ms)
cli (macos-latest)	UNKNOWN STEP	2026-09-14T21:45:42.2309020Z   ✔ Array Metadata (0.128708ms)
cli (macos-latest)	UNKNOWN STEP	2026-09-14T21:45:42.2410550Z   ✔ Slide Design (1.576208ms)
cli (macos-latest)	UNKNOWN STEP	2026-09-14T21:45:42.2411260Z   ✔ Inline Language (0.159084ms)
cli (macos-latest)	UNKNOWN STEP	2026-09-14T21:45:42.2421030Z   ✔ Inline Audience Purpose Tone (0.22275ms)
cli (macos-latest)	UNKNOWN STEP	2026-09-14T21:45:42.2425040Z   ✔ Columns (1.808166ms)
cli (macos-latest)	UNKNOWN STEP	2026-09-14T21:45:42.2425430Z   ✔ Rows (0.681834ms)
cli (macos-latest)	UNKNOWN STEP	2026-09-14T21:45:42.2426250Z   ✔ Chart And Table Objects (0.948958ms)
cli (macos-latest)	UNKNOWN STEP	2026-09-14T21:45:42.2426620Z   ✔ Chart Data Source (0.237417ms)
cli (macos-latest)	UNKNOWN STEP	2026-09-14T21:45:42.2427100Z   ✔ Grid (0.161167ms)
cli (macos-latest)	UNKNOWN STEP	2026-09-14T21:45:42.2427430Z   ✔ Blocks (0.2835ms)
cli (macos-latest)	UNKNOWN STEP	2026-09-14T21:45:42.2427740Z   ✔ Rich Text (0.075333ms)
cli (macos-latest)	UNKNOWN STEP	2026-09-14T21:45:42.2429290Z   ✔ Bullets (0.441167ms)
cli (macos-latest)	UNKNOWN STEP	2026-09-14T21:45:42.2429650Z   ✔ Media Source String Forms (1.103625ms)
cli (macos-latest)	UNKNOWN STEP	2026-09-14T21:45:42.2429950Z   ✔ Code Block (0.081208ms)
cli (macos-latest)	UNKNOWN STEP	2026-09-14T21:45:42.2430240Z   ✔ Metric Quote Timeline (0.3825ms)
cli (macos-latest)	UNKNOWN STEP	2026-09-14T21:45:42.2430590Z   ✔ Implicit Text List Blocks (0.070959ms)
cli (macos-latest)	UNKNOWN STEP	2026-09-14T21:45:42.2430910Z   ✔ Implicit Text Bullets List Blocks (0.086125ms)
cli (macos-latest)	UNKNOWN STEP	2026-09-14T21:45:42.2431230Z   ✔ Implicit Mixed Content Blocks (0.096042ms)
cli (macos-latest)	UNKNOWN STEP	2026-09-14T21:45:42.2431510Z   ✔ Singular Audience Text (0.084625ms)
cli (macos-latest)	UNKNOWN STEP	2026-09-14T21:45:42.2431880Z ✔ presentation shapes that must validate (9.424292ms)
cli (macos-latest)	UNKNOWN STEP	2026-09-14T21:45:42.2432240Z ▶ presentation shapes that must be rejected
cli (macos-latest)	UNKNOWN STEP	2026-09-14T21:45:42.2432470Z   ✔ Overlap (0.444625ms)
cli (macos-latest)	UNKNOWN STEP	2026-09-14T21:45:42.2432670Z   ✔ Bad Span (0.088625ms)
cli (macos-latest)	UNKNOWN STEP	2026-09-14T21:45:42.2433000Z   ✔ Root Title (root-level "title" field is rejected) (0.064958ms)
cli (macos-latest)	UNKNOWN STEP	2026-09-14T21:45:42.2433730Z   ✔ Unknown Slide Field (0.051291ms)
cli (macos-latest)	UNKNOWN STEP	2026-09-14T21:45:42.2434090Z   ✔ Mixed Root And Regions (0.065625ms)
cli (macos-latest)	UNKNOWN STEP	2026-09-14T21:45:42.2434350Z   ✔ Missing List Items (0.051833ms)
cli (macos-latest)	UNKNOWN STEP	2026-09-14T21:45:42.2434660Z   ✔ Missing Image Source (0.040667ms)
cli (macos-latest)	UNKNOWN STEP	2026-09-14T21:45:42.2434970Z   ✔ Missing Video Source (0.038125ms)
cli (macos-latest)	UNKNOWN STEP	2026-09-14T21:45:42.2435230Z   ✔ Missing Chart Payload (0.0405ms)
cli (macos-latest)	UNKNOWN STEP	2026-09-14T21:45:42.2435490Z   ✔ Missing Chart Data (0.062458ms)
cli (macos-latest)	UNKNOWN STEP	2026-09-14T21:45:42.2435770Z   ✔ Old Chart Data Shape Rejected (0.088459ms)
cli (macos-latest)	UNKNOWN STEP	2026-09-14T21:45:42.2436060Z   ✔ Missing Table Payload (0.050333ms)
cli (macos-latest)	UNKNOWN STEP	2026-09-14T21:45:42.2436330Z   ✔ Removed Loose Chart Fields (0.057208ms)
cli (macos-latest)	UNKNOWN STEP	2026-09-14T21:45:42.2436610Z   ✔ Removed Loose Table Fields (0.0695ms)
cli (macos-latest)	UNKNOWN STEP	2026-09-14T21:45:42.2436890Z   ✔ Removed Table Headers Field (0.134167ms)
cli (macos-latest)	UNKNOWN STEP	2026-09-14T21:45:42.2437200Z   ✔ Removed Chart Data Asset Field (0.062542ms)
cli (macos-latest)	UNKNOWN STEP	2026-09-14T21:45:42.2437480Z   ✔ Image Array Rejected (0.066209ms)
cli (macos-latest)	UNKNOWN STEP	2026-09-14T21:45:42.2437790Z   ✔ Video Array Rejected (0.080958ms)
cli (macos-latest)	UNKNOWN STEP	2026-09-14T21:45:42.2438060Z   ✔ Missing Asset Src (0.045ms)
cli (macos-latest)	UNKNOWN STEP	2026-09-14T21:45:42.2438300Z   ✔ Removed Asset Type Field (0.079583ms)
cli (macos-latest)	UNKNOWN STEP	2026-09-14T21:45:42.2438560Z   ✔ Missing List Item Text (0.08025ms)
cli (macos-latest)	UNKNOWN STEP	2026-09-14T21:45:42.2438830Z   ✔ Bullet Description Rejected (0.060792ms)
cli (macos-latest)	UNKNOWN STEP	2026-09-14T21:45:42.2439080Z   ✔ Removed Runs Field (0.051334ms)
cli (macos-latest)	UNKNOWN STEP	2026-09-14T21:45:42.2439370Z   ✔ Removed Src Field (0.060958ms)
cli (macos-latest)	UNKNOWN STEP	2026-09-14T21:45:42.2439670Z   ✔ Renamed Design Overrides (0.051375ms)
cli (macos-latest)	UNKNOWN STEP	2026-09-14T21:45:42.2439960Z   ✔ Removed Loose Code Language Field (0.0575ms)
cli (macos-latest)	UNKNOWN STEP	2026-09-14T21:45:42.2440240Z   ✔ Missing Code Source (0.304875ms)
cli (macos-latest)	UNKNOWN STEP	2026-09-14T21:45:42.2440520Z   ✔ Missing Metric Payload (0.093917ms)
cli (macos-latest)	UNKNOWN STEP	2026-09-14T21:45:42.2440790Z   ✔ Missing Metric Value (0.102208ms)
cli (macos-latest)	UNKNOWN STEP	2026-09-14T21:45:42.2441060Z   ✔ Removed Loose Metric Fields (0.066792ms)
cli (macos-latest)	UNKNOWN STEP	2026-09-14T21:45:42.2441320Z   ✔ Missing Quote Payload (0.058458ms)
cli (macos-latest)	UNKNOWN STEP	2026-09-14T21:45:42.2441570Z   ✔ Missing Quote Text (0.08375ms)
cli (macos-latest)	UNKNOWN STEP	2026-09-14T21:45:42.2441830Z   ✔ Removed Loose Quote Fields (0.072292ms)
cli (macos-latest)	UNKNOWN STEP	2026-09-14T21:45:42.2442110Z   ✔ Missing Timeline Payload (0.076583ms)
cli (macos-latest)	UNKNOWN STEP	2026-09-14T21:45:42.2442380Z   ✔ Missing Timeline Event What (0.078417ms)
cli (macos-latest)	UNKNOWN STEP	2026-09-14T21:45:42.2442650Z   ✔ Removed Loose Events Field (0.065041ms)
cli (macos-latest)	UNKNOWN STEP	2026-09-14T21:45:42.2442920Z   ✔ Removed Placeholder Type (0.076542ms)
cli (macos-latest)	UNKNOWN STEP	2026-09-14T21:45:42.2443220Z   ✔ Removed Prompt Field (0.102208ms)
cli (macos-latest)	UNKNOWN STEP	2026-09-14T21:45:42.2443640Z   ✔ Removed Expected Type Field (0.063125ms)
cli (macos-latest)	UNKNOWN STEP	2026-09-14T21:45:42.2443900Z   ✔ Removed Group Type (0.088791ms)
cli (macos-latest)	UNKNOWN STEP	2026-09-14T21:45:42.2444150Z   ✔ Removed Children Field (0.049583ms)
cli (macos-latest)	UNKNOWN STEP	2026-09-14T21:45:42.2444390Z   ✔ Nested Blocks Field (0.116125ms)
cli (macos-latest)	UNKNOWN STEP	2026-09-14T21:45:42.2444630Z   ✔ Removed Shape Type (0.052ms)
cli (macos-latest)	UNKNOWN STEP	2026-09-14T21:45:42.2444880Z   ✔ Removed Shape Field (0.054958ms)
cli (macos-latest)	UNKNOWN STEP	2026-09-14T21:45:42.2445160Z   ✔ Explicit Type Mixed Payload Kinds (0.060333ms)
cli (macos-latest)	UNKNOWN STEP	2026-09-14T21:45:42.2445460Z   ✔ Region Mixed Payload Kinds (0.077834ms)
cli (macos-latest)	UNKNOWN STEP	2026-09-14T21:45:42.2445750Z   ✔ Incomplete Language (0.065834ms)
cli (macos-latest)	UNKNOWN STEP	2026-09-14T21:45:42.2446150Z   ✔ Incomplete Audience (0.070125ms)
cli (macos-latest)	UNKNOWN STEP	2026-09-14T21:45:42.2446430Z   ✔ Incomplete Purpose (0.056708ms)
cli (macos-latest)	UNKNOWN STEP	2026-09-14T21:45:42.2446670Z   ✔ Incomplete Tone (0.057958ms)
cli (macos-latest)	UNKNOWN STEP	2026-09-14T21:45:42.2446940Z   ✔ Invalid UK English Tag (0.044542ms)
cli (macos-latest)	UNKNOWN STEP	2026-09-14T21:45:42.2447190Z   ✔ Fractional Duration (0.047584ms)
cli (macos-latest)	UNKNOWN STEP	2026-09-14T21:45:42.2447540Z ✔ presentation shapes that must be rejected (4.738042ms)
cli (macos-latest)	UNKNOWN STEP	2026-09-14T21:45:42.2447880Z ▶ catalog-id warning behavior
cli (macos-latest)	UNKNOWN STEP	2026-09-14T21:45:42.2448220Z   ✔ unknown narrative id warns but does not invalidate (0.444042ms)
cli (macos-latest)	UNKNOWN STEP	2026-09-14T21:45:42.2448600Z   ✔ known narrative id produces no warnings (0.046375ms)
cli (macos-latest)	UNKNOWN STEP	2026-09-14T21:45:42.2449230Z   ✔ object-form narrative with unknown id is a custom inline narrative, not a broken reference (0.058792ms)
cli (macos-latest)	UNKNOWN STEP	2026-09-14T21:45:42.2449900Z   ✔ unknown design references warn at their respective paths (0.692583ms)
cli (macos-latest)	UNKNOWN STEP	2026-09-14T21:45:42.2450370Z   ✔ unknown chart type id warns at the chart type path (0.212375ms)
cli (macos-latest)	UNKNOWN STEP	2026-09-14T21:45:42.2450870Z   ✔ inline catalog record legitimizes an id the bundled catalogs don't know (0.295875ms)
cli (macos-latest)	UNKNOWN STEP	2026-09-14T21:45:42.2451400Z   ✔ custom catalog source legitimizes an id the bundled catalogs don't know (1.6245ms)
cli (macos-latest)	UNKNOWN STEP	2026-09-14T21:45:42.2451810Z ✔ catalog-id warning behavior (3.514917ms)
cli (macos-latest)	UNKNOWN STEP	2026-09-14T21:45:43.7074100Z ✔ Windows package invocation preserves literal arguments and ignores the other manager (47.856708ms)
cli (macos-latest)	UNKNOWN STEP	2026-09-14T21:45:43.7174150Z ✔ local package links build through real npm and can replace existing junctions (1572.576792ms)
cli (macos-latest)	UNKNOWN STEP	2026-09-14T21:45:43.7631440Z ✔ local linking refuses a node_modules parent that resolves outside its checkout (59.007875ms)
cli (macos-latest)	UNKNOWN STEP	2026-09-14T21:45:43.7732690Z ℹ tests 507
cli (macos-latest)	UNKNOWN STEP	2026-09-14T21:45:43.7778970Z ℹ suites 20
cli (macos-latest)	UNKNOWN STEP	2026-09-14T21:45:43.7786350Z ℹ pass 507
cli (macos-latest)	UNKNOWN STEP	2026-09-14T21:45:43.7790570Z ℹ fail 0
cli (macos-latest)	UNKNOWN STEP	2026-09-14T21:45:43.7798460Z ℹ cancelled 0
cli (macos-latest)	UNKNOWN STEP	2026-09-14T21:45:43.7798850Z ℹ skipped 0
cli (macos-latest)	UNKNOWN STEP	2026-09-14T21:45:43.7799110Z ℹ todo 0
cli (macos-latest)	UNKNOWN STEP	2026-09-14T21:45:43.7799530Z ℹ duration_ms 7823.686417
cli (macos-latest)	UNKNOWN STEP	2026-09-14T21:45:45.6396790Z Composition: geometry, preservation, responsive grids, weights, regions, diagnostics and schemas passed.
cli (macos-latest)	UNKNOWN STEP	2026-09-14T21:45:46.6139510Z Nested groups: containment, source paths, region composition, inheritance, strict overflow and depth guards passed.
cli (macos-latest)	UNKNOWN STEP	2026-09-14T21:45:47.4237260Z Pagination: exact text/rich-run preservation, groups, lists, tables, regions, mappings, IDs, limits and fit passed.
cli (macos-latest)	UNKNOWN STEP	2026-09-14T21:45:47.8317800Z Data import passed 40 parsing, preservation, mapping, and error checks.
cli (macos-latest)	UNKNOWN STEP	2026-09-14T21:45:47.8967650Z Rich text passed 16 shared-layout checks.
cli (macos-latest)	UNKNOWN STEP	2026-09-14T21:45:48.2028260Z Lists passed: rich runs, descriptions, nesting, hanging indents, consistent shrink, source paths, Unicode, overflow and exact pagination.
cli (macos-latest)	UNKNOWN STEP	2026-09-14T21:45:48.2231160Z ##[group]Run node packages/javascript/test/packed-install-smoke.mjs
cli (macos-latest)	UNKNOWN STEP	2026-09-14T21:45:48.2232420Z ^[[36;1mnode packages/javascript/test/packed-install-smoke.mjs^[[0m
cli (macos-latest)	UNKNOWN STEP	2026-09-14T21:45:48.2275880Z shell: /bin/bash -e {0}
cli (macos-latest)	UNKNOWN STEP	2026-09-14T21:45:48.2276120Z env:
cli (macos-latest)	UNKNOWN STEP	2026-09-14T21:45:48.2276320Z   PNPM_HOME: /Users/runner/setup-pnpm/node_modules/.bin
cli (macos-latest)	UNKNOWN STEP	2026-09-14T21:45:48.2276570Z ##[endgroup]
cli (macos-latest)	UNKNOWN STEP	2026-09-14T21:46:02.4582620Z Packed TypeScript 5.9/7 consumers passed: 13 exports, NodeNext/Bundler, published renderer/editor/PPTX.
cli (macos-latest)	UNKNOWN STEP	2026-09-14T21:46:03.3320090Z ✔ complete quote layout preserves source ranges, requested/resolved styles and legacy readable geometry (2.406333ms)
cli (macos-latest)	UNKNOWN STEP	2026-09-14T21:46:03.3423060Z ✔ shorthand and empty metadata preserve schema paths without an invented footer (0.41575ms)
cli (macos-latest)	UNKNOWN STEP	2026-09-14T21:46:03.3525490Z ✔ body and footer share available space before shrinking text or changing the outer arrangement (6.697291ms)
cli (macos-latest)	UNKNOWN STEP	2026-09-14T21:46:03.3628500Z ✔ long footer, body/footer collision and strict rejection remain explicit without source truncation (73.834209ms)
cli (macos-latest)	UNKNOWN STEP	2026-09-14T21:46:03.3730670Z ✔ tiny cells retain invalid available dimensions and never measure an invented fitting box (0.230458ms)
cli (macos-latest)	UNKNOWN STEP	2026-09-14T21:46:03.3845080Z ✔ explicit readability floors are respected after scaling, including above nominal footer size (0.200875ms)
cli (macos-latest)	UNKNOWN STEP	2026-09-14T21:46:03.3960480Z ✔ invalid content, geometry, scales and policies fail before reporting a usable layout (0.228709ms)
cli (macos-latest)	UNKNOWN STEP	2026-09-14T21:46:03.4074100Z ℹ tests 7
cli (macos-latest)	UNKNOWN STEP	2026-09-14T21:46:03.4175520Z ℹ suites 0
cli (macos-latest)	UNKNOWN STEP	2026-09-14T21:46:03.4277490Z ℹ pass 7
cli (macos-latest)	UNKNOWN STEP	2026-09-14T21:46:03.4379690Z ℹ fail 0
cli (macos-latest)	UNKNOWN STEP	2026-09-14T21:46:03.4481310Z ℹ cancelled 0
cli (macos-latest)	UNKNOWN STEP	2026-09-14T21:46:03.4582580Z ℹ skipped 0
cli (macos-latest)	UNKNOWN STEP	2026-09-14T21:46:03.4684470Z ℹ todo 0
cli (macos-latest)	UNKNOWN STEP	2026-09-14T21:46:03.4786790Z ℹ duration_ms 152.329458
cli (macos-latest)	UNKNOWN STEP	2026-09-14T21:46:05.3986020Z ✔ accepted quote geometry includes all parts without changing source or re-measuring for explanations (10.512292ms)
cli (macos-latest)	UNKNOWN STEP	2026-09-14T21:46:05.4088890Z ✔ automatic candidates account for footer fit and choose the arrangement that keeps it readable (11.295ms)
cli (macos-latest)	UNKNOWN STEP	2026-09-14T21:46:05.4153650Z ✔ strict ancestors reject a quote body diagnostic below the leaf path (307.745042ms)
cli (macos-latest)	UNKNOWN STEP	2026-09-14T21:46:05.4154740Z ✔ strict path matching respects component boundaries rather than numeric prefixes (238.450917ms)
cli (macos-latest)	UNKNOWN STEP	2026-09-14T21:46:05.4155670Z ✔ pagination preserves quote body, repeated metadata, ranges and the accepted readability floor (1250.299583ms)
cli (macos-latest)	UNKNOWN STEP	2026-09-14T21:46:05.4156610Z ✔ irreducible footer overflow rejects pagination without mutating or returning partial content (27.44125ms)
cli (macos-latest)	UNKNOWN STEP	2026-09-14T21:46:05.4157220Z ℹ tests 6
cli (macos-latest)	UNKNOWN STEP	2026-09-14T21:46:05.4157580Z ℹ suites 0
cli (macos-latest)	UNKNOWN STEP	2026-09-14T21:46:05.4157910Z ℹ pass 6
cli (macos-latest)	UNKNOWN STEP	2026-09-14T21:46:05.4158260Z ℹ fail 0
cli (macos-latest)	UNKNOWN STEP	2026-09-14T21:46:05.4158620Z ℹ cancelled 0
cli (macos-latest)	UNKNOWN STEP	2026-09-14T21:46:05.4158970Z ℹ skipped 0
cli (macos-latest)	UNKNOWN STEP	2026-09-14T21:46:05.4159330Z ℹ todo 0
cli (macos-latest)	UNKNOWN STEP	2026-09-14T21:46:05.4159680Z ℹ duration_ms 1999.452
cli (macos-latest)	UNKNOWN STEP	2026-09-14T21:46:05.6022880Z ✔ complete code parts preserve exact filename, language, body, whitespace and hard line boundaries (2.971834ms)
cli (macos-latest)	UNKNOWN STEP	2026-09-14T21:46:05.6127320Z ✔ shorthand, empty source and absent metadata retain their source and generated-label distinction (0.41825ms)
cli (macos-latest)	UNKNOWN STEP	2026-09-14T21:46:05.6227310Z ✔ long language labels and filenames are measured within their cell before allocating the body (5.004834ms)
cli (macos-latest)	UNKNOWN STEP	2026-09-14T21:46:05.6270410Z ✔ wrapped whitespace and graphemes retain contiguous source offsets, including CRLF and blank final lines (2.027792ms)
cli (macos-latest)	UNKNOWN STEP	2026-09-14T21:46:05.6273380Z ✔ tabs use measured space stops and never send control tabs to the font-width provider (1.524625ms)
cli (macos-latest)	UNKNOWN STEP	2026-09-14T21:46:05.6274640Z ✔ readability floors scale once and body shrinking preserves all code content (1.232458ms)
cli (macos-latest)	UNKNOWN STEP	2026-09-14T21:46:05.6275640Z ✔ irreducible body and metadata failures remain explicit; strict mode does not return partial output (13.7015ms)
cli (macos-latest)	UNKNOWN STEP	2026-09-14T21:46:05.6276670Z ✔ invalid inner boxes never become invented one-pixel fits; malformed options reject (1.196542ms)
cli (macos-latest)	UNKNOWN STEP	2026-09-14T21:46:05.6278120Z ✔ font trials stay bounded independently of canvas scale (8.368166ms)
cli (macos-latest)	UNKNOWN STEP	2026-09-14T21:46:05.6278620Z ℹ tests 9
cli (macos-latest)	UNKNOWN STEP	2026-09-14T21:46:05.6278840Z ℹ suites 0
cli (macos-latest)	UNKNOWN STEP	2026-09-14T21:46:05.6279180Z ℹ pass 9
cli (macos-latest)	UNKNOWN STEP	2026-09-14T21:46:05.6279450Z ℹ fail 0
cli (macos-latest)	UNKNOWN STEP	2026-09-14T21:46:05.6279740Z ℹ cancelled 0
cli (macos-latest)	UNKNOWN STEP	2026-09-14T21:46:05.6279950Z ℹ skipped 0
cli (macos-latest)	UNKNOWN STEP	2026-09-14T21:46:05.6280300Z ℹ todo 0
cli (macos-latest)	UNKNOWN STEP	2026-09-14T21:46:05.6280590Z ℹ duration_ms 159.098791
cli (macos-latest)	UNKNOWN STEP	2026-09-14T21:46:06.2342940Z ✔ accepted code uses rounded cells and preserves body compatibility without repeated explanation measurements (4.850541ms)
cli (macos-latest)	UNKNOWN STEP	2026-09-14T21:46:06.2447420Z ✔ candidate penalties include complete code metadata and charge overflowing leaves once (16.329959ms)
cli (macos-latest)	UNKNOWN STEP	2026-09-14T21:46:06.2553430Z ✔ strict ancestors reject code metadata paths and cannot be weakened by descendants (187.083833ms)
cli (macos-latest)	UNKNOWN STEP	2026-09-14T21:46:06.2659990Z ✔ explicit code placement and weights remain authoritative even when metadata overflows (9.599583ms)
cli (macos-latest)	UNKNOWN STEP	2026-09-14T21:46:06.2777990Z ✔ pagination preserves exact code bytes, metadata, ranges and floors across wide and portrait slides (136.443875ms)
cli (macos-latest)	UNKNOWN STEP	2026-09-14T21:46:06.2878550Z ✔ irreducible code metadata rejects pagination even after earlier content or with an empty body (125.067416ms)
cli (macos-latest)	UNKNOWN STEP	2026-09-14T21:46:06.2981710Z ℹ tests 6
cli (macos-latest)	UNKNOWN STEP	2026-09-14T21:46:06.3099990Z ℹ suites 0
cli (macos-latest)	UNKNOWN STEP	2026-09-14T21:46:06.3202900Z ℹ pass 6
cli (macos-latest)	UNKNOWN STEP	2026-09-14T21:46:06.3320100Z ℹ fail 0
cli (macos-latest)	UNKNOWN STEP	2026-09-14T21:46:06.3430340Z ℹ cancelled 0
cli (macos-latest)	UNKNOWN STEP	2026-09-14T21:46:06.3531690Z ℹ skipped 0
cli (macos-latest)	UNKNOWN STEP	2026-09-14T21:46:06.3634150Z ℹ todo 0
cli (macos-latest)	UNKNOWN STEP	2026-09-14T21:46:06.3738880Z ℹ duration_ms 584.361875
cli (macos-latest)	UNKNOWN STEP	2026-09-14T21:46:06.3844550Z Packed install smoke passed for openpresentation-opf-0.9.0.tgz (2354361 bytes).
cli (macos-latest)	UNKNOWN STEP	2026-09-14T21:46:06.3969610Z Packed tarball entries checked: 519.
cli (macos-latest)	UNKNOWN STEP	2026-09-14T21:46:06.4310590Z ##[group]Run node scripts/test-ecosystem-links.mjs
cli (macos-latest)	UNKNOWN STEP	2026-09-14T21:46:06.4311490Z ^[[36;1mnode scripts/test-ecosystem-links.mjs^[[0m
cli (macos-latest)	UNKNOWN STEP	2026-09-14T21:46:06.4369800Z shell: /bin/bash -e {0}
cli (macos-latest)	UNKNOWN STEP	2026-09-14T21:46:06.4370070Z env:
cli (macos-latest)	UNKNOWN STEP	2026-09-14T21:46:06.4370270Z   PNPM_HOME: /Users/runner/setup-pnpm/node_modules/.bin
cli (macos-latest)	UNKNOWN STEP	2026-09-14T21:46:06.4370620Z ##[endgroup]
cli (macos-latest)	UNKNOWN STEP	2026-09-14T21:46:08.1238320Z Coordinated links passed: core, renderer and editor converter, repeat setup and packages-only isolation.
cli (macos-latest)	UNKNOWN STEP	2026-09-14T21:46:08.1377930Z ##[group]Run pnpm test:cli
cli (macos-latest)	UNKNOWN STEP	2026-09-14T21:46:08.1378320Z ^[[36;1mpnpm test:cli^[[0m
cli (macos-latest)	UNKNOWN STEP	2026-09-14T21:46:08.1417560Z shell: /bin/bash -e {0}
cli (macos-latest)	UNKNOWN STEP	2026-09-14T21:46:08.1417810Z env:
cli (macos-latest)	UNKNOWN STEP	2026-09-14T21:46:08.1418060Z   PNPM_HOME: /Users/runner/setup-pnpm/node_modules/.bin
cli (macos-latest)	UNKNOWN STEP	2026-09-14T21:46:08.1418380Z ##[endgroup]
cli (macos-latest)	UNKNOWN STEP	2026-09-14T21:46:08.4615110Z 
cli (macos-latest)	UNKNOWN STEP	2026-09-14T21:46:08.4717770Z > openpresentation-workspace@ test:cli /Users/runner/work/opf/opf
cli (macos-latest)	UNKNOWN STEP	2026-09-14T21:46:08.4821330Z > pnpm --filter @openpresentation/cli test
cli (macos-latest)	UNKNOWN STEP	2026-09-14T21:46:08.4919410Z 
cli (macos-latest)	UNKNOWN STEP	2026-09-14T21:46:08.8076000Z 
cli (macos-latest)	UNKNOWN STEP	2026-09-14T21:46:08.8076560Z > @openpresentation/cli@0.7.0 test /Users/runner/work/opf/opf/packages/cli
cli (macos-latest)	UNKNOWN STEP	2026-09-14T21:46:08.8077130Z > pnpm build && node ../../scripts/run-node-tests.mjs && node test/cli.mjs
cli (macos-latest)	UNKNOWN STEP	2026-09-14T21:46:08.8077370Z 
cli (macos-latest)	UNKNOWN STEP	2026-09-14T21:46:09.0905170Z 
cli (macos-latest)	UNKNOWN STEP	2026-09-14T21:46:09.0906640Z > @openpresentation/cli@0.7.0 build /Users/runner/work/opf/opf/packages/cli
cli (macos-latest)	UNKNOWN STEP	2026-09-14T21:46:09.0907640Z > pnpm --filter @openpresentation/opf build && tsup
cli (macos-latest)	UNKNOWN STEP	2026-09-14T21:46:09.0907950Z 
cli (macos-latest)	UNKNOWN STEP	2026-09-14T21:46:09.3488760Z 
cli (macos-latest)	UNKNOWN STEP	2026-09-14T21:46:09.3489460Z > @openpresentation/opf@0.9.0 build /Users/runner/work/opf/opf/packages/javascript
cli (macos-latest)	UNKNOWN STEP	2026-09-14T21:46:09.3490050Z > pnpm run generate && tsup && node scripts/copy-spec.mjs
cli (macos-latest)	UNKNOWN STEP	2026-09-14T21:46:09.3490320Z 
cli (macos-latest)	UNKNOWN STEP	2026-09-14T21:46:09.6457280Z 
cli (macos-latest)	UNKNOWN STEP	2026-09-14T21:46:09.6458240Z > @openpresentation/opf@0.9.0 generate /Users/runner/work/opf/opf/packages/javascript
cli (macos-latest)	UNKNOWN STEP	2026-09-14T21:46:09.6459300Z > node scripts/generate.mjs && node scripts/generate-previews.mjs && node scripts/generate-content.mjs
cli (macos-latest)	UNKNOWN STEP	2026-09-14T21:46:09.6459730Z 
cli (macos-latest)	UNKNOWN STEP	2026-09-14T21:46:10.0078470Z Generated src/generated/previews.ts (70 previews)
cli (macos-latest)	UNKNOWN STEP	2026-09-14T21:46:10.0996490Z Generated src/generated/examples.ts (126 examples, 7 galleries)
cli (macos-latest)	UNKNOWN STEP	2026-09-14T21:46:10.1198770Z Generated src/generated/docs.ts (28 docs)
cli (macos-latest)	UNKNOWN STEP	2026-09-14T21:46:10.1203380Z Generated src/generated/repo-readme.ts (11388 bytes)
cli (macos-latest)	UNKNOWN STEP	2026-09-14T21:46:10.3439570Z ^[[34mCLI^[[39m Building entry: {"data":"src/data.ts","pagination":"src/pagination.ts","composition":"src/composition.ts","index":"src/index.ts","schemas":"src/schemas.ts","catalogs":"src/catalogs.ts","validator":"src/validator.ts","types":"src/types.ts","spec-files":"src/spec-files.ts","previews":"src/previews.ts","examples":"src/examples.ts","docs":"src/docs.ts","repo-readme":"src/repo-readme.ts"}
cli (macos-latest)	UNKNOWN STEP	2026-09-14T21:46:10.3542050Z ^[[34mCLI^[[39m Using tsconfig: tsconfig.json
cli (macos-latest)	UNKNOWN STEP	2026-09-14T21:46:10.3645200Z ^[[34mCLI^[[39m tsup v8.5.1
cli (macos-latest)	UNKNOWN STEP	2026-09-14T21:46:10.3747720Z ^[[34mCLI^[[39m Using tsup config: /Users/runner/work/opf/opf/packages/javascript/tsup.config.ts
cli (macos-latest)	UNKNOWN STEP	2026-09-14T21:46:10.3867810Z ^[[34mCLI^[[39m Target: es2022
cli (macos-latest)	UNKNOWN STEP	2026-09-14T21:46:10.3975180Z ^[[34mCLI^[[39m Cleaning output folder
cli (macos-latest)	UNKNOWN STEP	2026-09-14T21:46:10.4076740Z ^[[34mESM^[[39m Build start
cli (macos-latest)	UNKNOWN STEP	2026-09-14T21:46:10.7884000Z Generated an empty chunk: "types".
cli (macos-latest)	UNKNOWN STEP	2026-09-14T21:46:11.1333280Z ^[[34mDTS^[[39m Build start
cli (macos-latest)	UNKNOWN STEP	2026-09-14T21:46:11.5719160Z ^[[32mESM^[[39m ^[[1mdist/previews.js       ^[[22m^[[32m130.00 B^[[39m
cli (macos-latest)	UNKNOWN STEP	2026-09-14T21:46:11.5822820Z ^[[32mESM^[[39m ^[[1mdist/repo-readme.js    ^[[22m^[[32m11.47 KB^[[39m
cli (macos-latest)	UNKNOWN STEP	2026-09-14T21:46:11.5925090Z ^[[32mESM^[[39m ^[[1mdist/data.js           ^[[22m^[[32m95.00 B^[[39m
cli (macos-latest)	UNKNOWN STEP	2026-09-14T21:46:11.6028360Z ^[[32mESM^[[39m ^[[1mdist/pagination.js     ^[[22m^[[32m215.00 B^[[39m
cli (macos-latest)	UNKNOWN STEP	2026-09-14T21:46:11.6148750Z ^[[32mESM^[[39m ^[[1mdist/composition.js    ^[[22m^[[32m437.00 B^[[39m
cli (macos-latest)	UNKNOWN STEP	2026-09-14T21:46:11.6251570Z ^[[32mESM^[[39m ^[[1mdist/spec-files.js     ^[[22m^[[32m85.00 B^[[39m
cli (macos-latest)	UNKNOWN STEP	2026-09-14T21:46:11.6353860Z ^[[32mESM^[[39m ^[[1mdist/index.js          ^[[22m^[[32m1.38 KB^[[39m
cli (macos-latest)	UNKNOWN STEP	2026-09-14T21:46:11.6469160Z ^[[32mESM^[[39m ^[[1mdist/chunk-OZULJBSG.js ^[[22m^[[32m117.86 KB^[[39m
cli (macos-latest)	UNKNOWN STEP	2026-09-14T21:46:11.6572180Z ^[[32mESM^[[39m ^[[1mdist/chunk-SOSOBKQ2.js ^[[22m^[[32m6.52 KB^[[39m
cli (macos-latest)	UNKNOWN STEP	2026-09-14T21:46:11.6621960Z ^[[32mESM^[[39m ^[[1mdist/schemas.js        ^[[22m^[[32m202.00 B^[[39m
cli (macos-latest)	UNKNOWN STEP	2026-09-14T21:46:11.6626040Z ^[[32mESM^[[39m ^[[1mdist/catalogs.js       ^[[22m^[[32m238.00 B^[[39m
cli (macos-latest)	UNKNOWN STEP	2026-09-14T21:46:11.6728230Z ^[[32mESM^[[39m ^[[1mdist/validator.js      ^[[22m^[[32m267.00 B^[[39m
cli (macos-latest)	UNKNOWN STEP	2026-09-14T21:46:11.6832060Z ^[[32mESM^[[39m ^[[1mdist/chunk-TFZ6YIH3.js ^[[22m^[[32m14.23 KB^[[39m
cli (macos-latest)	UNKNOWN STEP	2026-09-14T21:46:11.6934160Z ^[[32mESM^[[39m ^[[1mdist/chunk-GQSK3T7X.js ^[[22m^[[32m219.58 KB^[[39m
cli (macos-latest)	UNKNOWN STEP	2026-09-14T21:46:11.7037870Z ^[[32mESM^[[39m ^[[1mdist/types.js          ^[[22m^[[32m1.00 B^[[39m
cli (macos-latest)	UNKNOWN STEP	2026-09-14T21:46:11.7179100Z ^[[32mESM^[[39m ^[[1mdist/chunk-PIQXLBBJ.js ^[[22m^[[32m108.89 KB^[[39m
cli (macos-latest)	UNKNOWN STEP	2026-09-14T21:46:11.7290770Z ^[[32mESM^[[39m ^[[1mdist/chunk-JMD6N4GQ.js ^[[22m^[[32m93.98 KB^[[39m
cli (macos-latest)	UNKNOWN STEP	2026-09-14T21:46:11.7393350Z ^[[32mESM^[[39m ^[[1mdist/chunk-TWMRZ43O.js ^[[22m^[[32m499.00 KB^[[39m
cli (macos-latest)	UNKNOWN STEP	2026-09-14T21:46:11.7496660Z ^[[32mESM^[[39m ^[[1mdist/chunk-YCN5Z46O.js ^[[22m^[[32m27.16 KB^[[39m
cli (macos-latest)	UNKNOWN STEP	2026-09-14T21:46:11.7610720Z ^[[32mESM^[[39m ^[[1mdist/docs.js           ^[[22m^[[32m526.61 KB^[[39m
cli (macos-latest)	UNKNOWN STEP	2026-09-14T21:46:11.7716640Z ^[[32mESM^[[39m ^[[1mdist/examples.js       ^[[22m^[[32m3.48 MB^[[39m
cli (macos-latest)	UNKNOWN STEP	2026-09-14T21:46:11.7843500Z ^[[32mESM^[[39m ⚡️ Build success in 1191ms
cli (macos-latest)	UNKNOWN STEP	2026-09-14T21:46:16.5580690Z ^[[32mDTS^[[39m ⚡️ Build success in 5900ms
cli (macos-latest)	UNKNOWN STEP	2026-09-14T21:46:16.5587790Z ^[[32mDTS^[[39m ^[[1mdist/index.d.ts                 ^[[22m^[[32m3.16 KB^[[39m
cli (macos-latest)	UNKNOWN STEP	2026-09-14T21:46:16.5589600Z ^[[32mDTS^[[39m ^[[1mdist/data.d.ts                  ^[[22m^[[32m1005.00 B^[[39m
cli (macos-latest)	UNKNOWN STEP	2026-09-14T21:46:16.5590510Z ^[[32mDTS^[[39m ^[[1mdist/pagination.d.ts            ^[[22m^[[32m2.40 KB^[[39m
cli (macos-latest)	UNKNOWN STEP	2026-09-14T21:46:16.5591200Z ^[[32mDTS^[[39m ^[[1mdist/previews.d.ts              ^[[22m^[[32m1.71 KB^[[39m
cli (macos-latest)	UNKNOWN STEP	2026-09-14T21:46:16.5591840Z ^[[32mDTS^[[39m ^[[1mdist/repo-readme.d.ts           ^[[22m^[[32m139.00 B^[[39m
cli (macos-latest)	UNKNOWN STEP	2026-09-14T21:46:16.5592400Z ^[[32mDTS^[[39m ^[[1mdist/examples.d.ts              ^[[22m^[[32m2.09 KB^[[39m
cli (macos-latest)	UNKNOWN STEP	2026-09-14T21:46:16.5593060Z ^[[32mDTS^[[39m ^[[1mdist/docs.d.ts                  ^[[22m^[[32m671.00 B^[[39m
cli (macos-latest)	UNKNOWN STEP	2026-09-14T21:46:16.5593830Z ^[[32mDTS^[[39m ^[[1mdist/composition.d.ts           ^[[22m^[[32m24.91 KB^[[39m
cli (macos-latest)	UNKNOWN STEP	2026-09-14T21:46:16.5594500Z ^[[32mDTS^[[39m ^[[1mdist/validator.d.ts             ^[[22m^[[32m1.54 KB^[[39m
cli (macos-latest)	UNKNOWN STEP	2026-09-14T21:46:16.5595200Z ^[[32mDTS^[[39m ^[[1mdist/spec-files.d.ts            ^[[22m^[[32m19.57 KB^[[39m
cli (macos-latest)	UNKNOWN STEP	2026-09-14T21:46:16.5595950Z ^[[32mDTS^[[39m ^[[1mdist/schemas.d.ts               ^[[22m^[[32m314.00 B^[[39m
cli (macos-latest)	UNKNOWN STEP	2026-09-14T21:46:16.5596540Z ^[[32mDTS^[[39m ^[[1mdist/catalogs.d.ts              ^[[22m^[[32m454.00 B^[[39m
cli (macos-latest)	UNKNOWN STEP	2026-09-14T21:46:16.5597180Z ^[[32mDTS^[[39m ^[[1mdist/types.d.ts                 ^[[22m^[[32m416.00 B^[[39m
cli (macos-latest)	UNKNOWN STEP	2026-09-14T21:46:16.5597860Z ^[[32mDTS^[[39m ^[[1mdist/presentation-BMTdX6O1.d.ts ^[[22m^[[32m113.38 KB^[[39m
cli (macos-latest)	UNKNOWN STEP	2026-09-14T21:46:16.5598440Z ^[[32mDTS^[[39m ^[[1mdist/schemas--QRVBhU1.d.ts      ^[[22m^[[32m8.84 KB^[[39m
cli (macos-latest)	UNKNOWN STEP	2026-09-14T21:46:16.5599060Z ^[[32mDTS^[[39m ^[[1mdist/catalogs-BnnkUX9O.d.ts     ^[[22m^[[32m46.31 KB^[[39m
cli (macos-latest)	UNKNOWN STEP	2026-09-14T21:46:17.0449790Z ^[[34mCLI^[[39m Building entry: {"index":"src/index.ts"}
cli (macos-latest)	UNKNOWN STEP	2026-09-14T21:46:17.0451050Z ^[[34mCLI^[[39m Using tsconfig: tsconfig.json
cli (macos-latest)	UNKNOWN STEP	2026-09-14T21:46:17.0451660Z ^[[34mCLI^[[39m tsup v8.5.1
cli (macos-latest)	UNKNOWN STEP	2026-09-14T21:46:17.0452280Z ^[[34mCLI^[[39m Using tsup config: /Users/runner/work/opf/opf/packages/cli/tsup.config.ts
cli (macos-latest)	UNKNOWN STEP	2026-09-14T21:46:17.0460560Z ^[[34mCLI^[[39m Target: node24
cli (macos-latest)	UNKNOWN STEP	2026-09-14T21:46:17.0477250Z ^[[34mCLI^[[39m Cleaning output folder
cli (macos-latest)	UNKNOWN STEP	2026-09-14T21:46:17.0483140Z ^[[34mESM^[[39m Build start
cli (macos-latest)	UNKNOWN STEP	2026-09-14T21:46:17.1631530Z ^[[32mESM^[[39m ^[[1mdist/index.js     ^[[22m^[[32m1.22 MB^[[39m
cli (macos-latest)	UNKNOWN STEP	2026-09-14T21:46:17.1632410Z ^[[32mESM^[[39m ^[[1mdist/index.js.map ^[[22m^[[32m1.90 MB^[[39m
cli (macos-latest)	UNKNOWN STEP	2026-09-14T21:46:17.1633080Z ^[[32mESM^[[39m ⚡️ Build success in 115ms
cli (macos-latest)	UNKNOWN STEP	2026-09-14T21:46:18.2161650Z ▶ opf validate
cli (macos-latest)	UNKNOWN STEP	2026-09-14T21:46:18.2263360Z   ✔ validates a well-formed deck with exit code 0 and reports valid: true (170.471959ms)
cli (macos-latest)	UNKNOWN STEP	2026-09-14T21:46:18.2363600Z   ✔ rejects an invalid deck with a non-zero exit code and reports errors (203.528458ms)
cli (macos-latest)	UNKNOWN STEP	2026-09-14T21:46:18.2465650Z   ✔ reports a read/parse error and exits 2 for a nonexistent file (75.622417ms)
cli (macos-latest)	UNKNOWN STEP	2026-09-14T21:46:18.2566460Z   ✔ prints usage and exits 2 when 'validate' is called without a file argument (77.216541ms)
cli (macos-latest)	UNKNOWN STEP	2026-09-14T21:46:18.2667850Z ✔ opf validate (527.604042ms)
cli (macos-latest)	UNKNOWN STEP	2026-09-14T21:46:18.2695400Z ▶ opf usage
cli (macos-latest)	UNKNOWN STEP	2026-09-14T21:46:18.2696510Z   ✔ prints help and exits 0 with no arguments (80.560708ms)
cli (macos-latest)	UNKNOWN STEP	2026-09-14T21:46:18.2709780Z   ✔ prints usage and exits 2 for an unknown command (69.107667ms)
cli (macos-latest)	UNKNOWN STEP	2026-09-14T21:46:18.2722910Z ✔ opf usage (149.849167ms)
cli (macos-latest)	UNKNOWN STEP	2026-09-14T21:46:18.2729270Z ▶ opf catalogs
cli (macos-latest)	UNKNOWN STEP	2026-09-14T21:46:18.2750260Z   ✔ lists every bundled catalog kind with its record count (90.121416ms)
cli (macos-latest)	UNKNOWN STEP	2026-09-14T21:46:18.2750950Z ✔ opf catalogs (90.330833ms)
cli (macos-latest)	UNKNOWN STEP	2026-09-14T21:46:18.2751460Z ▶ opf schemas
cli (macos-latest)	UNKNOWN STEP	2026-09-14T21:46:18.2752130Z   ✔ lists every bundled schema name, file, and $id (81.542333ms)
cli (macos-latest)	UNKNOWN STEP	2026-09-14T21:46:18.2752560Z ✔ opf schemas (82.662959ms)
cli (macos-latest)	UNKNOWN STEP	2026-09-14T21:46:18.2753320Z ✔ managed skills install, idempotence, safe update and recoverable previous files (38.696416ms)
cli (macos-latest)	UNKNOWN STEP	2026-09-14T21:46:18.2754160Z ✔ unmanaged destinations, links and another installer lock are preserved (16.754042ms)
cli (macos-latest)	UNKNOWN STEP	2026-09-14T21:46:18.2755170Z ✔ CLI bundles all six complete skills and advertises the actual npx command (587.812583ms)
cli (macos-latest)	UNKNOWN STEP	2026-09-14T21:46:18.2755890Z ℹ tests 11
cli (macos-latest)	UNKNOWN STEP	2026-09-14T21:46:18.2756140Z ℹ suites 4
cli (macos-latest)	UNKNOWN STEP	2026-09-14T21:46:18.2756440Z ℹ pass 11
cli (macos-latest)	UNKNOWN STEP	2026-09-14T21:46:18.2756690Z ℹ fail 0
cli (macos-latest)	UNKNOWN STEP	2026-09-14T21:46:18.2757010Z ℹ cancelled 0
cli (macos-latest)	UNKNOWN STEP	2026-09-14T21:46:18.2757300Z ℹ skipped 0
cli (macos-latest)	UNKNOWN STEP	2026-09-14T21:46:18.2757500Z ℹ todo 0
cli (macos-latest)	UNKNOWN STEP	2026-09-14T21:46:18.2757790Z ℹ duration_ms 947.519959
cli (macos-latest)	UNKNOWN STEP	2026-09-14T21:46:29.5133680Z CLI passed 70 command checks: file preservation, patch operations, validation, pipes, schema lookup, pagination.
cli (macos-latest)	UNKNOWN STEP	2026-09-14T21:46:29.6067940Z ##[group]Run pnpm test:cli:packed
cli (macos-latest)	UNKNOWN STEP	2026-09-14T21:46:29.6068380Z ^[[36;1mpnpm test:cli:packed^[[0m
cli (macos-latest)	UNKNOWN STEP	2026-09-14T21:46:29.6122240Z shell: /bin/bash -e {0}
cli (macos-latest)	UNKNOWN STEP	2026-09-14T21:46:29.6122610Z env:
cli (macos-latest)	UNKNOWN STEP	2026-09-14T21:46:29.6123040Z   PNPM_HOME: /Users/runner/setup-pnpm/node_modules/.bin
cli (macos-latest)	UNKNOWN STEP	2026-09-14T21:46:29.6123480Z ##[endgroup]
cli (macos-latest)	UNKNOWN STEP	2026-09-14T21:46:30.1343630Z 
cli (macos-latest)	UNKNOWN STEP	2026-09-14T21:46:30.1438830Z > openpresentation-workspace@ test:cli:packed /Users/runner/work/opf/opf
cli (macos-latest)	UNKNOWN STEP	2026-09-14T21:46:30.1466080Z > pnpm --filter @openpresentation/cli test:packed
cli (macos-latest)	UNKNOWN STEP	2026-09-14T21:46:30.1499510Z 
cli (macos-latest)	UNKNOWN STEP	2026-09-14T21:46:30.5608030Z 
cli (macos-latest)	UNKNOWN STEP	2026-09-14T21:46:30.5610420Z > @openpresentation/cli@0.7.0 test:packed /Users/runner/work/opf/opf/packages/cli
cli (macos-latest)	UNKNOWN STEP	2026-09-14T21:46:30.5611940Z > node test/packed.mjs
cli (macos-latest)	UNKNOWN STEP	2026-09-14T21:46:30.5620660Z 
cli (macos-latest)	UNKNOWN STEP	2026-09-14T21:46:53.0797460Z CLI passed 70 command checks: file preservation, patch operations, validation, pipes, schema lookup, pagination.
cli (macos-latest)	UNKNOWN STEP	2026-09-14T21:46:53.0804690Z Standalone global and npx-style installation passed (local pack). Integrity: sha512-NPao5QqXhBcJ6BX1qG5nXdeO++V0X+HO00gvEQA5SfF0s9C+GlPJHWbqD7lAU815VzKxFlpSOwZ0Y/ajvZwZAA==. Tarball: /Users/runner/work/opf/opf/artifacts/cli/openpresentation-cli-0.7.0.tgz
cli (macos-latest)	UNKNOWN STEP	2026-09-14T21:46:53.2472260Z Post job cleanup.
cli (macos-latest)	UNKNOWN STEP	2026-09-14T21:46:53.6133570Z Cache hit occurred on the primary key node-cache-macOS-arm64-pnpm-1b7795a64b3f5c9935c6c77059dc5dc948c44ab49ad3fca4f0a4e0d836589833, not saving cache.
cli (macos-latest)	UNKNOWN STEP	2026-09-14T21:46:53.6224030Z Post job cleanup.
cli (macos-latest)	UNKNOWN STEP	2026-09-14T21:46:53.7781560Z Pruning is unnecessary.
cli (macos-latest)	UNKNOWN STEP	2026-09-14T21:46:53.7907110Z Post job cleanup.
cli (macos-latest)	UNKNOWN STEP	2026-09-14T21:46:53.8881250Z [command]/opt/homebrew/bin/git version
cli (macos-latest)	UNKNOWN STEP	2026-09-14T21:46:53.9074900Z git version 2.55.0
cli (macos-latest)	UNKNOWN STEP	2026-09-14T21:46:53.9093040Z Copying '/Users/runner/.gitconfig' to '/Users/runner/work/_temp/f2707e0b-4c2e-4c5b-9a81-b2cd679fbc5f/.gitconfig'
cli (macos-latest)	UNKNOWN STEP	2026-09-14T21:46:53.9101080Z Temporarily overriding HOME='/Users/runner/work/_temp/f2707e0b-4c2e-4c5b-9a81-b2cd679fbc5f' before making global git config changes
cli (macos-latest)	UNKNOWN STEP	2026-09-14T21:46:53.9102100Z Adding repository directory to the temporary git global config as a safe directory
cli (macos-latest)	UNKNOWN STEP	2026-09-14T21:46:53.9104540Z [command]/opt/homebrew/bin/git config --global --add safe.directory /Users/runner/work/opf/opf
cli (macos-latest)	UNKNOWN STEP	2026-09-14T21:46:53.9209490Z Removing SSH command configuration
cli (macos-latest)	UNKNOWN STEP	2026-09-14T21:46:53.9213530Z [command]/opt/homebrew/bin/git config --local --name-only --get-regexp core\.sshCommand
cli (macos-latest)	UNKNOWN STEP	2026-09-14T21:46:53.9291200Z [command]/opt/homebrew/bin/git submodule foreach --recursive sh -c "git config --local --name-only --get-regexp 'core\.sshCommand' && git config --local --unset-all 'core.sshCommand' || :"
cli (macos-latest)	UNKNOWN STEP	2026-09-14T21:46:54.0265930Z Removing HTTP extra header
cli (macos-latest)	UNKNOWN STEP	2026-09-14T21:46:54.0271200Z [command]/opt/homebrew/bin/git config --local --name-only --get-regexp http\.https\:\/\/github\.com\/\.extraheader
cli (macos-latest)	UNKNOWN STEP	2026-09-14T21:46:54.0337830Z [command]/opt/homebrew/bin/git submodule foreach --recursive sh -c "git config --local --name-only --get-regexp 'http\.https\:\/\/github\.com\/\.extraheader' && git config --local --unset-all 'http.https://github.com/.extraheader' || :"
cli (macos-latest)	UNKNOWN STEP	2026-09-14T21:46:54.1144300Z Removing includeIf entries pointing to credentials config files
cli (macos-latest)	UNKNOWN STEP	2026-09-14T21:46:54.1149610Z [command]/opt/homebrew/bin/git config --local --name-only --get-regexp ^includeIf\.gitdir:
cli (macos-latest)	UNKNOWN STEP	2026-09-14T21:46:54.1210660Z [command]/opt/homebrew/bin/git submodule foreach --recursive git config --local --show-origin --name-only --get-regexp remote.origin.url
cli (macos-latest)	UNKNOWN STEP	2026-09-14T21:46:54.2352190Z Cleaning up orphan processes
