TAP version 13
# Subtest: cards preserve outer tracks, regions and headings while measuring a rounded inner box
ok 1 - cards preserve outer tracks, regions and headings while measuring a rounded inner box
  ---
  duration_ms: 9.204708
  ...
# Subtest: slide false overrides host cards; nested leaves receive one inset and preserve group geometry
ok 2 - slide false overrides host cards; nested leaves receive one inset and preserve group geometry
  ---
  duration_ms: 0.922833
  ...
# Subtest: card padding participates in automatic score, strict overflow and whole-document pagination
ok 3 - card padding participates in automatic score, strict overflow and whole-document pagination
  ---
  duration_ms: 220.54275
  ...
# Subtest: accepted code uses rounded cells and preserves body compatibility without repeated explanation measurements
ok 4 - accepted code uses rounded cells and preserves body compatibility without repeated explanation measurements
  ---
  duration_ms: 3.076084
  ...
# Subtest: candidate penalties include complete code metadata and charge overflowing leaves once
ok 5 - candidate penalties include complete code metadata and charge overflowing leaves once
  ---
  duration_ms: 29.207875
  ...
# Subtest: strict ancestors reject code metadata paths and cannot be weakened by descendants
ok 6 - strict ancestors reject code metadata paths and cannot be weakened by descendants
  ---
  duration_ms: 305.774292
  ...
# Subtest: explicit code placement and weights remain authoritative even when metadata overflows
ok 7 - explicit code placement and weights remain authoritative even when metadata overflows
  ---
  duration_ms: 14.054916
  ...
# Subtest: pagination preserves exact code bytes, metadata, ranges and floors across wide and portrait slides
ok 8 - pagination preserves exact code bytes, metadata, ranges and floors across wide and portrait slides
  ---
  duration_ms: 250.090917
  ...
# Subtest: irreducible code metadata rejects pagination even after earlier content or with an empty body
ok 9 - irreducible code metadata rejects pagination even after earlier content or with an empty body
  ---
  duration_ms: 201.436125
  ...
# Subtest: complete code parts preserve exact filename, language, body, whitespace and hard line boundaries
ok 10 - complete code parts preserve exact filename, language, body, whitespace and hard line boundaries
  ---
  duration_ms: 2.100167
  ...
# Subtest: shorthand, empty source and absent metadata retain their source and generated-label distinction
ok 11 - shorthand, empty source and absent metadata retain their source and generated-label distinction
  ---
  duration_ms: 0.363708
  ...
# Subtest: long language labels and filenames are measured within their cell before allocating the body
ok 12 - long language labels and filenames are measured within their cell before allocating the body
  ---
  duration_ms: 6.274834
  ...
# Subtest: wrapped whitespace and graphemes retain contiguous source offsets, including CRLF and blank final lines
ok 13 - wrapped whitespace and graphemes retain contiguous source offsets, including CRLF and blank final lines
  ---
  duration_ms: 0.751542
  ...
# Subtest: tabs use measured space stops and never send control tabs to the font-width provider
ok 14 - tabs use measured space stops and never send control tabs to the font-width provider
  ---
  duration_ms: 0.424417
  ...
# Subtest: readability floors scale once and body shrinking preserves all code content
ok 15 - readability floors scale once and body shrinking preserves all code content
  ---
  duration_ms: 0.252875
  ...
# Subtest: irreducible body and metadata failures remain explicit; strict mode does not return partial output
ok 16 - irreducible body and metadata failures remain explicit; strict mode does not return partial output
  ---
  duration_ms: 19.14325
  ...
# Subtest: invalid inner boxes never become invented one-pixel fits; malformed options reject
ok 17 - invalid inner boxes never become invented one-pixel fits; malformed options reject
  ---
  duration_ms: 0.220042
  ...
# Subtest: font trials stay bounded independently of canvas scale
ok 18 - font trials stay bounded independently of canvas scale
  ---
  duration_ms: 14.95875
  ...
# Subtest: opaque contrast follows unrounded sRGB luminance thresholds
ok 19 - opaque contrast follows unrounded sRGB luminance thresholds
  ---
  duration_ms: 0.721917
  ...
# Subtest: chart marks retain passing colors and brighten/darken failing opaque palettes
ok 20 - chart marks retain passing colors and brighten/darken failing opaque palettes
  ---
  duration_ms: 16.471333
  ...
# Subtest: bright and dark fills select readable inherited text without guessing alpha backdrops
ok 21 - bright and dark fills select readable inherited text without guessing alpha backdrops
  ---
  duration_ms: 0.244708
  ...
# Subtest: explanation preserves geometry, source values and measurement calls
ok 22 - explanation preserves geometry, source values and measurement calls
  ---
  duration_ms: 26.199958
  ...
# Subtest: candidate penalties account for the score and report the selected flow
ok 23 - candidate penalties account for the score and report the selected flow
  ---
  duration_ms: 16.517791
  ...
# Subtest: fixed modes and promoted regions retain placement with no invented search
ok 24 - fixed modes and promoted regions retain placement with no invented search
  ---
  duration_ms: 0.452
  ...
# Subtest: reserved slots, candidate caps and empty slides are explicit
ok 25 - reserved slots, candidate caps and empty slides are explicit
  ---
  duration_ms: 110.391083
  ...
# Subtest: equal scores retain the first, lower-column candidate
ok 26 - equal scores retain the first, lower-column candidate
  ---
  duration_ms: 4.574709
  ...
# Subtest: unsupported internal fit stays visible and strict failures retain their explanation
ok 27 - unsupported internal fit stays visible and strict failures retain their explanation
  ---
  duration_ms: 952.53675
  ...
# Subtest: example catalog sanity
    # Subtest: has at least one example
    ok 1 - has at least one example
      ---
      duration_ms: 0.362375
      ...
    # Subtest: has at least one gallery
    ok 2 - has at least one gallery
      ---
      duration_ms: 0.05175
      ...
    # Subtest: example categories include 'gallery'
    ok 3 - example categories include 'gallery'
      ---
      duration_ms: 0.08775
      ...
    1..3
ok 28 - example catalog sanity
  ---
  duration_ms: 1.061375
  type: 'suite'
  ...
# Subtest: every bundled example validates cleanly
    # Subtest: example 'compliance-readiness-review' has the expected shape and validates without warnings
    ok 1 - example 'compliance-readiness-review' has the expected shape and validates without warnings
      ---
      duration_ms: 209.115083
      ...
    # Subtest: example 'contract-cycle-time-brief' has the expected shape and validates without warnings
    ok 2 - example 'contract-cycle-time-brief' has the expected shape and validates without warnings
      ---
      duration_ms: 1.729417
      ...
    # Subtest: example 'data-platform-migration-plan' has the expected shape and validates without warnings
    ok 3 - example 'data-platform-migration-plan' has the expected shape and validates without warnings
      ---
      duration_ms: 2.207375
      ...
    # Subtest: example 'defect-escape-reduction-review' has the expected shape and validates without warnings
    ok 4 - example 'defect-escape-reduction-review' has the expected shape and validates without warnings
      ---
      duration_ms: 0.651167
      ...
    # Subtest: example 'demand-generation-campaign-brief' has the expected shape and validates without warnings
    ok 5 - example 'demand-generation-campaign-brief' has the expected shape and validates without warnings
      ---
      duration_ms: 1.667708
      ...
    # Subtest: example 'employee-town-hall-run-of-show' has the expected shape and validates without warnings
    ok 6 - example 'employee-town-hall-run-of-show' has the expected shape and validates without warnings
      ---
      duration_ms: 0.39975
      ...
    # Subtest: example 'engineering-capacity-planning' has the expected shape and validates without warnings
    ok 7 - example 'engineering-capacity-planning' has the expected shape and validates without warnings
      ---
      duration_ms: 1.889709
      ...
    # Subtest: example 'enterprise-account-expansion-plan' has the expected shape and validates without warnings
    ok 8 - example 'enterprise-account-expansion-plan' has the expected shape and validates without warnings
      ---
      duration_ms: 0.544208
      ...
    # Subtest: example 'field-enablement-certification' has the expected shape and validates without warnings
    ok 9 - example 'field-enablement-certification' has the expected shape and validates without warnings
      ---
      duration_ms: 0.796208
      ...
    # Subtest: example 'fy27-budget-tradeoff-deck' has the expected shape and validates without warnings
    ok 10 - example 'fy27-budget-tradeoff-deck' has the expected shape and validates without warnings
      ---
      duration_ms: 0.355667
      ...
    # Subtest: example 'identity-incident-executive-brief' has the expected shape and validates without warnings
    ok 11 - example 'identity-incident-executive-brief' has the expected shape and validates without warnings
      ---
      duration_ms: 0.692542
      ...
    # Subtest: example 'investor-relations-update' has the expected shape and validates without warnings
    ok 12 - example 'investor-relations-update' has the expected shape and validates without warnings
      ---
      duration_ms: 1.009375
      ...
    # Subtest: example 'model-governance-review' has the expected shape and validates without warnings
    ok 13 - example 'model-governance-review' has the expected shape and validates without warnings
      ---
      duration_ms: 0.811208
      ...
    # Subtest: example 'onboarding-experience-redesign' has the expected shape and validates without warnings
    ok 14 - example 'onboarding-experience-redesign' has the expected shape and validates without warnings
      ---
      duration_ms: 0.156084
      ...
    # Subtest: example 'partner-ecosystem-launch-kit' has the expected shape and validates without warnings
    ok 15 - example 'partner-ecosystem-launch-kit' has the expected shape and validates without warnings
      ---
      duration_ms: 0.250583
      ...
    # Subtest: example 'pricing-and-packaging-decision' has the expected shape and validates without warnings
    ok 16 - example 'pricing-and-packaging-decision' has the expected shape and validates without warnings
      ---
      duration_ms: 0.37525
      ...
    # Subtest: example 'product-roadmap-decision-review' has the expected shape and validates without warnings
    ok 17 - example 'product-roadmap-decision-review' has the expected shape and validates without warnings
      ---
      duration_ms: 1.377166
      ...
    # Subtest: example 'renewal-save-plan' has the expected shape and validates without warnings
    ok 18 - example 'renewal-save-plan' has the expected shape and validates without warnings
      ---
      duration_ms: 1.130792
      ...
    # Subtest: example 'revenue-forecast-inspection' has the expected shape and validates without warnings
    ok 19 - example 'revenue-forecast-inspection' has the expected shape and validates without warnings
      ---
      duration_ms: 0.3095
      ...
    # Subtest: example 's-and-op-exception-review' has the expected shape and validates without warnings
    ok 20 - example 's-and-op-exception-review' has the expected shape and validates without warnings
      ---
      duration_ms: 0.291125
      ...
    # Subtest: example 'scope-3-reporting-readiness' has the expected shape and validates without warnings
    ok 21 - example 'scope-3-reporting-readiness' has the expected shape and validates without warnings
      ---
      duration_ms: 0.172458
      ...
    # Subtest: example 'strategy-offsite-pre-read' has the expected shape and validates without warnings
    ok 22 - example 'strategy-offsite-pre-read' has the expected shape and validates without warnings
      ---
      duration_ms: 2.518417
      ...
    # Subtest: example 'supplier-risk-heatmap' has the expected shape and validates without warnings
    ok 23 - example 'supplier-risk-heatmap' has the expected shape and validates without warnings
      ---
      duration_ms: 0.455833
      ...
    # Subtest: example 'support-deflection-program' has the expected shape and validates without warnings
    ok 24 - example 'support-deflection-program' has the expected shape and validates without warnings
      ---
      duration_ms: 0.179333
      ...
    # Subtest: example 'workplace-occupancy-reset' has the expected shape and validates without warnings
    ok 25 - example 'workplace-occupancy-reset' has the expected shape and validates without warnings
      ---
      duration_ms: 0.1315
      ...
    # Subtest: example 'data-storytelling-atlas' has the expected shape and validates without warnings
    ok 26 - example 'data-storytelling-atlas' has the expected shape and validates without warnings
      ---
      duration_ms: 0.218
      ...
    # Subtest: example 'kiosk-orientation-deck' has the expected shape and validates without warnings
    ok 27 - example 'kiosk-orientation-deck' has the expected shape and validates without warnings
      ---
      duration_ms: 0.832375
      ...
    # Subtest: example 'photo-essay-portfolio' has the expected shape and validates without warnings
    ok 28 - example 'photo-essay-portfolio' has the expected shape and validates without warnings
      ---
      duration_ms: 0.258333
      ...
    # Subtest: example 'video-demo-sales-narrative' has the expected shape and validates without warnings
    ok 29 - example 'video-demo-sales-narrative' has the expected shape and validates without warnings
      ---
      duration_ms: 0.948334
      ...
    # Subtest: example 'visual-brand-system-sampler' has the expected shape and validates without warnings
    ok 30 - example 'visual-brand-system-sampler' has the expected shape and validates without warnings
      ---
      duration_ms: 0.601
      ...
    # Subtest: example 'advising-retention-review' has the expected shape and validates without warnings
    ok 31 - example 'advising-retention-review' has the expected shape and validates without warnings
      ---
      duration_ms: 0.373042
      ...
    # Subtest: example 'alumni-giving-campaign' has the expected shape and validates without warnings
    ok 32 - example 'alumni-giving-campaign' has the expected shape and validates without warnings
      ---
      duration_ms: 0.340083
      ...
    # Subtest: example 'apprenticeship-partnership-deck' has the expected shape and validates without warnings
    ok 33 - example 'apprenticeship-partnership-deck' has the expected shape and validates without warnings
      ---
      duration_ms: 0.318375
      ...
    # Subtest: example 'athletics-budget-review' has the expected shape and validates without warnings
    ok 34 - example 'athletics-budget-review' has the expected shape and validates without warnings
      ---
      duration_ms: 0.52925
      ...
    # Subtest: example 'campus-energy-action-brief' has the expected shape and validates without warnings
    ok 35 - example 'campus-energy-action-brief' has the expected shape and validates without warnings
      ---
      duration_ms: 0.611042
      ...
    # Subtest: example 'curriculum-approval-brief' has the expected shape and validates without warnings
    ok 36 - example 'curriculum-approval-brief' has the expected shape and validates without warnings
      ---
      duration_ms: 0.519417
      ...
    # Subtest: example 'district-literacy-acceleration-plan' has the expected shape and validates without warnings
    ok 37 - example 'district-literacy-acceleration-plan' has the expected shape and validates without warnings
      ---
      duration_ms: 0.21675
      ...
    # Subtest: example 'library-modernization-roadmap' has the expected shape and validates without warnings
    ok 38 - example 'library-modernization-roadmap' has the expected shape and validates without warnings
      ---
      duration_ms: 0.517917
      ...
    # Subtest: example 'online-program-launch-plan' has the expected shape and validates without warnings
    ok 39 - example 'online-program-launch-plan' has the expected shape and validates without warnings
      ---
      duration_ms: 0.31425
      ...
    # Subtest: example 'research-grant-pitch' has the expected shape and validates without warnings
    ok 40 - example 'research-grant-pitch' has the expected shape and validates without warnings
      ---
      duration_ms: 0.359167
      ...
    # Subtest: example 'school-safety-preparedness-brief' has the expected shape and validates without warnings
    ok 41 - example 'school-safety-preparedness-brief' has the expected shape and validates without warnings
      ---
      duration_ms: 1.169084
      ...
    # Subtest: example 'special-education-services-plan' has the expected shape and validates without warnings
    ok 42 - example 'special-education-services-plan' has the expected shape and validates without warnings
      ---
      duration_ms: 0.1935
      ...
    # Subtest: example 'stem-lab-funding-proposal' has the expected shape and validates without warnings
    ok 43 - example 'stem-lab-funding-proposal' has the expected shape and validates without warnings
      ---
      duration_ms: 0.146375
      ...
    # Subtest: example 'student-mental-health-capacity-review' has the expected shape and validates without warnings
    ok 44 - example 'student-mental-health-capacity-review' has the expected shape and validates without warnings
      ---
      duration_ms: 0.341208
      ...
    # Subtest: example 'workforce-pathway-partnership' has the expected shape and validates without warnings
    ok 45 - example 'workforce-pathway-partnership' has the expected shape and validates without warnings
      ---
      duration_ms: 0.538625
      ...
    # Subtest: example 'broadband-public-hearing-deck' has the expected shape and validates without warnings
    ok 46 - example 'broadband-public-hearing-deck' has the expected shape and validates without warnings
      ---
      duration_ms: 0.631417
      ...
    # Subtest: example 'court-backlog-reduction-plan' has the expected shape and validates without warnings
    ok 47 - example 'court-backlog-reduction-plan' has the expected shape and validates without warnings
      ---
      duration_ms: 0.293459
      ...
    # Subtest: example 'digital-services-modernization' has the expected shape and validates without warnings
    ok 48 - example 'digital-services-modernization' has the expected shape and validates without warnings
      ---
      duration_ms: 0.137167
      ...
    # Subtest: example 'grant-equity-review' has the expected shape and validates without warnings
    ok 49 - example 'grant-equity-review' has the expected shape and validates without warnings
      ---
      duration_ms: 0.124791
      ...
    # Subtest: example 'housing-zoning-council-brief' has the expected shape and validates without warnings
    ok 50 - example 'housing-zoning-council-brief' has the expected shape and validates without warnings
      ---
      duration_ms: 0.506417
      ...
    # Subtest: example 'parks-master-plan-workshop' has the expected shape and validates without warnings
    ok 51 - example 'parks-master-plan-workshop' has the expected shape and validates without warnings
      ---
      duration_ms: 0.660667
      ...
    # Subtest: example 'police-training-program-update' has the expected shape and validates without warnings
    ok 52 - example 'police-training-program-update' has the expected shape and validates without warnings
      ---
      duration_ms: 0.275167
      ...
    # Subtest: example 'recycling-participation-campaign' has the expected shape and validates without warnings
    ok 53 - example 'recycling-participation-campaign' has the expected shape and validates without warnings
      ---
      duration_ms: 0.48525
      ...
    # Subtest: example 'regulatory-risk-brief' has the expected shape and validates without warnings
    ok 54 - example 'regulatory-risk-brief' has the expected shape and validates without warnings
      ---
      duration_ms: 0.742
      ...
    # Subtest: example 'tax-portal-modernization' has the expected shape and validates without warnings
    ok 55 - example 'tax-portal-modernization' has the expected shape and validates without warnings
      ---
      duration_ms: 0.513875
      ...
    # Subtest: example 'transit-corridor-alternatives' has the expected shape and validates without warnings
    ok 56 - example 'transit-corridor-alternatives' has the expected shape and validates without warnings
      ---
      duration_ms: 0.914459
      ...
    # Subtest: example 'vaccination-outreach-briefing' has the expected shape and validates without warnings
    ok 57 - example 'vaccination-outreach-briefing' has the expected shape and validates without warnings
      ---
      duration_ms: 0.290667
      ...
    # Subtest: example 'water-utility-capital-plan' has the expected shape and validates without warnings
    ok 58 - example 'water-utility-capital-plan' has the expected shape and validates without warnings
      ---
      duration_ms: 0.5005
      ...
    # Subtest: example 'wildfire-evacuation-preparedness' has the expected shape and validates without warnings
    ok 59 - example 'wildfire-evacuation-preparedness' has the expected shape and validates without warnings
      ---
      duration_ms: 0.490375
      ...
    # Subtest: example 'workforce-reskilling-initiative' has the expected shape and validates without warnings
    ok 60 - example 'workforce-reskilling-initiative' has the expected shape and validates without warnings
      ---
      duration_ms: 0.445208
      ...
    # Subtest: example 'airline-disruption-recovery-review' has the expected shape and validates without warnings
    ok 61 - example 'airline-disruption-recovery-review' has the expected shape and validates without warnings
      ---
      duration_ms: 0.499125
      ...
    # Subtest: example 'ambulatory-access-recovery-plan' has the expected shape and validates without warnings
    ok 62 - example 'ambulatory-access-recovery-plan' has the expected shape and validates without warnings
      ---
      duration_ms: 0.154083
      ...
    # Subtest: example 'battery-line-supplier-readiness' has the expected shape and validates without warnings
    ok 63 - example 'battery-line-supplier-readiness' has the expected shape and validates without warnings
      ---
      duration_ms: 0.778875
      ...
    # Subtest: example 'boutique-hotel-revenue-recovery' has the expected shape and validates without warnings
    ok 64 - example 'boutique-hotel-revenue-recovery' has the expected shape and validates without warnings
      ---
      duration_ms: 0.621
      ...
    # Subtest: example 'branch-modernization-investment-case' has the expected shape and validates without warnings
    ok 65 - example 'branch-modernization-investment-case' has the expected shape and validates without warnings
      ---
      duration_ms: 0.196916
      ...
    # Subtest: example 'claims-triage-operating-model' has the expected shape and validates without warnings
    ok 66 - example 'claims-triage-operating-model' has the expected shape and validates without warnings
      ---
      duration_ms: 0.139417
      ...
    # Subtest: example 'cold-chain-waste-reduction-review' has the expected shape and validates without warnings
    ok 67 - example 'cold-chain-waste-reduction-review' has the expected shape and validates without warnings
      ---
      duration_ms: 0.27825
      ...
    # Subtest: example 'construction-safety-stand-down' has the expected shape and validates without warnings
    ok 68 - example 'construction-safety-stand-down' has the expected shape and validates without warnings
      ---
      duration_ms: 0.512584
      ...
    # Subtest: example 'consulting-margin-recovery-plan' has the expected shape and validates without warnings
    ok 69 - example 'consulting-margin-recovery-plan' has the expected shape and validates without warnings
      ---
      duration_ms: 0.326292
      ...
    # Subtest: example 'drive-thru-throughput-playbook' has the expected shape and validates without warnings
    ok 70 - example 'drive-thru-throughput-playbook' has the expected shape and validates without warnings
      ---
      duration_ms: 0.292167
      ...
    # Subtest: example 'fan-experience-operations-brief' has the expected shape and validates without warnings
    ok 71 - example 'fan-experience-operations-brief' has the expected shape and validates without warnings
      ---
      duration_ms: 0.2395
      ...
    # Subtest: example 'food-bank-distribution-capacity-plan' has the expected shape and validates without warnings
    ok 72 - example 'food-bank-distribution-capacity-plan' has the expected shape and validates without warnings
      ---
      duration_ms: 0.150333
      ...
    # Subtest: example 'grid-resilience-capital-plan' has the expected shape and validates without warnings
    ok 73 - example 'grid-resilience-capital-plan' has the expected shape and validates without warnings
      ---
      duration_ms: 1.480334
      ...
    # Subtest: example 'managed-detection-market-update' has the expected shape and validates without warnings
    ok 74 - example 'managed-detection-market-update' has the expected shape and validates without warnings
      ---
      duration_ms: 0.176125
      ...
    # Subtest: example 'mixed-use-leasing-pipeline-review' has the expected shape and validates without warnings
    ok 75 - example 'mixed-use-leasing-pipeline-review' has the expected shape and validates without warnings
      ---
      duration_ms: 0.515333
      ...
    # Subtest: example 'port-dwell-time-improvement-plan' has the expected shape and validates without warnings
    ok 76 - example 'port-dwell-time-improvement-plan' has the expected shape and validates without warnings
      ---
      duration_ms: 0.494417
      ...
    # Subtest: example 'retail-launch-readiness-deck' has the expected shape and validates without warnings
    ok 77 - example 'retail-launch-readiness-deck' has the expected shape and validates without warnings
      ---
      duration_ms: 0.954417
      ...
    # Subtest: example 'robotics-quality-escape-briefing' has the expected shape and validates without warnings
    ok 78 - example 'robotics-quality-escape-briefing' has the expected shape and validates without warnings
      ---
      duration_ms: 0.363875
      ...
    # Subtest: example 'rural-broadband-expansion-proposal' has the expected shape and validates without warnings
    ok 79 - example 'rural-broadband-expansion-proposal' has the expected shape and validates without warnings
      ---
      duration_ms: 0.214417
      ...
    # Subtest: example 'satellite-maintenance-readiness-review' has the expected shape and validates without warnings
    ok 80 - example 'satellite-maintenance-readiness-review' has the expected shape and validates without warnings
      ---
      duration_ms: 0.258334
      ...
    # Subtest: example 'streaming-churn-winback-strategy' has the expected shape and validates without warnings
    ok 81 - example 'streaming-churn-winback-strategy' has the expected shape and validates without warnings
      ---
      duration_ms: 0.14775
      ...
    # Subtest: example 'tailings-monitoring-investment-brief' has the expected shape and validates without warnings
    ok 82 - example 'tailings-monitoring-investment-brief' has the expected shape and validates without warnings
      ---
      duration_ms: 0.238208
      ...
    # Subtest: example 'trial-enrollment-rescue-plan' has the expected shape and validates without warnings
    ok 83 - example 'trial-enrollment-rescue-plan' has the expected shape and validates without warnings
      ---
      duration_ms: 0.133958
      ...
    # Subtest: example 'veterinary-staffing-stabilization' has the expected shape and validates without warnings
    ok 84 - example 'veterinary-staffing-stabilization' has the expected shape and validates without warnings
      ---
      duration_ms: 0.10025
      ...
    # Subtest: example 'water-stewardship-grower-brief' has the expected shape and validates without warnings
    ok 85 - example 'water-stewardship-grower-brief' has the expected shape and validates without warnings
      ---
      duration_ms: 0.18
      ...
    # Subtest: example 'arabic-digital-services-brief' has the expected shape and validates without warnings
    ok 86 - example 'arabic-digital-services-brief' has the expected shape and validates without warnings
      ---
      duration_ms: 0.104667
      ...
    # Subtest: example 'brazil-climate-adaptation-brief' has the expected shape and validates without warnings
    ok 87 - example 'brazil-climate-adaptation-brief' has the expected shape and validates without warnings
      ---
      duration_ms: 0.092083
      ...
    # Subtest: example 'german-works-council-update' has the expected shape and validates without warnings
    ok 88 - example 'german-works-council-update' has the expected shape and validates without warnings
      ---
      duration_ms: 0.080708
      ...
    # Subtest: example 'india-rural-payments-pilot' has the expected shape and validates without warnings
    ok 89 - example 'india-rural-payments-pilot' has the expected shape and validates without warnings
      ---
      duration_ms: 0.050292
      ...
    # Subtest: example 'japan-market-entry-readout' has the expected shape and validates without warnings
    ok 90 - example 'japan-market-entry-readout' has the expected shape and validates without warnings
      ---
      duration_ms: 0.048292
      ...
    # Subtest: example 'customer-qbr-renewal-deck' has the expected shape and validates without warnings
    ok 91 - example 'customer-qbr-renewal-deck' has the expected shape and validates without warnings
      ---
      duration_ms: 2.615583
      ...
    # Subtest: example 'data-incident-postmortem' has the expected shape and validates without warnings
    ok 92 - example 'data-incident-postmortem' has the expected shape and validates without warnings
      ---
      duration_ms: 0.166583
      ...
    # Subtest: example 'developer-conference-talk' has the expected shape and validates without warnings
    ok 93 - example 'developer-conference-talk' has the expected shape and validates without warnings
      ---
      duration_ms: 0.112834
      ...
    # Subtest: example 'executive-workshop-facilitation' has the expected shape and validates without warnings
    ok 94 - example 'executive-workshop-facilitation' has the expected shape and validates without warnings
      ---
      duration_ms: 0.114917
      ...
    # Subtest: example 'manager-training-deck' has the expected shape and validates without warnings
    ok 95 - example 'manager-training-deck' has the expected shape and validates without warnings
      ---
      duration_ms: 0.224167
      ...
    # Subtest: example 'monthly-board-update' has the expected shape and validates without warnings
    ok 96 - example 'monthly-board-update' has the expected shape and validates without warnings
      ---
      duration_ms: 0.060875
      ...
    # Subtest: example 'policy-briefing-for-advisors' has the expected shape and validates without warnings
    ok 97 - example 'policy-briefing-for-advisors' has the expected shape and validates without warnings
      ---
      duration_ms: 0.179166
      ...
    # Subtest: example 'product-launch-narrative' has the expected shape and validates without warnings
    ok 98 - example 'product-launch-narrative' has the expected shape and validates without warnings
      ---
      duration_ms: 0.16675
      ...
    # Subtest: example 'research-findings-report' has the expected shape and validates without warnings
    ok 99 - example 'research-findings-report' has the expected shape and validates without warnings
      ---
      duration_ms: 0.176667
      ...
    # Subtest: example 'seed-pitch-for-climate-risk-api' has the expected shape and validates without warnings
    ok 100 - example 'seed-pitch-for-climate-risk-api' has the expected shape and validates without warnings
      ---
      duration_ms: 0.062042
      ...
    # Subtest: example 'asset-source-forms' has the expected shape and validates without warnings
    ok 101 - example 'asset-source-forms' has the expected shape and validates without warnings
      ---
      duration_ms: 0.122458
      ...
    # Subtest: example 'block-composition' has the expected shape and validates without warnings
    ok 102 - example 'block-composition' has the expected shape and validates without warnings
      ---
      duration_ms: 0.085334
      ...
    # Subtest: example 'catalog-overrides' has the expected shape and validates without warnings
    ok 103 - example 'catalog-overrides' has the expected shape and validates without warnings
      ---
      duration_ms: 0.124458
      ...
    # Subtest: example 'chart-data-sources' has the expected shape and validates without warnings
    ok 104 - example 'chart-data-sources' has the expected shape and validates without warnings
      ---
      duration_ms: 0.0415
      ...
    # Subtest: example 'chart-type-sampler' has the expected shape and validates without warnings
    ok 105 - example 'chart-type-sampler' has the expected shape and validates without warnings
      ---
      duration_ms: 0.077167
      ...
    # Subtest: example 'columns' has the expected shape and validates without warnings
    ok 106 - example 'columns' has the expected shape and validates without warnings
      ---
      duration_ms: 0.086625
      ...
    # Subtest: example 'content-payload-matrix' has the expected shape and validates without warnings
    ok 107 - example 'content-payload-matrix' has the expected shape and validates without warnings
      ---
      duration_ms: 0.18
      ...
    # Subtest: example 'design-backgrounds' has the expected shape and validates without warnings
    ok 108 - example 'design-backgrounds' has the expected shape and validates without warnings
      ---
      duration_ms: 0.099125
      ...
    # Subtest: example 'dynamic-composition' has the expected shape and validates without warnings
    ok 109 - example 'dynamic-composition' has the expected shape and validates without warnings
      ---
      duration_ms: 0.172458
      ...
    # Subtest: example 'full-feature-tour' has the expected shape and validates without warnings
    ok 110 - example 'full-feature-tour' has the expected shape and validates without warnings
      ---
      duration_ms: 0.320667
      ...
    # Subtest: example 'grid-spans' has the expected shape and validates without warnings
    ok 111 - example 'grid-spans' has the expected shape and validates without warnings
      ---
      duration_ms: 2.117084
      ...
    # Subtest: example 'header-footer-logo-set' has the expected shape and validates without warnings
    ok 112 - example 'header-footer-logo-set' has the expected shape and validates without warnings
      ---
      duration_ms: 0.099041
      ...
    # Subtest: example 'language-and-writing' has the expected shape and validates without warnings
    ok 113 - example 'language-and-writing' has the expected shape and validates without warnings
      ---
      duration_ms: 0.0445
      ...
    # Subtest: example 'media-and-follow-up' has the expected shape and validates without warnings
    ok 114 - example 'media-and-follow-up' has the expected shape and validates without warnings
      ---
      duration_ms: 0.0695
      ...
    # Subtest: example 'metadata-array-forms' has the expected shape and validates without warnings
    ok 115 - example 'metadata-array-forms' has the expected shape and validates without warnings
      ---
      duration_ms: 0.038333
      ...
    # Subtest: example 'metrics-quotes-timeline' has the expected shape and validates without warnings
    ok 116 - example 'metrics-quotes-timeline' has the expected shape and validates without warnings
      ---
      duration_ms: 0.055583
      ...
    # Subtest: example 'minimal' has the expected shape and validates without warnings
    ok 117 - example 'minimal' has the expected shape and validates without warnings
      ---
      duration_ms: 0.043125
      ...
    # Subtest: example 'narrative-beats' has the expected shape and validates without warnings
    ok 118 - example 'narrative-beats' has the expected shape and validates without warnings
      ---
      duration_ms: 0.056125
      ...
    # Subtest: example 'promoted-region-grid' has the expected shape and validates without warnings
    ok 119 - example 'promoted-region-grid' has the expected shape and validates without warnings
      ---
      duration_ms: 0.120292
      ...
    # Subtest: example 'rich-text-runs' has the expected shape and validates without warnings
    ok 120 - example 'rich-text-runs' has the expected shape and validates without warnings
      ---
      duration_ms: 0.089833
      ...
    # Subtest: example 'root-content' has the expected shape and validates without warnings
    ok 121 - example 'root-content' has the expected shape and validates without warnings
      ---
      duration_ms: 0.039333
      ...
    # Subtest: example 'rows-chart' has the expected shape and validates without warnings
    ok 122 - example 'rows-chart' has the expected shape and validates without warnings
      ---
      duration_ms: 0.069291
      ...
    # Subtest: example 'slide-design-overrides' has the expected shape and validates without warnings
    ok 123 - example 'slide-design-overrides' has the expected shape and validates without warnings
      ---
      duration_ms: 0.083375
      ...
    # Subtest: example 'slide-sections' has the expected shape and validates without warnings
    ok 124 - example 'slide-sections' has the expected shape and validates without warnings
      ---
      duration_ms: 0.061291
      ...
    # Subtest: example 'table-and-code' has the expected shape and validates without warnings
    ok 125 - example 'table-and-code' has the expected shape and validates without warnings
      ---
      duration_ms: 0.083584
      ...
    # Subtest: example 'table-cell-types' has the expected shape and validates without warnings
    ok 126 - example 'table-cell-types' has the expected shape and validates without warnings
      ---
      duration_ms: 0.052792
      ...
    1..126
ok 29 - every bundled example validates cleanly
  ---
  duration_ms: 269.211666
  type: 'suite'
  ...
# Subtest: galleries
    # Subtest: gallery 'business-functions' is well-formed
    ok 1 - gallery 'business-functions' is well-formed
      ---
      duration_ms: 0.054542
      ...
    # Subtest: gallery 'design-and-media' is well-formed
    ok 2 - gallery 'design-and-media' is well-formed
      ---
      duration_ms: 0.015708
      ...
    # Subtest: gallery 'education' is well-formed
    ok 3 - gallery 'education' is well-formed
      ---
      duration_ms: 0.015125
      ...
    # Subtest: gallery 'government' is well-formed
    ok 4 - gallery 'government' is well-formed
      ---
      duration_ms: 0.016375
      ...
    # Subtest: gallery 'industries' is well-formed
    ok 5 - gallery 'industries' is well-formed
      ---
      duration_ms: 0.015417
      ...
    # Subtest: gallery 'international' is well-formed
    ok 6 - gallery 'international' is well-formed
      ---
      duration_ms: 0.01475
      ...
    # Subtest: gallery 'presentation-types' is well-formed
    ok 7 - gallery 'presentation-types' is well-formed
      ---
      duration_ms: 0.014
      ...
    # Subtest: getExamplesByGallery matches gallery.examples length for the first gallery
    ok 8 - getExamplesByGallery matches gallery.examples length for the first gallery
      ---
      duration_ms: 0.053416
      ...
    # Subtest: getGallery resolves a known slug and returns undefined for a bogus one
    ok 9 - getGallery resolves a known slug and returns undefined for a bogus one
      ---
      duration_ms: 0.031458
      ...
    1..9
ok 30 - galleries
  ---
  duration_ms: 0.299
  type: 'suite'
  ...
# Subtest: getExample resolves a known slug
ok 31 - getExample resolves a known slug
  ---
  duration_ms: 0.03
  ...
# Subtest: getExamplesByCategory returns results for a known category
ok 32 - getExamplesByCategory returns results for a known category
  ---
  duration_ms: 0.033667
  ...
# Subtest: bundled docs
    # Subtest: has at least one doc
    ok 1 - has at least one doc
      ---
      duration_ms: 0.066833
      ...
    # Subtest: doc 'agent-skills' has required fields
    ok 2 - doc 'agent-skills' has required fields
      ---
      duration_ms: 0.025792
      ...
    # Subtest: doc 'catalog-schema-reference' has required fields
    ok 3 - doc 'catalog-schema-reference' has required fields
      ---
      duration_ms: 0.015167
      ...
    # Subtest: doc 'content-item-design-overrides' has required fields
    ok 4 - doc 'content-item-design-overrides' has required fields
      ---
      duration_ms: 0.015042
      ...
    # Subtest: doc 'content-payloads' has required fields
    ok 5 - doc 'content-payloads' has required fields
      ---
      duration_ms: 0.024
      ...
    # Subtest: doc 'data-import' has required fields
    ok 6 - doc 'data-import' has required fields
      ---
      duration_ms: 0.015917
      ...
    # Subtest: doc 'design-resolution' has required fields
    ok 7 - doc 'design-resolution' has required fields
      ---
      duration_ms: 0.023667
      ...
    # Subtest: doc 'dynamic-composition' has required fields
    ok 8 - doc 'dynamic-composition' has required fields
      ---
      duration_ms: 0.01675
      ...
    # Subtest: doc 'ecosystem-development' has required fields
    ok 9 - doc 'ecosystem-development' has required fields
      ---
      duration_ms: 0.016834
      ...
    # Subtest: doc 'evidence-2026-09-08-windows' has required fields
    ok 10 - doc 'evidence-2026-09-08-windows' has required fields
      ---
      duration_ms: 0.015917
      ...
    # Subtest: doc 'examples' has required fields
    ok 11 - doc 'examples' has required fields
      ---
      duration_ms: 2.365792
      ...
    # Subtest: doc 'font-fidelity' has required fields
    ok 12 - doc 'font-fidelity' has required fields
      ---
      duration_ms: 0.035708
      ...
    # Subtest: doc 'handoff-2026-09-08' has required fields
    ok 13 - doc 'handoff-2026-09-08' has required fields
      ---
      duration_ms: 0.024583
      ...
    # Subtest: doc 'handoff-2026-09-10-wrap-up' has required fields
    ok 14 - doc 'handoff-2026-09-10-wrap-up' has required fields
      ---
      duration_ms: 0.029208
      ...
    # Subtest: doc 'handoff-mac-owner-2026-09-10' has required fields
    ok 15 - doc 'handoff-mac-owner-2026-09-10' has required fields
      ---
      duration_ms: 0.020375
      ...
    # Subtest: doc 'handoff-windows-native-2026-09-10' has required fields
    ok 16 - doc 'handoff-windows-native-2026-09-10' has required fields
      ---
      duration_ms: 0.016625
      ...
    # Subtest: doc 'handoff' has required fields
    ok 17 - doc 'handoff' has required fields
      ---
      duration_ms: 0.016375
      ...
    # Subtest: doc 'how-opf-works' has required fields
    ok 18 - doc 'how-opf-works' has required fields
      ---
      duration_ms: 0.016125
      ...
    # Subtest: doc 'live-editor' has required fields
    ok 19 - doc 'live-editor' has required fields
      ---
      duration_ms: 0.015667
      ...
    # Subtest: doc 'llm-authoring' has required fields
    ok 20 - doc 'llm-authoring' has required fields
      ---
      duration_ms: 0.015916
      ...
    # Subtest: doc 'native-content-release-2026-09-09' has required fields
    ok 21 - doc 'native-content-release-2026-09-09' has required fields
      ---
      duration_ms: 0.01525
      ...
    # Subtest: doc 'native-feature-matrix-2026-09-09' has required fields
    ok 22 - doc 'native-feature-matrix-2026-09-09' has required fields
      ---
      duration_ms: 0.01925
      ...
    # Subtest: doc 'open-ecosystem' has required fields
    ok 23 - doc 'open-ecosystem' has required fields
      ---
      duration_ms: 0.016208
      ...
    # Subtest: doc 'pr-backlog-2026-09-09' has required fields
    ok 24 - doc 'pr-backlog-2026-09-09' has required fields
      ---
      duration_ms: 0.016709
      ...
    # Subtest: doc 'release-process' has required fields
    ok 25 - doc 'release-process' has required fields
      ---
      duration_ms: 0.015625
      ...
    # Subtest: doc 'rich-text' has required fields
    ok 26 - doc 'rich-text' has required fields
      ---
      duration_ms: 0.016333
      ...
    # Subtest: doc 'schema-reference' has required fields
    ok 27 - doc 'schema-reference' has required fields
      ---
      duration_ms: 0.015959
      ...
    # Subtest: doc 'security-2026-09-09' has required fields
    ok 28 - doc 'security-2026-09-09' has required fields
      ---
      duration_ms: 0.015708
      ...
    # Subtest: doc 'table-text-colors' has required fields
    ok 29 - doc 'table-text-colors' has required fields
      ---
      duration_ms: 0.021708
      ...
    # Subtest: doc slugs include 'schema-reference' and getDoc resolves known/unknown slugs
    ok 30 - doc slugs include 'schema-reference' and getDoc resolves known/unknown slugs
      ---
      duration_ms: 0.096333
      ...
    1..30
ok 33 - bundled docs
  ---
  duration_ms: 3.222417
  type: 'suite'
  ...
# Subtest: fenced JSON presentation examples embedded in docs
    # Subtest: doc 'design-resolution' fenced JSON example \#0 validates cleanly
    ok 1 - doc 'design-resolution' fenced JSON example \#0 validates cleanly
      ---
      duration_ms: 0.118167
      ...
    # Subtest: doc 'design-resolution' fenced JSON example \#1 validates cleanly
    ok 2 - doc 'design-resolution' fenced JSON example \#1 validates cleanly
      ---
      duration_ms: 0.078375
      ...
    # Subtest: doc 'dynamic-composition' fenced JSON example \#0 validates cleanly
    ok 3 - doc 'dynamic-composition' fenced JSON example \#0 validates cleanly
      ---
      duration_ms: 0.0595
      ...
    # Subtest: doc 'how-opf-works' fenced JSON example \#0 validates cleanly
    ok 4 - doc 'how-opf-works' fenced JSON example \#0 validates cleanly
      ---
      duration_ms: 0.032583
      ...
    # Subtest: doc 'how-opf-works' fenced JSON example \#1 validates cleanly
    ok 5 - doc 'how-opf-works' fenced JSON example \#1 validates cleanly
      ---
      duration_ms: 0.443125
      ...
    # Subtest: doc 'how-opf-works' fenced JSON example \#2 validates cleanly
    ok 6 - doc 'how-opf-works' fenced JSON example \#2 validates cleanly
      ---
      duration_ms: 0.202209
      ...
    # Subtest: doc 'how-opf-works' fenced JSON example \#3 validates cleanly
    ok 7 - doc 'how-opf-works' fenced JSON example \#3 validates cleanly
      ---
      duration_ms: 0.457833
      ...
    # Subtest: doc 'llm-authoring' fenced JSON example \#0 validates cleanly
    ok 8 - doc 'llm-authoring' fenced JSON example \#0 validates cleanly
      ---
      duration_ms: 0.302208
      ...
    # Subtest: at least 5 presentation examples are validated across docs
    ok 9 - at least 5 presentation examples are validated across docs
      ---
      duration_ms: 0.09725
      ...
    1..9
ok 34 - fenced JSON presentation examples embedded in docs
  ---
  duration_ms: 1.961125
  type: 'suite'
  ...
# Subtest: schema $ids
    # Subtest: presentation schema has the canonical $id
    ok 1 - presentation schema has the canonical $id
      ---
      duration_ms: 0.908583
      ...
    # Subtest: audience schema has the canonical $id
    ok 2 - audience schema has the canonical $id
      ---
      duration_ms: 0.206709
      ...
    # Subtest: socialPlatform schema has the canonical $id
    ok 3 - socialPlatform schema has the canonical $id
      ---
      duration_ms: 0.095625
      ...
    1..3
ok 35 - schema $ids
  ---
  duration_ms: 2.198584
  type: 'suite'
  ...
# Subtest: catalog export shapes
    # Subtest: audiences catalog is non-empty
    ok 1 - audiences catalog is non-empty
      ---
      duration_ms: 0.30525
      ...
    # Subtest: tones catalog is non-empty
    ok 2 - tones catalog is non-empty
      ---
      duration_ms: 0.287083
      ...
    # Subtest: socialPlatforms catalog is non-empty
    ok 3 - socialPlatforms catalog is non-empty
      ---
      duration_ms: 0.070875
      ...
    # Subtest: catalogs.audiences matches the audiences export length
    ok 4 - catalogs.audiences matches the audiences export length
      ---
      duration_ms: 0.050875
      ...
    # Subtest: catalogs.socialPlatforms matches the socialPlatforms export length
    ok 5 - catalogs.socialPlatforms matches the socialPlatforms export length
      ---
      duration_ms: 0.042666
      ...
    # Subtest: catalogs.chartTypes is non-empty
    ok 6 - catalogs.chartTypes is non-empty
      ---
      duration_ms: 0.087792
      ...
    # Subtest: chartTypes catalog keeps 'united-kingdom' and drops the removed typo id
    ok 7 - chartTypes catalog keeps 'united-kingdom' and drops the removed typo id
      ---
      duration_ms: 0.079417
      ...
    # Subtest: chartTypes catalogEntries entry has the expected schemaName and files
    ok 8 - chartTypes catalogEntries entry has the expected schemaName and files
      ---
      duration_ms: 0.09275
      ...
    # Subtest: socialPlatforms catalogEntries entry has the expected schemaName
    ok 9 - socialPlatforms catalogEntries entry has the expected schemaName
      ---
      duration_ms: 0.088292
      ...
    # Subtest: purposes catalog is non-empty
    ok 10 - purposes catalog is non-empty
      ---
      duration_ms: 0.039333
      ...
    # Subtest: languages catalog includes English (US) and English (GB) with correct bcp47 tags
    ok 11 - languages catalog includes English (US) and English (GB) with correct bcp47 tags
      ---
      duration_ms: 0.097292
      ...
    1..11
ok 36 - catalog export shapes
  ---
  duration_ms: 1.576917
  type: 'suite'
  ...
# Subtest: catalog entries validate
    # Subtest: catalog 'audiences' has records and its first record validates
    ok 1 - catalog 'audiences' has records and its first record validates
      ---
      duration_ms: 49.223292
      ...
    # Subtest: catalog 'purposes' has records and its first record validates
    ok 2 - catalog 'purposes' has records and its first record validates
      ---
      duration_ms: 5.067792
      ...
    # Subtest: catalog 'tones' has records and its first record validates
    ok 3 - catalog 'tones' has records and its first record validates
      ---
      duration_ms: 1.413542
      ...
    # Subtest: catalog 'themes' has records and its first record validates
    ok 4 - catalog 'themes' has records and its first record validates
      ---
      duration_ms: 2.289
      ...
    # Subtest: catalog 'layouts' has records and its first record validates
    ok 5 - catalog 'layouts' has records and its first record validates
      ---
      duration_ms: 6.428042
      ...
    # Subtest: catalog 'chartTypes' has records and its first record validates
    ok 6 - catalog 'chartTypes' has records and its first record validates
      ---
      duration_ms: 7.328584
      ...
    # Subtest: catalog 'narratives' has records and its first record validates
    ok 7 - catalog 'narratives' has records and its first record validates
      ---
      duration_ms: 3.504459
      ...
    # Subtest: catalog 'socialPlatforms' has records and its first record validates
    ok 8 - catalog 'socialPlatforms' has records and its first record validates
      ---
      duration_ms: 3.339125
      ...
    # Subtest: catalog 'languages' has records and its first record validates
    ok 9 - catalog 'languages' has records and its first record validates
      ---
      duration_ms: 2.735833
      ...
    # Subtest: catalog 'colorSchemes' has records and its first record validates
    ok 10 - catalog 'colorSchemes' has records and its first record validates
      ---
      duration_ms: 2.741292
      ...
    # Subtest: catalog 'fontSchemes' has records and its first record validates
    ok 11 - catalog 'fontSchemes' has records and its first record validates
      ---
      duration_ms: 1.068042
      ...
    1..11
ok 37 - catalog entries validate
  ---
  duration_ms: 85.389042
  type: 'suite'
  ...
# Subtest: catalog cross-links resolve
    # Subtest: audiences/executives has no broken cross-links
    ok 1 - audiences/executives has no broken cross-links
      ---
      duration_ms: 0.135791
      ...
    # Subtest: audiences/board has no broken cross-links
    ok 2 - audiences/board has no broken cross-links
      ---
      duration_ms: 0.135166
      ...
    # Subtest: audiences/engineering-team has no broken cross-links
    ok 3 - audiences/engineering-team has no broken cross-links
      ---
      duration_ms: 0.032958
      ...
    # Subtest: audiences/investors has no broken cross-links
    ok 4 - audiences/investors has no broken cross-links
      ---
      duration_ms: 0.088875
      ...
    # Subtest: audiences/customers has no broken cross-links
    ok 5 - audiences/customers has no broken cross-links
      ---
      duration_ms: 0.03275
      ...
    # Subtest: audiences/sales-team has no broken cross-links
    ok 6 - audiences/sales-team has no broken cross-links
      ---
      duration_ms: 0.035791
      ...
    # Subtest: audiences/marketing-team has no broken cross-links
    ok 7 - audiences/marketing-team has no broken cross-links
      ---
      duration_ms: 0.02575
      ...
    # Subtest: audiences/all-hands has no broken cross-links
    ok 8 - audiences/all-hands has no broken cross-links
      ---
      duration_ms: 0.064625
      ...
    # Subtest: audiences/candidates has no broken cross-links
    ok 9 - audiences/candidates has no broken cross-links
      ---
      duration_ms: 0.028458
      ...
    # Subtest: audiences/regulators has no broken cross-links
    ok 10 - audiences/regulators has no broken cross-links
      ---
      duration_ms: 0.027959
      ...
    # Subtest: purposes/inform has no broken cross-links
    ok 11 - purposes/inform has no broken cross-links
      ---
      duration_ms: 0.030792
      ...
    # Subtest: purposes/decide has no broken cross-links
    ok 12 - purposes/decide has no broken cross-links
      ---
      duration_ms: 0.025
      ...
    # Subtest: purposes/align has no broken cross-links
    ok 13 - purposes/align has no broken cross-links
      ---
      duration_ms: 0.023958
      ...
    # Subtest: purposes/persuade has no broken cross-links
    ok 14 - purposes/persuade has no broken cross-links
      ---
      duration_ms: 0.023709
      ...
    # Subtest: purposes/educate has no broken cross-links
    ok 15 - purposes/educate has no broken cross-links
      ---
      duration_ms: 0.023
      ...
    # Subtest: purposes/report has no broken cross-links
    ok 16 - purposes/report has no broken cross-links
      ---
      duration_ms: 0.022583
      ...
    # Subtest: purposes/pitch has no broken cross-links
    ok 17 - purposes/pitch has no broken cross-links
      ---
      duration_ms: 0.022333
      ...
    # Subtest: purposes/sell has no broken cross-links
    ok 18 - purposes/sell has no broken cross-links
      ---
      duration_ms: 0.023709
      ...
    # Subtest: purposes/plan has no broken cross-links
    ok 19 - purposes/plan has no broken cross-links
      ---
      duration_ms: 0.025458
      ...
    # Subtest: tones/formal has no broken cross-links
    ok 20 - tones/formal has no broken cross-links
      ---
      duration_ms: 0.031209
      ...
    # Subtest: tones/casual has no broken cross-links
    ok 21 - tones/casual has no broken cross-links
      ---
      duration_ms: 0.023625
      ...
    # Subtest: tones/inspirational has no broken cross-links
    ok 22 - tones/inspirational has no broken cross-links
      ---
      duration_ms: 0.023625
      ...
    # Subtest: tones/technical has no broken cross-links
    ok 23 - tones/technical has no broken cross-links
      ---
      duration_ms: 0.023167
      ...
    # Subtest: tones/persuasive has no broken cross-links
    ok 24 - tones/persuasive has no broken cross-links
      ---
      duration_ms: 0.022916
      ...
    # Subtest: tones/authoritative has no broken cross-links
    ok 25 - tones/authoritative has no broken cross-links
      ---
      duration_ms: 0.027666
      ...
    # Subtest: tones/conversational has no broken cross-links
    ok 26 - tones/conversational has no broken cross-links
      ---
      duration_ms: 0.025334
      ...
    # Subtest: invalid en-UK language catalog record is rejected with a helpful message
    ok 27 - invalid en-UK language catalog record is rejected with a helpful message
      ---
      duration_ms: 0.069708
      ...
    # Subtest: broken cross-links in a catalog record warn, never error
    ok 28 - broken cross-links in a catalog record warn, never error
      ---
      duration_ms: 0.051167
      ...
    1..28
ok 38 - catalog cross-links resolve
  ---
  duration_ms: 1.322916
  type: 'suite'
  ...
# Subtest: repo readme export
    # Subtest: repoReadme ships as a non-trivial string mentioning the format name
    ok 1 - repoReadme ships as a non-trivial string mentioning the format name
      ---
      duration_ms: 0.1015
      ...
    1..1
ok 39 - repo readme export
  ---
  duration_ms: 0.1245
  type: 'suite'
  ...
# Subtest: public generated payload declarations agree with closed schema fields
ok 40 - public generated payload declarations agree with closed schema fields
  ---
  duration_ms: 930.171834
  ...
# Subtest: composition accepts complete metric geometry against its rounded cell and aliases the value fit
ok 41 - composition accepts complete metric geometry against its rounded cell and aliases the value fit
  ---
  duration_ms: 9.042333
  ...
# Subtest: metric scoring includes long metadata and charges each failing leaf once
ok 42 - metric scoring includes long metadata and charges each failing leaf once
  ---
  duration_ms: 11.420334
  ...
# Subtest: slide alignment overrides host alignment for complete metric parts
ok 43 - slide alignment overrides host alignment for complete metric parts
  ---
  duration_ms: 0.376625
  ...
# Subtest: strict ancestors reject complete metric field paths without changing source
ok 44 - strict ancestors reject complete metric field paths without changing source
  ---
  duration_ms: 1155.965292
  ...
# Subtest: explicit metric placement and weights remain authoritative despite overflowing metadata
ok 45 - explicit metric placement and weights remain authoritative despite overflowing metadata
  ---
  duration_ms: 55.79275
  ...
# Subtest: atomic metric pagination preserves scalar/metadata types and persists its readable floor
ok 46 - atomic metric pagination preserves scalar/metadata types and persists its readable floor
  ---
  duration_ms: 81.143666
  ...
# Subtest: irreducible atomic metrics reject all pagination output including empty values after earlier content
ok 47 - irreducible atomic metrics reject all pagination output including empty values after earlier content
  ---
  duration_ms: 100.27675
  ...
# Subtest: metric value, unit, labels, zero delta and trend retain their own editable source paths
ok 48 - metric value, unit, labels, zero delta and trend retain their own editable source paths
  ---
  duration_ms: 3.622209
  ...
# Subtest: short units stay next to the value on the same baseline; long units and values stack
ok 49 - short units stay next to the value on the same baseline; long units and values stack
  ---
  duration_ms: 48.901167
  ...
# Subtest: inline fitting tries a smaller single-line value before rejecting a compact readable metric
ok 50 - inline fitting tries a smaller single-line value before rejecting a compact readable metric
  ---
  duration_ms: 0.835291
  ...
# Subtest: metric alignment positions the inline pair together and records exact origins for every source line
ok 51 - metric alignment positions the inline pair together and records exact origins for every source line
  ---
  duration_ms: 0.345792
  ...
# Subtest: metadata borrows spare primary space before reducing type and exposes resolved style paths
ok 52 - metadata borrows spare primary space before reducing type and exposes resolved style paths
  ---
  duration_ms: 0.62025
  ...
# Subtest: explicit readability floors raise nominal labels and remain invariant across canvas scales
ok 53 - explicit readability floors raise nominal labels and remain invariant across canvas scales
  ---
  duration_ms: 0.513958
  ...
# Subtest: irreducible metadata retains all source and strict rejection reports its actual path
ok 54 - irreducible metadata retains all source and strict rejection reports its actual path
  ---
  duration_ms: 2.439959
  ...
# Subtest: empty optional fields retain source without blank spacing and an empty value stays targetable
ok 55 - empty optional fields retain source without blank spacing and an empty value stays targetable
  ---
  duration_ms: 0.466708
  ...
# Subtest: metric whitespace, tabs and Unicode retain exact line and segment boundaries
ok 56 - metric whitespace, tabs and Unicode retain exact line and segment boundaries
  ---
  duration_ms: 1.675084
  ...
# Subtest: invalid input, failed measurement and non-finite geometry reject without plausible substitute fits
ok 57 - invalid input, failed measurement and non-finite geometry reject without plausible substitute fits
  ---
  duration_ms: 1.340708
  ...
# Subtest: difficult metrics use a bounded deterministic candidate search independent of canvas scale
ok 58 - difficult metrics use a bounded deterministic candidate search independent of canvas scale
  ---
  duration_ms: 296.074542
  ...
# Subtest: metric outlines preserve exact tabs and whitespace while containing overhangs, tall ink and inline baselines
ok 59 - metric outlines preserve exact tabs and whitespace while containing overhangs, tall ink and inline baselines
  ---
  duration_ms: 10.279667
  ...
# Subtest: metric outline-aware fitting retains the readability floor and rejects irreducible ink
ok 60 - metric outline-aware fitting retains the readability floor and rejects irreducible ink
  ---
  duration_ms: 3.9885
  ...
# Subtest: zero outline clearance is explicit and width-only providers retain prior geometry
ok 61 - zero outline clearance is explicit and width-only providers retain prior geometry
  ---
  duration_ms: 0.88275
  ...
# Subtest: invalid metric outline providers and padding reject instead of silently accepting width-only fits
ok 62 - invalid metric outline providers and padding reject instead of silently accepting width-only fits
  ---
  duration_ms: 0.622875
  ...
# Subtest: plain source ranges retain whitespace, hard breaks and explicit tabs at every width
ok 63 - plain source ranges retain whitespace, hard breaks and explicit tabs at every width
  ---
  duration_ms: 4.726167
  ...
# Subtest: nonbreaking prose tokens stay intact and overflow at the readability floor
ok 64 - nonbreaking prose tokens stay intact and overflow at the readability floor
  ---
  duration_ms: 0.425875
  ...
# Subtest: accepted scalar placement unions text outlines at tab stops without shaping controls
ok 65 - accepted scalar placement unions text outlines at tab stops without shaping controls
  ---
  duration_ms: 2.621917
  ...
# Subtest: layoutPreviews export
    # Subtest: is a non-empty record of HTML strings
    ok 1 - is a non-empty record of HTML strings
      ---
      duration_ms: 0.75775
      ...
    1..1
ok 66 - layoutPreviews export
  ---
  duration_ms: 1.660459
  type: 'suite'
  ...
# Subtest: layoutPreviewIndex export
    # Subtest: records match Object.keys(layoutPreviews) exactly
    ok 1 - records match Object.keys(layoutPreviews) exactly
      ---
      duration_ms: 1.344917
      ...
    # Subtest: preview record 'action-plan' bytes match its source file's UTF-8 byte length
    ok 2 - preview record 'action-plan' bytes match its source file's UTF-8 byte length
      ---
      duration_ms: 0.96925
      ...
    # Subtest: preview record 'agenda' bytes match its source file's UTF-8 byte length
    ok 3 - preview record 'agenda' bytes match its source file's UTF-8 byte length
      ---
      duration_ms: 0.255709
      ...
    # Subtest: preview record 'appendix-index' bytes match its source file's UTF-8 byte length
    ok 4 - preview record 'appendix-index' bytes match its source file's UTF-8 byte length
      ---
      duration_ms: 0.280208
      ...
    # Subtest: preview record 'architecture-stack' bytes match its source file's UTF-8 byte length
    ok 5 - preview record 'architecture-stack' bytes match its source file's UTF-8 byte length
      ---
      duration_ms: 0.153375
      ...
    # Subtest: preview record 'assumptions-dependencies' bytes match its source file's UTF-8 byte length
    ok 6 - preview record 'assumptions-dependencies' bytes match its source file's UTF-8 byte length
      ---
      duration_ms: 0.17975
      ...
    # Subtest: preview record 'before-after' bytes match its source file's UTF-8 byte length
    ok 7 - preview record 'before-after' bytes match its source file's UTF-8 byte length
      ---
      duration_ms: 0.223292
      ...
    # Subtest: preview record 'benchmark-target-table' bytes match its source file's UTF-8 byte length
    ok 8 - preview record 'benchmark-target-table' bytes match its source file's UTF-8 byte length
      ---
      duration_ms: 0.225
      ...
    # Subtest: preview record 'bullet-list' bytes match its source file's UTF-8 byte length
    ok 9 - preview record 'bullet-list' bytes match its source file's UTF-8 byte length
      ---
      duration_ms: 0.14125
      ...
    # Subtest: preview record 'business-model-canvas' bytes match its source file's UTF-8 byte length
    ok 10 - preview record 'business-model-canvas' bytes match its source file's UTF-8 byte length
      ---
      duration_ms: 0.155084
      ...
    # Subtest: preview record 'capability-map' bytes match its source file's UTF-8 byte length
    ok 11 - preview record 'capability-map' bytes match its source file's UTF-8 byte length
      ---
      duration_ms: 0.149208
      ...
    # Subtest: preview record 'case-study' bytes match its source file's UTF-8 byte length
    ok 12 - preview record 'case-study' bytes match its source file's UTF-8 byte length
      ---
      duration_ms: 0.114166
      ...
    # Subtest: preview record 'chapter-recap' bytes match its source file's UTF-8 byte length
    ok 13 - preview record 'chapter-recap' bytes match its source file's UTF-8 byte length
      ---
      duration_ms: 0.161584
      ...
    # Subtest: preview record 'circular-lifecycle' bytes match its source file's UTF-8 byte length
    ok 14 - preview record 'circular-lifecycle' bytes match its source file's UTF-8 byte length
      ---
      duration_ms: 0.097042
      ...
    # Subtest: preview record 'comparison' bytes match its source file's UTF-8 byte length
    ok 15 - preview record 'comparison' bytes match its source file's UTF-8 byte length
      ---
      duration_ms: 0.099458
      ...
    # Subtest: preview record 'competitive-landscape' bytes match its source file's UTF-8 byte length
    ok 16 - preview record 'competitive-landscape' bytes match its source file's UTF-8 byte length
      ---
      duration_ms: 0.09
      ...
    # Subtest: preview record 'customer-journey' bytes match its source file's UTF-8 byte length
    ok 17 - preview record 'customer-journey' bytes match its source file's UTF-8 byte length
      ---
      duration_ms: 0.735791
      ...
    # Subtest: preview record 'customer-logos' bytes match its source file's UTF-8 byte length
    ok 18 - preview record 'customer-logos' bytes match its source file's UTF-8 byte length
      ---
      duration_ms: 0.226083
      ...
    # Subtest: preview record 'dashboard' bytes match its source file's UTF-8 byte length
    ok 19 - preview record 'dashboard' bytes match its source file's UTF-8 byte length
      ---
      duration_ms: 0.101916
      ...
    # Subtest: preview record 'data-visualization' bytes match its source file's UTF-8 byte length
    ok 20 - preview record 'data-visualization' bytes match its source file's UTF-8 byte length
      ---
      duration_ms: 0.123709
      ...
    # Subtest: preview record 'decision-tree' bytes match its source file's UTF-8 byte length
    ok 21 - preview record 'decision-tree' bytes match its source file's UTF-8 byte length
      ---
      duration_ms: 0.086708
      ...
    # Subtest: preview record 'detailed-data-table' bytes match its source file's UTF-8 byte length
    ok 22 - preview record 'detailed-data-table' bytes match its source file's UTF-8 byte length
      ---
      duration_ms: 0.149166
      ...
    # Subtest: preview record 'ecosystem-map' bytes match its source file's UTF-8 byte length
    ok 23 - preview record 'ecosystem-map' bytes match its source file's UTF-8 byte length
      ---
      duration_ms: 0.084583
      ...
    # Subtest: preview record 'executive-decision' bytes match its source file's UTF-8 byte length
    ok 24 - preview record 'executive-decision' bytes match its source file's UTF-8 byte length
      ---
      duration_ms: 0.086334
      ...
    # Subtest: preview record 'executive-summary' bytes match its source file's UTF-8 byte length
    ok 25 - preview record 'executive-summary' bytes match its source file's UTF-8 byte length
      ---
      duration_ms: 0.071541
      ...
    # Subtest: preview record 'faq' bytes match its source file's UTF-8 byte length
    ok 26 - preview record 'faq' bytes match its source file's UTF-8 byte length
      ---
      duration_ms: 0.066917
      ...
    # Subtest: preview record 'feature-comparison-matrix' bytes match its source file's UTF-8 byte length
    ok 27 - preview record 'feature-comparison-matrix' bytes match its source file's UTF-8 byte length
      ---
      duration_ms: 0.066625
      ...
    # Subtest: preview record 'forecast-scenario' bytes match its source file's UTF-8 byte length
    ok 28 - preview record 'forecast-scenario' bytes match its source file's UTF-8 byte length
      ---
      duration_ms: 0.065166
      ...
    # Subtest: preview record 'funnel-pyramid' bytes match its source file's UTF-8 byte length
    ok 29 - preview record 'funnel-pyramid' bytes match its source file's UTF-8 byte length
      ---
      duration_ms: 0.079417
      ...
    # Subtest: preview record 'gantt-project-plan' bytes match its source file's UTF-8 byte length
    ok 30 - preview record 'gantt-project-plan' bytes match its source file's UTF-8 byte length
      ---
      duration_ms: 0.07125
      ...
    # Subtest: preview record 'geographic-map' bytes match its source file's UTF-8 byte length
    ok 31 - preview record 'geographic-map' bytes match its source file's UTF-8 byte length
      ---
      duration_ms: 0.106167
      ...
    # Subtest: preview record 'heatmap-cohort' bytes match its source file's UTF-8 byte length
    ok 32 - preview record 'heatmap-cohort' bytes match its source file's UTF-8 byte length
      ---
      duration_ms: 0.12175
      ...
    # Subtest: preview record 'hub-and-spoke' bytes match its source file's UTF-8 byte length
    ok 33 - preview record 'hub-and-spoke' bytes match its source file's UTF-8 byte length
      ---
      duration_ms: 0.067833
      ...
    # Subtest: preview record 'icon-grid' bytes match its source file's UTF-8 byte length
    ok 34 - preview record 'icon-grid' bytes match its source file's UTF-8 byte length
      ---
      duration_ms: 0.064
      ...
    # Subtest: preview record 'image-focus' bytes match its source file's UTF-8 byte length
    ok 35 - preview record 'image-focus' bytes match its source file's UTF-8 byte length
      ---
      duration_ms: 0.069084
      ...
    # Subtest: preview record 'key-takeaway' bytes match its source file's UTF-8 byte length
    ok 36 - preview record 'key-takeaway' bytes match its source file's UTF-8 byte length
      ---
      duration_ms: 0.071209
      ...
    # Subtest: preview record 'kpi-scorecard' bytes match its source file's UTF-8 byte length
    ok 37 - preview record 'kpi-scorecard' bytes match its source file's UTF-8 byte length
      ---
      duration_ms: 0.072708
      ...
    # Subtest: preview record 'logic-tree' bytes match its source file's UTF-8 byte length
    ok 38 - preview record 'logic-tree' bytes match its source file's UTF-8 byte length
      ---
      duration_ms: 0.092166
      ...
    # Subtest: preview record 'market-size' bytes match its source file's UTF-8 byte length
    ok 39 - preview record 'market-size' bytes match its source file's UTF-8 byte length
      ---
      duration_ms: 0.073833
      ...
    # Subtest: preview record 'matrix-quadrant' bytes match its source file's UTF-8 byte length
    ok 40 - preview record 'matrix-quadrant' bytes match its source file's UTF-8 byte length
      ---
      duration_ms: 0.162792
      ...
    # Subtest: preview record 'network-dependency-map' bytes match its source file's UTF-8 byte length
    ok 41 - preview record 'network-dependency-map' bytes match its source file's UTF-8 byte length
      ---
      duration_ms: 0.0685
      ...
    # Subtest: preview record 'one-column-explainer' bytes match its source file's UTF-8 byte length
    ok 42 - preview record 'one-column-explainer' bytes match its source file's UTF-8 byte length
      ---
      duration_ms: 0.0705
      ...
    # Subtest: preview record 'org-chart' bytes match its source file's UTF-8 byte length
    ok 43 - preview record 'org-chart' bytes match its source file's UTF-8 byte length
      ---
      duration_ms: 0.075292
      ...
    # Subtest: preview record 'persona-grid' bytes match its source file's UTF-8 byte length
    ok 44 - preview record 'persona-grid' bytes match its source file's UTF-8 byte length
      ---
      duration_ms: 0.074708
      ...
    # Subtest: preview record 'photo-grid' bytes match its source file's UTF-8 byte length
    ok 45 - preview record 'photo-grid' bytes match its source file's UTF-8 byte length
      ---
      duration_ms: 0.093583
      ...
    # Subtest: preview record 'pricing-table' bytes match its source file's UTF-8 byte length
    ok 46 - preview record 'pricing-table' bytes match its source file's UTF-8 byte length
      ---
      duration_ms: 0.088125
      ...
    # Subtest: preview record 'process-flow' bytes match its source file's UTF-8 byte length
    ok 47 - preview record 'process-flow' bytes match its source file's UTF-8 byte length
      ---
      duration_ms: 0.149625
      ...
    # Subtest: preview record 'product-feature' bytes match its source file's UTF-8 byte length
    ok 48 - preview record 'product-feature' bytes match its source file's UTF-8 byte length
      ---
      duration_ms: 0.080834
      ...
    # Subtest: preview record 'pros-cons' bytes match its source file's UTF-8 byte length
    ok 49 - preview record 'pros-cons' bytes match its source file's UTF-8 byte length
      ---
      duration_ms: 0.072709
      ...
    # Subtest: preview record 'qa-discussion' bytes match its source file's UTF-8 byte length
    ok 50 - preview record 'qa-discussion' bytes match its source file's UTF-8 byte length
      ---
      duration_ms: 0.067125
      ...
    # Subtest: preview record 'quote-highlight' bytes match its source file's UTF-8 byte length
    ok 51 - preview record 'quote-highlight' bytes match its source file's UTF-8 byte length
      ---
      duration_ms: 0.063667
      ...
    # Subtest: preview record 'raci-matrix' bytes match its source file's UTF-8 byte length
    ok 52 - preview record 'raci-matrix' bytes match its source file's UTF-8 byte length
      ---
      duration_ms: 0.203
      ...
    # Subtest: preview record 'risk-heatmap' bytes match its source file's UTF-8 byte length
    ok 53 - preview record 'risk-heatmap' bytes match its source file's UTF-8 byte length
      ---
      duration_ms: 0.091041
      ...
    # Subtest: preview record 'roadmap' bytes match its source file's UTF-8 byte length
    ok 54 - preview record 'roadmap' bytes match its source file's UTF-8 byte length
      ---
      duration_ms: 0.066709
      ...
    # Subtest: preview record 'screenshot-walkthrough' bytes match its source file's UTF-8 byte length
    ok 55 - preview record 'screenshot-walkthrough' bytes match its source file's UTF-8 byte length
      ---
      duration_ms: 0.072208
      ...
    # Subtest: preview record 'section-divider' bytes match its source file's UTF-8 byte length
    ok 56 - preview record 'section-divider' bytes match its source file's UTF-8 byte length
      ---
      duration_ms: 0.070875
      ...
    # Subtest: preview record 'single-message-statement' bytes match its source file's UTF-8 byte length
    ok 57 - preview record 'single-message-statement' bytes match its source file's UTF-8 byte length
      ---
      duration_ms: 0.078792
      ...
    # Subtest: preview record 'stats-metrics' bytes match its source file's UTF-8 byte length
    ok 58 - preview record 'stats-metrics' bytes match its source file's UTF-8 byte length
      ---
      duration_ms: 0.092542
      ...
    # Subtest: preview record 'status-rag' bytes match its source file's UTF-8 byte length
    ok 59 - preview record 'status-rag' bytes match its source file's UTF-8 byte length
      ---
      duration_ms: 0.080458
      ...
    # Subtest: preview record 'swimlane-process' bytes match its source file's UTF-8 byte length
    ok 60 - preview record 'swimlane-process' bytes match its source file's UTF-8 byte length
      ---
      duration_ms: 0.0785
      ...
    # Subtest: preview record 'swot-analysis' bytes match its source file's UTF-8 byte length
    ok 61 - preview record 'swot-analysis' bytes match its source file's UTF-8 byte length
      ---
      duration_ms: 0.064458
      ...
    # Subtest: preview record 'team-bio' bytes match its source file's UTF-8 byte length
    ok 62 - preview record 'team-bio' bytes match its source file's UTF-8 byte length
      ---
      duration_ms: 0.06975
      ...
    # Subtest: preview record 'testimonial-grid' bytes match its source file's UTF-8 byte length
    ok 63 - preview record 'testimonial-grid' bytes match its source file's UTF-8 byte length
      ---
      duration_ms: 0.0755
      ...
    # Subtest: preview record 'thank-you-cta' bytes match its source file's UTF-8 byte length
    ok 64 - preview record 'thank-you-cta' bytes match its source file's UTF-8 byte length
      ---
      duration_ms: 0.074584
      ...
    # Subtest: preview record 'three-column' bytes match its source file's UTF-8 byte length
    ok 65 - preview record 'three-column' bytes match its source file's UTF-8 byte length
      ---
      duration_ms: 0.073458
      ...
    # Subtest: preview record 'timeline' bytes match its source file's UTF-8 byte length
    ok 66 - preview record 'timeline' bytes match its source file's UTF-8 byte length
      ---
      duration_ms: 0.062917
      ...
    # Subtest: preview record 'title-slide' bytes match its source file's UTF-8 byte length
    ok 67 - preview record 'title-slide' bytes match its source file's UTF-8 byte length
      ---
      duration_ms: 0.060834
      ...
    # Subtest: preview record 'two-column' bytes match its source file's UTF-8 byte length
    ok 68 - preview record 'two-column' bytes match its source file's UTF-8 byte length
      ---
      duration_ms: 0.060875
      ...
    # Subtest: preview record 'venn-overlap' bytes match its source file's UTF-8 byte length
    ok 69 - preview record 'venn-overlap' bytes match its source file's UTF-8 byte length
      ---
      duration_ms: 0.060916
      ...
    # Subtest: preview record 'waterfall-bridge' bytes match its source file's UTF-8 byte length
    ok 70 - preview record 'waterfall-bridge' bytes match its source file's UTF-8 byte length
      ---
      duration_ms: 0.073333
      ...
    # Subtest: preview record 'wheel-radial' bytes match its source file's UTF-8 byte length
    ok 71 - preview record 'wheel-radial' bytes match its source file's UTF-8 byte length
      ---
      duration_ms: 0.06425
      ...
    1..71
ok 67 - layoutPreviewIndex export
  ---
  duration_ms: 11.470917
  type: 'suite'
  ...
# Subtest: getLayoutPreview
    # Subtest: returns the HTML for a known slug
    ok 1 - returns the HTML for a known slug
      ---
      duration_ms: 0.064584
      ...
    # Subtest: returns undefined for a bogus slug
    ok 2 - returns undefined for a bogus slug
      ---
      duration_ms: 0.025167
      ...
    1..2
ok 68 - getLayoutPreview
  ---
  duration_ms: 0.128167
  type: 'suite'
  ...
# Subtest: hasLayoutPreview
    # Subtest: returns true for a known slug
    ok 1 - returns true for a known slug
      ---
      duration_ms: 0.041375
      ...
    # Subtest: returns false for a bogus slug
    ok 2 - returns false for a bogus slug
      ---
      duration_ms: 0.022208
      ...
    1..2
ok 69 - hasLayoutPreview
  ---
  duration_ms: 0.087458
  type: 'suite'
  ...
# Subtest: accepted quote geometry includes all parts without changing source or re-measuring for explanations
ok 70 - accepted quote geometry includes all parts without changing source or re-measuring for explanations
  ---
  duration_ms: 6.315333
  ...
# Subtest: automatic candidates account for footer fit and choose the arrangement that keeps it readable
ok 71 - automatic candidates account for footer fit and choose the arrangement that keeps it readable
  ---
  duration_ms: 11.839667
  ...
# Subtest: strict ancestors reject a quote body diagnostic below the leaf path
ok 72 - strict ancestors reject a quote body diagnostic below the leaf path
  ---
  duration_ms: 300.248291
  ...
# Subtest: strict path matching respects component boundaries rather than numeric prefixes
ok 73 - strict path matching respects component boundaries rather than numeric prefixes
  ---
  duration_ms: 311.166625
  ...
# Subtest: pagination preserves quote body, repeated metadata, ranges and the accepted readability floor
ok 74 - pagination preserves quote body, repeated metadata, ranges and the accepted readability floor
  ---
  duration_ms: 959.662125
  ...
# Subtest: irreducible footer overflow rejects pagination without mutating or returning partial content
ok 75 - irreducible footer overflow rejects pagination without mutating or returning partial content
  ---
  duration_ms: 15.803417
  ...
# Subtest: complete quote layout preserves source ranges, requested/resolved styles and legacy readable geometry
ok 76 - complete quote layout preserves source ranges, requested/resolved styles and legacy readable geometry
  ---
  duration_ms: 3.365125
  ...
# Subtest: shorthand and empty metadata preserve schema paths without an invented footer
ok 77 - shorthand and empty metadata preserve schema paths without an invented footer
  ---
  duration_ms: 0.331208
  ...
# Subtest: body and footer share available space before shrinking text or changing the outer arrangement
ok 78 - body and footer share available space before shrinking text or changing the outer arrangement
  ---
  duration_ms: 17.5095
  ...
# Subtest: long footer, body/footer collision and strict rejection remain explicit without source truncation
ok 79 - long footer, body/footer collision and strict rejection remain explicit without source truncation
  ---
  duration_ms: 133.860125
  ...
# Subtest: tiny cells retain invalid available dimensions and never measure an invented fitting box
ok 80 - tiny cells retain invalid available dimensions and never measure an invented fitting box
  ---
  duration_ms: 0.306792
  ...
# Subtest: explicit readability floors are respected after scaling, including above nominal footer size
ok 81 - explicit readability floors are respected after scaling, including above nominal footer size
  ---
  duration_ms: 0.833875
  ...
# Subtest: invalid content, geometry, scales and policies fail before reporting a usable layout
ok 82 - invalid content, geometry, scales and policies fail before reporting a usable layout
  ---
  duration_ms: 0.313334
  ...
# Subtest: plain, rich, list description, marker and table glyphs honor selected floors
ok 83 - plain, rich, list description, marker and table glyphs honor selected floors
  ---
  duration_ms: 6.176667
  ...
# Subtest: short headings and nested content use the scaled floor with or without outlines
ok 84 - short headings and nested content use the scaled floor with or without outlines
  ---
  duration_ms: 4.249
  ...
# Subtest: irreducible content reports overflow and bounded fitting always evaluates the floor
ok 85 - irreducible content reports overflow and bounded fitting always evaluates the floor
  ---
  duration_ms: 35.602083
  ...
# Subtest: pagination retains source and enforces the selected floor on table cells and descriptions
ok 86 - pagination retains source and enforces the selected floor on table cells and descriptions
  ---
  duration_ms: 160.630791
  ...
# Subtest: rich table cells and headers use canonical runs while scalar values remain valid
ok 87 - rich table cells and headers use canonical runs while scalar values remain valid
  ---
  duration_ms: 261.673958
  ...
# Subtest: table overflow uses run metrics and pagination preserves whole rich cells
ok 88 - table overflow uses run metrics and pagination preserves whole rich cells
  ---
  duration_ms: 58.064959
  ...
# Subtest: spec file manifest
    # Subtest: spec-files subpath export matches the main index's specFileEntries
    ok 1 - spec-files subpath export matches the main index's specFileEntries
      ---
      duration_ms: 0.32225
      ...
    # Subtest: specFilePaths includes the expected canonical paths
    ok 2 - specFilePaths includes the expected canonical paths
      ---
      duration_ms: 0.122834
      ...
    # Subtest: openapi.yaml manifest entry has the expected kind, mediaType, and packagePath
    ok 3 - openapi.yaml manifest entry has the expected kind, mediaType, and packagePath
      ---
      duration_ms: 0.075959
      ...
    1..3
ok 89 - spec file manifest
  ---
  duration_ms: 1.049708
  type: 'suite'
  ...
# Subtest: dist/spec assets
    # Subtest: dist/spec ships openapi.yaml, the presentation schema, and the layouts catalog index
    ok 1 - dist/spec ships openapi.yaml, the presentation schema, and the layouts catalog index
      ---
      duration_ms: 0.177208
      ...
    # Subtest: dist/spec/openapi.yaml starts with an 'openapi:' declaration
    ok 2 - dist/spec/openapi.yaml starts with an 'openapi:' declaration
      ---
      duration_ms: 0.468709
      ...
    # Subtest: dist/spec/schemas/opf.schema.json $id matches the exported presentation schema's $id
    ok 3 - dist/spec/schemas/opf.schema.json $id matches the exported presentation schema's $id
      ---
      duration_ms: 1.283792
      ...
    1..3
ok 90 - dist/spec assets
  ---
  duration_ms: 2.067584
  type: 'suite'
  ...
# Subtest: styled values coexist with scalar, rich, empty and merged header cells
ok 91 - styled values coexist with scalar, rich, empty and merged header cells
  ---
  duration_ms: 186.175584
  ...
# Subtest: schema rejects ambiguous values and unsupported style properties
ok 92 - schema rejects ambiguous values and unsupported style properties
  ---
  duration_ms: 0.618667
  ...
# Subtest: spans reject hidden content, missing covered positions, overlap and header crossing
ok 93 - spans reject hidden content, missing covered positions, overlap and header crossing
  ---
  duration_ms: 5.125417
  ...
# Subtest: span rectangles preserve dense column indexes and editable value paths
ok 94 - span rectangles preserve dense column indexes and editable value paths
  ---
  duration_ms: 2.679291
  ...
# Subtest: vertical alignment and padding use the full merged rectangle
ok 95 - vertical alignment and padding use the full merged rectangle
  ---
  duration_ms: 0.680542
  ...
# Subtest: staggered vertical merges reserve enough space for every anchor
ok 96 - staggered vertical merges reserve enough space for every anchor
  ---
  duration_ms: 0.265291
  ...
# Subtest: pagination preserves vertical merge groups, rich styles, headers and source ranges
ok 97 - pagination preserves vertical merge groups, rich styles, headers and source ranges
  ---
  duration_ms: 47.565708
  ...
# Subtest: overlapping merge groups are atomic, and oversized groups fail without partial output
ok 98 - overlapping merge groups are atomic, and oversized groups fail without partial output
  ---
  duration_ms: 0.878959
  ...
# Subtest: short table rows preserve baseline geometry and missing cells
ok 99 - short table rows preserve baseline geometry and missing cells
  ---
  duration_ms: 1.752625
  ...
# Subtest: wrapped and rich multiline rows grow into available space
ok 100 - wrapped and rich multiline rows grow into available space
  ---
  duration_ms: 3.358291
  ...
# Subtest: constrained tables consume spare row height before reporting real overflow
ok 101 - constrained tables consume spare row height before reporting real overflow
  ---
  duration_ms: 0.710625
  ...
# Subtest: readability settings and mixed-font metrics govern row fitting
ok 102 - readability settings and mixed-font metrics govern row fitting
  ---
  duration_ms: 0.502
  ...
# Subtest: pagination retains complete multiline rows and repeated headers
ok 103 - pagination retains complete multiline rows and repeated headers
  ---
  duration_ms: 211.930125
  ...
# Subtest: mixed-size table paragraphs reserve the native uniform line spacing
ok 104 - mixed-size table paragraphs reserve the native uniform line spacing
  ---
  duration_ms: 0.200375
  ...
# Subtest: spare height in short rows is removed before any font shrinking
ok 105 - spare height in short rows is removed before any font shrinking
  ---
  duration_ms: 0.122208
  ...
# Subtest: optional outline providers distinguish unknown measurement from no ink
ok 106 - optional outline providers distinguish unknown measurement from no ink
  ---
  duration_ms: 2.148375
  ...
# Subtest: shared placement respects alignment and contains negative bearings and right overhangs
ok 107 - shared placement respects alignment and contains negative bearings and right overhangs
  ---
  duration_ms: 2.729125
  ...
# Subtest: tall outlines move following baselines as a group without intersecting
ok 108 - tall outlines move following baselines as a group without intersecting
  ---
  duration_ms: 0.212209
  ...
# Subtest: missing ink preserves empty lines; irreducible width or height remains overflow
ok 109 - missing ink preserves empty lines; irreducible width or height remains overflow
  ---
  duration_ms: 0.1105
  ...
# Subtest: malformed placements and providers reject invalid numeric claims
ok 110 - malformed placements and providers reject invalid numeric claims
  ---
  duration_ms: 0.314125
  ...
# Subtest: composition preserves width-only behavior and exposes the actual outline policy
ok 111 - composition preserves width-only behavior and exposes the actual outline policy
  ---
  duration_ms: 1.665
  ...
# Subtest: outline failures participate in bounded fitting, candidate scores and strict errors
ok 112 - outline failures participate in bounded fitting, candidate scores and strict errors
  ---
  duration_ms: 0.842709
  ...
# Subtest: presentation pagination forwards outline padding and effective title alignment
ok 113 - presentation pagination forwards outline padding and effective title alignment
  ---
  duration_ms: 154.75975
  ...
# Subtest: invalid outline coordinates fail instead of silently claiming fit
ok 114 - invalid outline coordinates fail instead of silently claiming fit
  ---
  duration_ms: 0.236041
  ...
# Subtest: timeline parts keep exact array/object source paths, whitespace, selected floors and outlined ink
ok 115 - timeline parts keep exact array/object source paths, whitespace, selected floors and outlined ink
  ---
  duration_ms: 11.141291
  ...
# Subtest: timeline tries a vertical arrangement before accepting unreadable narrow labels
ok 116 - timeline tries a vertical arrangement before accepting unreadable narrow labels
  ---
  duration_ms: 0.45925
  ...
# Subtest: timeline rejects irreducible fields and invalid inputs with bounded attempts and source diagnostics
ok 117 - timeline rejects irreducible fields and invalid inputs with bounded attempts and source diagnostics
  ---
  duration_ms: 8.441875
  ...
# Subtest: composition measures nested timelines and pagination preserves atomic event order and metadata
ok 118 - composition measures nested timelines and pagination preserves atomic event order and metadata
  ---
  duration_ms: 212.773375
  ...
# Subtest: basic presentation validation entry points
    # Subtest: well-formed presentation validates via validatePresentation
    ok 1 - well-formed presentation validates via validatePresentation
      ---
      duration_ms: 155.513875
      ...
    # Subtest: well-formed presentation validates via validate(doc, 'presentation')
    ok 2 - well-formed presentation validates via validate(doc, 'presentation')
      ---
      duration_ms: 0.174333
      ...
    # Subtest: well-formed presentation passes assertValid without throwing
    ok 3 - well-formed presentation passes assertValid without throwing
      ---
      duration_ms: 0.173041
      ...
    1..3
ok 119 - basic presentation validation entry points
  ---
  duration_ms: 156.318583
  type: 'suite'
  ...
# Subtest: presentation shapes that must validate
    # Subtest: Root Payload
    ok 1 - Root Payload
      ---
      duration_ms: 0.222458
      ...
    # Subtest: Array Metadata
    ok 2 - Array Metadata
      ---
      duration_ms: 0.093458
      ...
    # Subtest: Slide Design
    ok 3 - Slide Design
      ---
      duration_ms: 0.98625
      ...
    # Subtest: Inline Language
    ok 4 - Inline Language
      ---
      duration_ms: 0.12125
      ...
    # Subtest: Inline Audience Purpose Tone
    ok 5 - Inline Audience Purpose Tone
      ---
      duration_ms: 0.110208
      ...
    # Subtest: Columns
    ok 6 - Columns
      ---
      duration_ms: 1.0255
      ...
    # Subtest: Rows
    ok 7 - Rows
      ---
      duration_ms: 0.335542
      ...
    # Subtest: Chart And Table Objects
    ok 8 - Chart And Table Objects
      ---
      duration_ms: 0.661167
      ...
    # Subtest: Chart Data Source
    ok 9 - Chart Data Source
      ---
      duration_ms: 0.242041
      ...
    # Subtest: Grid
    ok 10 - Grid
      ---
      duration_ms: 0.166583
      ...
    # Subtest: Blocks
    ok 11 - Blocks
      ---
      duration_ms: 0.215958
      ...
    # Subtest: Rich Text
    ok 12 - Rich Text
      ---
      duration_ms: 0.068041
      ...
    # Subtest: Bullets
    ok 13 - Bullets
      ---
      duration_ms: 0.327834
      ...
    # Subtest: Media Source String Forms
    ok 14 - Media Source String Forms
      ---
      duration_ms: 2.059625
      ...
    # Subtest: Code Block
    ok 15 - Code Block
      ---
      duration_ms: 0.209916
      ...
    # Subtest: Metric Quote Timeline
    ok 16 - Metric Quote Timeline
      ---
      duration_ms: 0.404042
      ...
    # Subtest: Implicit Text List Blocks
    ok 17 - Implicit Text List Blocks
      ---
      duration_ms: 0.075875
      ...
    # Subtest: Implicit Text Bullets List Blocks
    ok 18 - Implicit Text Bullets List Blocks
      ---
      duration_ms: 0.067042
      ...
    # Subtest: Implicit Mixed Content Blocks
    ok 19 - Implicit Mixed Content Blocks
      ---
      duration_ms: 0.313917
      ...
    # Subtest: Singular Audience Text
    ok 20 - Singular Audience Text
      ---
      duration_ms: 0.074167
      ...
    1..20
ok 120 - presentation shapes that must validate
  ---
  duration_ms: 8.111417
  type: 'suite'
  ...
# Subtest: presentation shapes that must be rejected
    # Subtest: Overlap
    ok 1 - Overlap
      ---
      duration_ms: 0.305125
      ...
    # Subtest: Bad Span
    ok 2 - Bad Span
      ---
      duration_ms: 0.065792
      ...
    # Subtest: Root Title (root-level "title" field is rejected)
    ok 3 - Root Title (root-level "title" field is rejected)
      ---
      duration_ms: 0.046958
      ...
    # Subtest: Unknown Slide Field
    ok 4 - Unknown Slide Field
      ---
      duration_ms: 0.044958
      ...
    # Subtest: Mixed Root And Regions
    ok 5 - Mixed Root And Regions
      ---
      duration_ms: 0.187041
      ...
    # Subtest: Missing List Items
    ok 6 - Missing List Items
      ---
      duration_ms: 0.276333
      ...
    # Subtest: Missing Image Source
    ok 7 - Missing Image Source
      ---
      duration_ms: 0.059125
      ...
    # Subtest: Missing Video Source
    ok 8 - Missing Video Source
      ---
      duration_ms: 0.068042
      ...
    # Subtest: Missing Chart Payload
    ok 9 - Missing Chart Payload
      ---
      duration_ms: 0.100667
      ...
    # Subtest: Missing Chart Data
    ok 10 - Missing Chart Data
      ---
      duration_ms: 0.063542
      ...
    # Subtest: Old Chart Data Shape Rejected
    ok 11 - Old Chart Data Shape Rejected
      ---
      duration_ms: 0.067375
      ...
    # Subtest: Missing Table Payload
    ok 12 - Missing Table Payload
      ---
      duration_ms: 0.049
      ...
    # Subtest: Removed Loose Chart Fields
    ok 13 - Removed Loose Chart Fields
      ---
      duration_ms: 0.050166
      ...
    # Subtest: Removed Loose Table Fields
    ok 14 - Removed Loose Table Fields
      ---
      duration_ms: 0.052708
      ...
    # Subtest: Removed Table Headers Field
    ok 15 - Removed Table Headers Field
      ---
      duration_ms: 0.083625
      ...
    # Subtest: Removed Chart Data Asset Field
    ok 16 - Removed Chart Data Asset Field
      ---
      duration_ms: 0.052584
      ...
    # Subtest: Image Array Rejected
    ok 17 - Image Array Rejected
      ---
      duration_ms: 0.050125
      ...
    # Subtest: Video Array Rejected
    ok 18 - Video Array Rejected
      ---
      duration_ms: 0.044625
      ...
    # Subtest: Missing Asset Src
    ok 19 - Missing Asset Src
      ---
      duration_ms: 0.040292
      ...
    # Subtest: Removed Asset Type Field
    ok 20 - Removed Asset Type Field
      ---
      duration_ms: 0.052
      ...
    # Subtest: Missing List Item Text
    ok 21 - Missing List Item Text
      ---
      duration_ms: 0.055291
      ...
    # Subtest: Bullet Description Rejected
    ok 22 - Bullet Description Rejected
      ---
      duration_ms: 0.049166
      ...
    # Subtest: Removed Runs Field
    ok 23 - Removed Runs Field
      ---
      duration_ms: 0.044458
      ...
    # Subtest: Removed Src Field
    ok 24 - Removed Src Field
      ---
      duration_ms: 0.040042
      ...
    # Subtest: Renamed Design Overrides
    ok 25 - Renamed Design Overrides
      ---
      duration_ms: 0.041791
      ...
    # Subtest: Removed Loose Code Language Field
    ok 26 - Removed Loose Code Language Field
      ---
      duration_ms: 0.045708
      ...
    # Subtest: Missing Code Source
    ok 27 - Missing Code Source
      ---
      duration_ms: 0.047
      ...
    # Subtest: Missing Metric Payload
    ok 28 - Missing Metric Payload
      ---
      duration_ms: 0.035208
      ...
    # Subtest: Missing Metric Value
    ok 29 - Missing Metric Value
      ---
      duration_ms: 0.054042
      ...
    # Subtest: Removed Loose Metric Fields
    ok 30 - Removed Loose Metric Fields
      ---
      duration_ms: 0.0455
      ...
    # Subtest: Missing Quote Payload
    ok 31 - Missing Quote Payload
      ---
      duration_ms: 0.035667
      ...
    # Subtest: Missing Quote Text
    ok 32 - Missing Quote Text
      ---
      duration_ms: 0.042083
      ...
    # Subtest: Removed Loose Quote Fields
    ok 33 - Removed Loose Quote Fields
      ---
      duration_ms: 0.044625
      ...
    # Subtest: Missing Timeline Payload
    ok 34 - Missing Timeline Payload
      ---
      duration_ms: 0.034792
      ...
    # Subtest: Missing Timeline Event What
    ok 35 - Missing Timeline Event What
      ---
      duration_ms: 0.047458
      ...
    # Subtest: Removed Loose Events Field
    ok 36 - Removed Loose Events Field
      ---
      duration_ms: 0.047875
      ...
    # Subtest: Removed Placeholder Type
    ok 37 - Removed Placeholder Type
      ---
      duration_ms: 0.052958
      ...
    # Subtest: Removed Prompt Field
    ok 38 - Removed Prompt Field
      ---
      duration_ms: 0.062792
      ...
    # Subtest: Removed Expected Type Field
    ok 39 - Removed Expected Type Field
      ---
      duration_ms: 0.040375
      ...
    # Subtest: Removed Group Type
    ok 40 - Removed Group Type
      ---
      duration_ms: 0.060208
      ...
    # Subtest: Removed Children Field
    ok 41 - Removed Children Field
      ---
      duration_ms: 0.052375
      ...
    # Subtest: Nested Blocks Field
    ok 42 - Nested Blocks Field
      ---
      duration_ms: 0.083292
      ...
    # Subtest: Removed Shape Type
    ok 43 - Removed Shape Type
      ---
      duration_ms: 1.516541
      ...
    # Subtest: Removed Shape Field
    ok 44 - Removed Shape Field
      ---
      duration_ms: 0.198667
      ...
    # Subtest: Explicit Type Mixed Payload Kinds
    ok 45 - Explicit Type Mixed Payload Kinds
      ---
      duration_ms: 0.149042
      ...
    # Subtest: Region Mixed Payload Kinds
    ok 46 - Region Mixed Payload Kinds
      ---
      duration_ms: 2.152583
      ...
    # Subtest: Incomplete Language
    ok 47 - Incomplete Language
      ---
      duration_ms: 0.236958
      ...
    # Subtest: Incomplete Audience
    ok 48 - Incomplete Audience
      ---
      duration_ms: 0.097
      ...
    # Subtest: Incomplete Purpose
    ok 49 - Incomplete Purpose
      ---
      duration_ms: 0.062167
      ...
    # Subtest: Incomplete Tone
    ok 50 - Incomplete Tone
      ---
      duration_ms: 0.055125
      ...
    # Subtest: Invalid UK English Tag
    ok 51 - Invalid UK English Tag
      ---
      duration_ms: 0.048666
      ...
    # Subtest: Fractional Duration
    ok 52 - Fractional Duration
      ---
      duration_ms: 0.04475
      ...
    1..52
ok 121 - presentation shapes that must be rejected
  ---
  duration_ms: 9.95125
  type: 'suite'
  ...
# Subtest: catalog-id warning behavior
    # Subtest: unknown narrative id warns but does not invalidate
    ok 1 - unknown narrative id warns but does not invalidate
      ---
      duration_ms: 0.382875
      ...
    # Subtest: known narrative id produces no warnings
    ok 2 - known narrative id produces no warnings
      ---
      duration_ms: 0.041583
      ...
    # Subtest: object-form narrative with unknown id is a custom inline narrative, not a broken reference
    ok 3 - object-form narrative with unknown id is a custom inline narrative, not a broken reference
      ---
      duration_ms: 0.044417
      ...
    # Subtest: unknown design references warn at their respective paths
    ok 4 - unknown design references warn at their respective paths
      ---
      duration_ms: 0.714666
      ...
    # Subtest: unknown chart type id warns at the chart type path
    ok 5 - unknown chart type id warns at the chart type path
      ---
      duration_ms: 0.346291
      ...
    # Subtest: inline catalog record legitimizes an id the bundled catalogs don't know
    ok 6 - inline catalog record legitimizes an id the bundled catalogs don't know
      ---
      duration_ms: 0.227792
      ...
    # Subtest: custom catalog source legitimizes an id the bundled catalogs don't know
    ok 7 - custom catalog source legitimizes an id the bundled catalogs don't know
      ---
      duration_ms: 0.059166
      ...
    1..7
ok 122 - catalog-id warning behavior
  ---
  duration_ms: 1.895708
  type: 'suite'
  ...
# Subtest: Windows package invocation preserves literal arguments and ignores the other manager
ok 123 - Windows package invocation preserves literal arguments and ignores the other manager
  ---
  duration_ms: 44.245583
  ...
# Subtest: local package links build through real npm and can replace existing junctions
ok 124 - local package links build through real npm and can replace existing junctions
  ---
  duration_ms: 710.505791
  ...
# Subtest: local linking refuses a node_modules parent that resolves outside its checkout
ok 125 - local linking refuses a node_modules parent that resolves outside its checkout
  ---
  duration_ms: 28.0785
  ...
1..125
# tests 500
# suites 20
# pass 500
# fail 0
# cancelled 0
# skipped 0
# todo 0
# duration_ms 2001.527625
Composition: geometry, preservation, responsive grids, weights, regions, diagnostics and schemas passed.
Nested groups: containment, source paths, region composition, inheritance, strict overflow and depth guards passed.
Pagination: exact text/rich-run preservation, groups, lists, tables, regions, mappings, IDs, limits and fit passed.
Data import passed 40 parsing, preservation, mapping, and error checks.
Rich text passed 16 shared-layout checks.
Lists passed: rich runs, descriptions, nesting, hanging indents, consistent shrink, source paths, Unicode, overflow and exact pagination.
