package	Set up job	﻿2026-09-14T23:41:06.6285704Z Current runner version: '2.337.0'
package	Set up job	2026-09-14T23:41:06.6321815Z ##[group]Runner Image Provisioner
package	Set up job	2026-09-14T23:41:06.6323384Z Hosted Compute Agent
package	Set up job	2026-09-14T23:41:06.6324301Z Version: 20260828.587
package	Set up job	2026-09-14T23:41:06.6325615Z Commit: abac92662cab4cc7352de4f9f9d2e2419aad9c29
package	Set up job	2026-09-14T23:41:06.6327163Z Build Date: 2026-08-28T16:44:25Z
package	Set up job	2026-09-14T23:41:06.6328413Z Worker ID: {568fccc2-cab2-449f-b375-7298262f87c7}
package	Set up job	2026-09-14T23:41:06.6329653Z Azure Region: eastus
package	Set up job	2026-09-14T23:41:06.6330675Z ##[endgroup]
package	Set up job	2026-09-14T23:41:06.6333076Z ##[group]Operating System
package	Set up job	2026-09-14T23:41:06.6334097Z Ubuntu
package	Set up job	2026-09-14T23:41:06.6334998Z 24.04.5
package	Set up job	2026-09-14T23:41:06.6335852Z LTS
package	Set up job	2026-09-14T23:41:06.6337005Z ##[endgroup]
package	Set up job	2026-09-14T23:41:06.6338038Z ##[group]Runner Image
package	Set up job	2026-09-14T23:41:06.6339023Z Image: ubuntu-24.04
package	Set up job	2026-09-14T23:41:06.6340134Z Version: 20260907.300.1
package	Set up job	2026-09-14T23:41:06.6341939Z Included Software: https://github.com/actions/runner-images/blob/ubuntu24/20260907.300/images/ubuntu/Ubuntu2404-Readme.md
package	Set up job	2026-09-14T23:41:06.6345023Z Image Release: https://github.com/actions/runner-images/releases/tag/ubuntu24%2F20260907.300
package	Set up job	2026-09-14T23:41:06.6347015Z ##[endgroup]
package	Set up job	2026-09-14T23:41:06.6348786Z ##[group]GITHUB_TOKEN Permissions
package	Set up job	2026-09-14T23:41:06.6351655Z Contents: read
package	Set up job	2026-09-14T23:41:06.6352662Z Metadata: read
package	Set up job	2026-09-14T23:41:06.6353573Z ##[endgroup]
package	Set up job	2026-09-14T23:41:06.6356876Z Secret source: Actions
package	Set up job	2026-09-14T23:41:06.6358416Z Cache mode: write
package	Set up job	2026-09-14T23:41:06.6359647Z Prepare workflow directory
package	Set up job	2026-09-14T23:41:06.7218151Z Prepare all required actions
package	Set up job	2026-09-14T23:41:06.7287920Z Getting action download info
package	Set up job	2026-09-14T23:41:06.9155855Z Download action repository 'actions/checkout@3d3c42e5aac5ba805825da76410c181273ba90b1' (SHA:3d3c42e5aac5ba805825da76410c181273ba90b1)
package	Set up job	2026-09-14T23:41:07.0487780Z Download action repository 'pnpm/action-setup@ea17c68df8912ef543352723c149a84f56e3d413' (SHA:ea17c68df8912ef543352723c149a84f56e3d413)
package	Set up job	2026-09-14T23:41:07.1694912Z Download action repository 'actions/setup-node@820762786026740c76f36085b0efc47a31fe5020' (SHA:820762786026740c76f36085b0efc47a31fe5020)
package	Set up job	2026-09-14T23:41:07.2487015Z Download action repository 'actions/upload-artifact@043fb46d1a93c77aae656e7c1c64a875d1fc6a0a' (SHA:043fb46d1a93c77aae656e7c1c64a875d1fc6a0a)
package	Set up job	2026-09-14T23:41:07.4551809Z Complete job name: package
package	Initialize containers	﻿2026-09-14T23:41:07.5179708Z ##[group]Checking docker version
package	Initialize containers	2026-09-14T23:41:07.5193067Z ##[command]/usr/bin/docker version --format '{{.Server.APIVersion}}'
package	Initialize containers	2026-09-14T23:41:07.6232969Z '1.48'
package	Initialize containers	2026-09-14T23:41:07.6250776Z Docker daemon API version: '1.48'
package	Initialize containers	2026-09-14T23:41:07.6252138Z ##[command]/usr/bin/docker version --format '{{.Client.APIVersion}}'
package	Initialize containers	2026-09-14T23:41:07.6447313Z '1.48'
package	Initialize containers	2026-09-14T23:41:07.6461270Z Docker client API version: '1.48'
package	Initialize containers	2026-09-14T23:41:07.6466573Z ##[endgroup]
package	Initialize containers	2026-09-14T23:41:07.6470445Z ##[group]Clean up resources from previous jobs
package	Initialize containers	2026-09-14T23:41:07.6477631Z ##[command]/usr/bin/docker ps --all --quiet --no-trunc --filter "label=c3b7ad"
package	Initialize containers	2026-09-14T23:41:07.6671689Z ##[command]/usr/bin/docker network prune --force --filter "label=c3b7ad"
package	Initialize containers	2026-09-14T23:41:07.6814942Z ##[endgroup]
package	Initialize containers	2026-09-14T23:41:07.6815475Z ##[group]Create local container network
package	Initialize containers	2026-09-14T23:41:07.6825551Z ##[command]/usr/bin/docker network create --label c3b7ad github_network_9ff18c16a4ac4699983554c6ee824c1b
package	Initialize containers	2026-09-14T23:41:07.7375582Z 9dfbce93fb3689f2289ee9ba194bea89f7056b46d7e2dfe30a233eab3c1237ad
package	Initialize containers	2026-09-14T23:41:07.7393589Z ##[endgroup]
package	Initialize containers	2026-09-14T23:41:07.7417423Z ##[group]Starting job container
package	Initialize containers	2026-09-14T23:41:07.7439675Z ##[command]/usr/bin/docker pull mcr.microsoft.com/playwright:v1.63.0-noble@sha256:eff16c30e6f3f4af0a03fa4b706120d5e9b0891c344a27d64559aff5900a4a27
package	Initialize containers	2026-09-14T23:41:07.8511928Z mcr.microsoft.com/playwright@sha256:eff16c30e6f3f4af0a03fa4b706120d5e9b0891c344a27d64559aff5900a4a27: Pulling from playwright
package	Initialize containers	2026-09-14T23:41:07.8859229Z 0926a8eb0e60: Already exists
package	Initialize containers	2026-09-14T23:41:07.8893744Z e2bfec3c8017: Pulling fs layer
package	Initialize containers	2026-09-14T23:41:07.8894820Z 74c72610aa2d: Pulling fs layer
package	Initialize containers	2026-09-14T23:41:07.8896188Z d8cf7dc1ff62: Pulling fs layer
package	Initialize containers	2026-09-14T23:41:07.8897673Z b4dfe9b5d621: Pulling fs layer
package	Initialize containers	2026-09-14T23:41:07.8898920Z a2ac83a9a562: Pulling fs layer
package	Initialize containers	2026-09-14T23:41:07.8900222Z 1b189482e65c: Pulling fs layer
package	Initialize containers	2026-09-14T23:41:07.8901042Z b4dfe9b5d621: Waiting
package	Initialize containers	2026-09-14T23:41:07.8902202Z a2ac83a9a562: Waiting
package	Initialize containers	2026-09-14T23:41:07.8903391Z 1b189482e65c: Waiting
package	Initialize containers	2026-09-14T23:41:07.9577005Z 74c72610aa2d: Verifying Checksum
package	Initialize containers	2026-09-14T23:41:07.9585060Z 74c72610aa2d: Download complete
package	Initialize containers	2026-09-14T23:41:08.3861801Z e2bfec3c8017: Verifying Checksum
package	Initialize containers	2026-09-14T23:41:08.3870871Z e2bfec3c8017: Download complete
package	Initialize containers	2026-09-14T23:41:09.0275501Z a2ac83a9a562: Verifying Checksum
package	Initialize containers	2026-09-14T23:41:09.0277922Z a2ac83a9a562: Download complete
package	Initialize containers	2026-09-14T23:41:09.4431874Z b4dfe9b5d621: Verifying Checksum
package	Initialize containers	2026-09-14T23:41:09.4439060Z b4dfe9b5d621: Download complete
package	Initialize containers	2026-09-14T23:41:09.5868273Z d8cf7dc1ff62: Verifying Checksum
package	Initialize containers	2026-09-14T23:41:09.5870966Z d8cf7dc1ff62: Download complete
package	Initialize containers	2026-09-14T23:41:09.6436254Z 1b189482e65c: Verifying Checksum
package	Initialize containers	2026-09-14T23:41:09.6438036Z 1b189482e65c: Download complete
package	Initialize containers	2026-09-14T23:41:16.7823522Z e2bfec3c8017: Pull complete
package	Initialize containers	2026-09-14T23:41:16.8063975Z 74c72610aa2d: Pull complete
package	Initialize containers	2026-09-14T23:41:25.7761077Z d8cf7dc1ff62: Pull complete
package	Initialize containers	2026-09-14T23:41:30.3819165Z b4dfe9b5d621: Pull complete
package	Initialize containers	2026-09-14T23:41:32.2817301Z a2ac83a9a562: Pull complete
package	Initialize containers	2026-09-14T23:41:34.1305400Z 1b189482e65c: Pull complete
package	Initialize containers	2026-09-14T23:41:34.1345381Z Digest: sha256:eff16c30e6f3f4af0a03fa4b706120d5e9b0891c344a27d64559aff5900a4a27
package	Initialize containers	2026-09-14T23:41:34.1351650Z Status: Downloaded newer image for mcr.microsoft.com/playwright@sha256:eff16c30e6f3f4af0a03fa4b706120d5e9b0891c344a27d64559aff5900a4a27
package	Initialize containers	2026-09-14T23:41:34.1361072Z mcr.microsoft.com/playwright:v1.63.0-noble@sha256:eff16c30e6f3f4af0a03fa4b706120d5e9b0891c344a27d64559aff5900a4a27
package	Initialize containers	2026-09-14T23:41:34.1458600Z ##[command]/usr/bin/docker create --name a0724502d0e4410faca3c2e3834dd886_mcrmicrosoftcomplaywrightv1630noblesha256eff16c30e6f3f4af0a03fa4b706120d5e9b0891c344a27d64559aff5900a4a27_b03ab7 --label c3b7ad --workdir /__w/opf-render/opf-render --network github_network_9ff18c16a4ac4699983554c6ee824c1b  -e "HOME=/github/home" -e GITHUB_ACTIONS=true -e CI=true -v "/var/run/docker.sock":"/var/run/docker.sock" -v "/home/runner/work":"/__w" -v "/home/runner/actions-runner/cached/2.337.0/externals":"/__e":ro -v "/home/runner/work/_temp":"/__w/_temp" -v "/home/runner/work/_actions":"/__w/_actions" -v "/opt/hostedtoolcache":"/__t" -v "/home/runner/work/_temp/_github_home":"/github/home" -v "/home/runner/work/_temp/_github_workflow":"/github/workflow" --entrypoint "tail" mcr.microsoft.com/playwright:v1.63.0-noble@sha256:eff16c30e6f3f4af0a03fa4b706120d5e9b0891c344a27d64559aff5900a4a27 "-f" "/dev/null"
package	Initialize containers	2026-09-14T23:41:34.1739105Z dee33b14787caba5b5aeaa2760bc2732ee09ba2523b72a0b3567fc63e1c9e4b9
package	Initialize containers	2026-09-14T23:41:34.1761042Z ##[command]/usr/bin/docker start dee33b14787caba5b5aeaa2760bc2732ee09ba2523b72a0b3567fc63e1c9e4b9
package	Initialize containers	2026-09-14T23:41:34.3760936Z dee33b14787caba5b5aeaa2760bc2732ee09ba2523b72a0b3567fc63e1c9e4b9
package	Initialize containers	2026-09-14T23:41:34.3792488Z ##[command]/usr/bin/docker ps --all --filter id=dee33b14787caba5b5aeaa2760bc2732ee09ba2523b72a0b3567fc63e1c9e4b9 --filter status=running --no-trunc --format "{{.ID}} {{.Status}}"
package	Initialize containers	2026-09-14T23:41:34.3905311Z dee33b14787caba5b5aeaa2760bc2732ee09ba2523b72a0b3567fc63e1c9e4b9 Up Less than a second
package	Initialize containers	2026-09-14T23:41:34.3923371Z ##[command]/usr/bin/docker inspect --format "{{range .Config.Env}}{{println .}}{{end}}" dee33b14787caba5b5aeaa2760bc2732ee09ba2523b72a0b3567fc63e1c9e4b9
package	Initialize containers	2026-09-14T23:41:34.4036901Z HOME=/github/home
package	Initialize containers	2026-09-14T23:41:34.4037775Z GITHUB_ACTIONS=true
package	Initialize containers	2026-09-14T23:41:34.4038384Z CI=true
package	Initialize containers	2026-09-14T23:41:34.4038978Z PATH=/usr/local/sbin:/usr/local/bin:/usr/sbin:/usr/bin:/sbin:/bin
package	Initialize containers	2026-09-14T23:41:34.4039689Z LANG=C.UTF-8
package	Initialize containers	2026-09-14T23:41:34.4039949Z LC_ALL=C.UTF-8
package	Initialize containers	2026-09-14T23:41:34.4040193Z PLAYWRIGHT_BROWSERS_PATH=/ms-playwright
package	Initialize containers	2026-09-14T23:41:34.4054798Z ##[endgroup]
package	Initialize containers	2026-09-14T23:41:34.4064210Z ##[group]Waiting for all services to be ready
package	Initialize containers	2026-09-14T23:41:34.4066329Z ##[endgroup]
package	Run actions/checkout@3d3c42e5aac5ba805825da76410c181273ba90b1	﻿2026-09-14T23:41:34.4350268Z ##[group]Run actions/checkout@3d3c42e5aac5ba805825da76410c181273ba90b1
package	Run actions/checkout@3d3c42e5aac5ba805825da76410c181273ba90b1	2026-09-14T23:41:34.4350986Z with:
package	Run actions/checkout@3d3c42e5aac5ba805825da76410c181273ba90b1	2026-09-14T23:41:34.4351222Z   persist-credentials: false
package	Run actions/checkout@3d3c42e5aac5ba805825da76410c181273ba90b1	2026-09-14T23:41:34.4351476Z   fetch-depth: 0
package	Run actions/checkout@3d3c42e5aac5ba805825da76410c181273ba90b1	2026-09-14T23:41:34.4351697Z   path: opf-render
package	Run actions/checkout@3d3c42e5aac5ba805825da76410c181273ba90b1	2026-09-14T23:41:34.4351930Z   repository: OpenPresentation/opf-render
package	Run actions/checkout@3d3c42e5aac5ba805825da76410c181273ba90b1	2026-09-14T23:41:34.4355083Z   token: ***
package	Run actions/checkout@3d3c42e5aac5ba805825da76410c181273ba90b1	2026-09-14T23:41:34.4355295Z   ssh-strict: true
package	Run actions/checkout@3d3c42e5aac5ba805825da76410c181273ba90b1	2026-09-14T23:41:34.4355496Z   ssh-user: git
package	Run actions/checkout@3d3c42e5aac5ba805825da76410c181273ba90b1	2026-09-14T23:41:34.4355689Z   clean: true
package	Run actions/checkout@3d3c42e5aac5ba805825da76410c181273ba90b1	2026-09-14T23:41:34.4355908Z   sparse-checkout-cone-mode: true
package	Run actions/checkout@3d3c42e5aac5ba805825da76410c181273ba90b1	2026-09-14T23:41:34.4356171Z   fetch-tags: false
package	Run actions/checkout@3d3c42e5aac5ba805825da76410c181273ba90b1	2026-09-14T23:41:34.4356377Z   show-progress: true
package	Run actions/checkout@3d3c42e5aac5ba805825da76410c181273ba90b1	2026-09-14T23:41:34.4356901Z   lfs: false
package	Run actions/checkout@3d3c42e5aac5ba805825da76410c181273ba90b1	2026-09-14T23:41:34.4357120Z   submodules: false
package	Run actions/checkout@3d3c42e5aac5ba805825da76410c181273ba90b1	2026-09-14T23:41:34.4357333Z   set-safe-directory: true
package	Run actions/checkout@3d3c42e5aac5ba805825da76410c181273ba90b1	2026-09-14T23:41:34.4357580Z   allow-unsafe-pr-checkout: false
package	Run actions/checkout@3d3c42e5aac5ba805825da76410c181273ba90b1	2026-09-14T23:41:34.4358122Z env:
package	Run actions/checkout@3d3c42e5aac5ba805825da76410c181273ba90b1	2026-09-14T23:41:34.4358625Z   OPF_GOLDEN_BASELINE: /home/runner/work/opf-render/opf-render/opf-render/test/golden/opf-examples-png.furniture.sha256.json
package	Run actions/checkout@3d3c42e5aac5ba805825da76410c181273ba90b1	2026-09-14T23:41:34.4359354Z ##[endgroup]
package	Run actions/checkout@3d3c42e5aac5ba805825da76410c181273ba90b1	2026-09-14T23:41:34.4421997Z ##[command]/usr/bin/docker exec  dee33b14787caba5b5aeaa2760bc2732ee09ba2523b72a0b3567fc63e1c9e4b9 sh -c "cat /etc/*release | grep ^ID"
package	Run actions/checkout@3d3c42e5aac5ba805825da76410c181273ba90b1	2026-09-14T23:41:35.0946927Z Syncing repository: OpenPresentation/opf-render
package	Run actions/checkout@3d3c42e5aac5ba805825da76410c181273ba90b1	2026-09-14T23:41:35.0948849Z ##[group]Getting Git version info
package	Run actions/checkout@3d3c42e5aac5ba805825da76410c181273ba90b1	2026-09-14T23:41:35.0949480Z Working directory is '/__w/opf-render/opf-render/opf-render'
package	Run actions/checkout@3d3c42e5aac5ba805825da76410c181273ba90b1	2026-09-14T23:41:35.0950388Z [command]/usr/bin/git version
package	Run actions/checkout@3d3c42e5aac5ba805825da76410c181273ba90b1	2026-09-14T23:41:35.1033066Z git version 2.43.0
package	Run actions/checkout@3d3c42e5aac5ba805825da76410c181273ba90b1	2026-09-14T23:41:35.1060912Z ##[endgroup]
package	Run actions/checkout@3d3c42e5aac5ba805825da76410c181273ba90b1	2026-09-14T23:41:35.1074183Z Temporarily overriding HOME='/__w/_temp/882a141e-47ac-4e6a-b395-0cec5d870d51' before making global git config changes
package	Run actions/checkout@3d3c42e5aac5ba805825da76410c181273ba90b1	2026-09-14T23:41:35.1075839Z Adding repository directory to the temporary git global config as a safe directory
package	Run actions/checkout@3d3c42e5aac5ba805825da76410c181273ba90b1	2026-09-14T23:41:35.1082296Z [command]/usr/bin/git config --global --add safe.directory /__w/opf-render/opf-render/opf-render
package	Run actions/checkout@3d3c42e5aac5ba805825da76410c181273ba90b1	2026-09-14T23:41:35.1116908Z ##[group]Determining repository object format
package	Run actions/checkout@3d3c42e5aac5ba805825da76410c181273ba90b1	2026-09-14T23:41:35.1119954Z ##[endgroup]
package	Run actions/checkout@3d3c42e5aac5ba805825da76410c181273ba90b1	2026-09-14T23:41:35.1120569Z ##[group]Initializing the repository
package	Run actions/checkout@3d3c42e5aac5ba805825da76410c181273ba90b1	2026-09-14T23:41:35.1124290Z [command]/usr/bin/git init /__w/opf-render/opf-render/opf-render
package	Run actions/checkout@3d3c42e5aac5ba805825da76410c181273ba90b1	2026-09-14T23:41:35.1168698Z hint: Using 'master' as the name for the initial branch. This default branch name
package	Run actions/checkout@3d3c42e5aac5ba805825da76410c181273ba90b1	2026-09-14T23:41:35.1169679Z hint: is subject to change. To configure the initial branch name to use in all
package	Run actions/checkout@3d3c42e5aac5ba805825da76410c181273ba90b1	2026-09-14T23:41:35.1170656Z hint: of your new repositories, which will suppress this warning, call:
package	Run actions/checkout@3d3c42e5aac5ba805825da76410c181273ba90b1	2026-09-14T23:41:35.1171257Z hint: 
package	Run actions/checkout@3d3c42e5aac5ba805825da76410c181273ba90b1	2026-09-14T23:41:35.1171806Z hint: 	git config --global init.defaultBranch <name>
package	Run actions/checkout@3d3c42e5aac5ba805825da76410c181273ba90b1	2026-09-14T23:41:35.1172336Z hint: 
package	Run actions/checkout@3d3c42e5aac5ba805825da76410c181273ba90b1	2026-09-14T23:41:35.1172937Z hint: Names commonly chosen instead of 'master' are 'main', 'trunk' and
package	Run actions/checkout@3d3c42e5aac5ba805825da76410c181273ba90b1	2026-09-14T23:41:35.1173894Z hint: 'development'. The just-created branch can be renamed via this command:
package	Run actions/checkout@3d3c42e5aac5ba805825da76410c181273ba90b1	2026-09-14T23:41:35.1175562Z hint: 
package	Run actions/checkout@3d3c42e5aac5ba805825da76410c181273ba90b1	2026-09-14T23:41:35.1176023Z hint: 	git branch -m <name>
package	Run actions/checkout@3d3c42e5aac5ba805825da76410c181273ba90b1	2026-09-14T23:41:35.1177095Z Initialized empty Git repository in /__w/opf-render/opf-render/opf-render/.git/
package	Run actions/checkout@3d3c42e5aac5ba805825da76410c181273ba90b1	2026-09-14T23:41:35.1186878Z [command]/usr/bin/git remote add origin https://github.com/OpenPresentation/opf-render
package	Run actions/checkout@3d3c42e5aac5ba805825da76410c181273ba90b1	2026-09-14T23:41:35.1222861Z ##[endgroup]
package	Run actions/checkout@3d3c42e5aac5ba805825da76410c181273ba90b1	2026-09-14T23:41:35.1223283Z ##[group]Disabling automatic garbage collection
package	Run actions/checkout@3d3c42e5aac5ba805825da76410c181273ba90b1	2026-09-14T23:41:35.1225650Z [command]/usr/bin/git config --local gc.auto 0
package	Run actions/checkout@3d3c42e5aac5ba805825da76410c181273ba90b1	2026-09-14T23:41:35.1258096Z ##[endgroup]
package	Run actions/checkout@3d3c42e5aac5ba805825da76410c181273ba90b1	2026-09-14T23:41:35.1258631Z ##[group]Setting up auth
package	Run actions/checkout@3d3c42e5aac5ba805825da76410c181273ba90b1	2026-09-14T23:41:35.1259302Z Removing SSH command configuration
package	Run actions/checkout@3d3c42e5aac5ba805825da76410c181273ba90b1	2026-09-14T23:41:35.1264092Z [command]/usr/bin/git config --local --name-only --get-regexp core\.sshCommand
package	Run actions/checkout@3d3c42e5aac5ba805825da76410c181273ba90b1	2026-09-14T23:41:35.1297262Z [command]/usr/bin/git submodule foreach --recursive sh -c "git config --local --name-only --get-regexp 'core\.sshCommand' && git config --local --unset-all 'core.sshCommand' || :"
package	Run actions/checkout@3d3c42e5aac5ba805825da76410c181273ba90b1	2026-09-14T23:41:35.2065040Z Removing HTTP extra header
package	Run actions/checkout@3d3c42e5aac5ba805825da76410c181273ba90b1	2026-09-14T23:41:35.2067438Z [command]/usr/bin/git config --local --name-only --get-regexp http\.https\:\/\/github\.com\/\.extraheader
package	Run actions/checkout@3d3c42e5aac5ba805825da76410c181273ba90b1	2026-09-14T23:41:35.2103891Z [command]/usr/bin/git submodule foreach --recursive sh -c "git config --local --name-only --get-regexp 'http\.https\:\/\/github\.com\/\.extraheader' && git config --local --unset-all 'http.https://github.com/.extraheader' || :"
package	Run actions/checkout@3d3c42e5aac5ba805825da76410c181273ba90b1	2026-09-14T23:41:35.2374972Z Removing includeIf entries pointing to credentials config files
package	Run actions/checkout@3d3c42e5aac5ba805825da76410c181273ba90b1	2026-09-14T23:41:35.2376239Z [command]/usr/bin/git config --local --name-only --get-regexp ^includeIf\.gitdir:
package	Run actions/checkout@3d3c42e5aac5ba805825da76410c181273ba90b1	2026-09-14T23:41:35.2393922Z [command]/usr/bin/git submodule foreach --recursive git config --local --show-origin --name-only --get-regexp remote.origin.url
package	Run actions/checkout@3d3c42e5aac5ba805825da76410c181273ba90b1	2026-09-14T23:41:35.2632601Z [command]/usr/bin/git config --file /__w/_temp/git-credentials-e0c9471a-d362-4e7c-b73d-c58a31b38757.config http.https://github.com/.extraheader AUTHORIZATION: basic ***
package	Run actions/checkout@3d3c42e5aac5ba805825da76410c181273ba90b1	2026-09-14T23:41:35.2681389Z [command]/usr/bin/git config --local includeIf.gitdir:/__w/opf-render/opf-render/opf-render/.git.path /__w/_temp/git-credentials-e0c9471a-d362-4e7c-b73d-c58a31b38757.config
package	Run actions/checkout@3d3c42e5aac5ba805825da76410c181273ba90b1	2026-09-14T23:41:35.2715451Z [command]/usr/bin/git config --local includeIf.gitdir:/__w/opf-render/opf-render/opf-render/.git/worktrees/*.path /__w/_temp/git-credentials-e0c9471a-d362-4e7c-b73d-c58a31b38757.config
package	Run actions/checkout@3d3c42e5aac5ba805825da76410c181273ba90b1	2026-09-14T23:41:35.2751355Z [command]/usr/bin/git config --local includeIf.gitdir:/github/workspace/opf-render/.git.path /github/runner_temp/git-credentials-e0c9471a-d362-4e7c-b73d-c58a31b38757.config
package	Run actions/checkout@3d3c42e5aac5ba805825da76410c181273ba90b1	2026-09-14T23:41:35.2785050Z [command]/usr/bin/git config --local includeIf.gitdir:/github/workspace/opf-render/.git/worktrees/*.path /github/runner_temp/git-credentials-e0c9471a-d362-4e7c-b73d-c58a31b38757.config
package	Run actions/checkout@3d3c42e5aac5ba805825da76410c181273ba90b1	2026-09-14T23:41:35.2817086Z ##[endgroup]
package	Run actions/checkout@3d3c42e5aac5ba805825da76410c181273ba90b1	2026-09-14T23:41:35.2817663Z ##[group]Fetching the repository
package	Run actions/checkout@3d3c42e5aac5ba805825da76410c181273ba90b1	2026-09-14T23:41:35.2824814Z [command]/usr/bin/git -c protocol.version=2 fetch --no-tags --prune --no-recurse-submodules origin +refs/heads/*:refs/remotes/origin/* +refs/tags/*:refs/tags/* +241b8a1d11c0efb26a77237bea94d56d1d49fd48:refs/remotes/pull/20/merge
package	Run actions/checkout@3d3c42e5aac5ba805825da76410c181273ba90b1	2026-09-14T23:41:39.3799718Z From https://github.com/OpenPresentation/opf-render
package	Run actions/checkout@3d3c42e5aac5ba805825da76410c181273ba90b1	2026-09-14T23:41:39.3801857Z  * [new branch]      codex/shared-furniture-20260910          -> origin/codex/shared-furniture-20260910
package	Run actions/checkout@3d3c42e5aac5ba805825da76410c181273ba90b1	2026-09-14T23:41:39.3803742Z  * [new branch]      codex/shared-furniture-20260914          -> origin/codex/shared-furniture-20260914
package	Run actions/checkout@3d3c42e5aac5ba805825da76410c181273ba90b1	2026-09-14T23:41:39.3805432Z  * [new branch]      main                                     -> origin/main
package	Run actions/checkout@3d3c42e5aac5ba805825da76410c181273ba90b1	2026-09-14T23:41:39.3807106Z  * [new tag]         opf-render-v0.1.0                        -> opf-render-v0.1.0
package	Run actions/checkout@3d3c42e5aac5ba805825da76410c181273ba90b1	2026-09-14T23:41:39.3808544Z  * [new tag]         opf-render-v0.1.1                        -> opf-render-v0.1.1
package	Run actions/checkout@3d3c42e5aac5ba805825da76410c181273ba90b1	2026-09-14T23:41:39.3813108Z  * [new tag]         opf-render-v0.2.0                        -> opf-render-v0.2.0
package	Run actions/checkout@3d3c42e5aac5ba805825da76410c181273ba90b1	2026-09-14T23:41:39.3814566Z  * [new tag]         opf-render-v0.3.0                        -> opf-render-v0.3.0
package	Run actions/checkout@3d3c42e5aac5ba805825da76410c181273ba90b1	2026-09-14T23:41:39.3815829Z  * [new tag]         opf-render-v0.4.0                        -> opf-render-v0.4.0
package	Run actions/checkout@3d3c42e5aac5ba805825da76410c181273ba90b1	2026-09-14T23:41:39.3821427Z  * [new tag]         opf-render-v0.5.0                        -> opf-render-v0.5.0
package	Run actions/checkout@3d3c42e5aac5ba805825da76410c181273ba90b1	2026-09-14T23:41:39.3823092Z  * [new tag]         opf-render-v0.5.1                        -> opf-render-v0.5.1
package	Run actions/checkout@3d3c42e5aac5ba805825da76410c181273ba90b1	2026-09-14T23:41:39.3824356Z  * [new tag]         opf-render-v0.6.0                        -> opf-render-v0.6.0
package	Run actions/checkout@3d3c42e5aac5ba805825da76410c181273ba90b1	2026-09-14T23:41:39.3826211Z  * [new tag]         opf-render-v0.7.0                        -> opf-render-v0.7.0
package	Run actions/checkout@3d3c42e5aac5ba805825da76410c181273ba90b1	2026-09-14T23:41:39.3827496Z  * [new ref]         241b8a1d11c0efb26a77237bea94d56d1d49fd48 -> pull/20/merge
package	Run actions/checkout@3d3c42e5aac5ba805825da76410c181273ba90b1	2026-09-14T23:41:39.3857115Z ##[endgroup]
package	Run actions/checkout@3d3c42e5aac5ba805825da76410c181273ba90b1	2026-09-14T23:41:39.3858835Z ##[group]Determining the checkout info
package	Run actions/checkout@3d3c42e5aac5ba805825da76410c181273ba90b1	2026-09-14T23:41:39.3860002Z ##[endgroup]
package	Run actions/checkout@3d3c42e5aac5ba805825da76410c181273ba90b1	2026-09-14T23:41:39.3868707Z [command]/usr/bin/git sparse-checkout disable
package	Run actions/checkout@3d3c42e5aac5ba805825da76410c181273ba90b1	2026-09-14T23:41:39.3919750Z [command]/usr/bin/git config --local --unset-all extensions.worktreeConfig
package	Run actions/checkout@3d3c42e5aac5ba805825da76410c181273ba90b1	2026-09-14T23:41:39.3959297Z ##[group]Checking out the ref
package	Run actions/checkout@3d3c42e5aac5ba805825da76410c181273ba90b1	2026-09-14T23:41:39.3962738Z [command]/usr/bin/git checkout --progress --force refs/remotes/pull/20/merge
package	Run actions/checkout@3d3c42e5aac5ba805825da76410c181273ba90b1	2026-09-14T23:41:39.6303981Z Note: switching to 'refs/remotes/pull/20/merge'.
package	Run actions/checkout@3d3c42e5aac5ba805825da76410c181273ba90b1	2026-09-14T23:41:39.6304350Z 
package	Run actions/checkout@3d3c42e5aac5ba805825da76410c181273ba90b1	2026-09-14T23:41:39.6304827Z You are in 'detached HEAD' state. You can look around, make experimental
package	Run actions/checkout@3d3c42e5aac5ba805825da76410c181273ba90b1	2026-09-14T23:41:39.6305633Z changes and commit them, and you can discard any commits you make in this
package	Run actions/checkout@3d3c42e5aac5ba805825da76410c181273ba90b1	2026-09-14T23:41:39.6306424Z state without impacting any branches by switching back to a branch.
package	Run actions/checkout@3d3c42e5aac5ba805825da76410c181273ba90b1	2026-09-14T23:41:39.6307182Z 
package	Run actions/checkout@3d3c42e5aac5ba805825da76410c181273ba90b1	2026-09-14T23:41:39.6307523Z If you want to create a new branch to retain commits you create, you may
package	Run actions/checkout@3d3c42e5aac5ba805825da76410c181273ba90b1	2026-09-14T23:41:39.6308322Z do so (now or later) by using -c with the switch command. Example:
package	Run actions/checkout@3d3c42e5aac5ba805825da76410c181273ba90b1	2026-09-14T23:41:39.6308802Z 
package	Run actions/checkout@3d3c42e5aac5ba805825da76410c181273ba90b1	2026-09-14T23:41:39.6308996Z   git switch -c <new-branch-name>
package	Run actions/checkout@3d3c42e5aac5ba805825da76410c181273ba90b1	2026-09-14T23:41:39.6309310Z 
package	Run actions/checkout@3d3c42e5aac5ba805825da76410c181273ba90b1	2026-09-14T23:41:39.6309488Z Or undo this operation with:
package	Run actions/checkout@3d3c42e5aac5ba805825da76410c181273ba90b1	2026-09-14T23:41:39.6309875Z 
package	Run actions/checkout@3d3c42e5aac5ba805825da76410c181273ba90b1	2026-09-14T23:41:39.6310046Z   git switch -
package	Run actions/checkout@3d3c42e5aac5ba805825da76410c181273ba90b1	2026-09-14T23:41:39.6310287Z 
package	Run actions/checkout@3d3c42e5aac5ba805825da76410c181273ba90b1	2026-09-14T23:41:39.6310680Z Turn off this advice by setting config variable advice.detachedHead to false
package	Run actions/checkout@3d3c42e5aac5ba805825da76410c181273ba90b1	2026-09-14T23:41:39.6311334Z 
package	Run actions/checkout@3d3c42e5aac5ba805825da76410c181273ba90b1	2026-09-14T23:41:39.6311981Z HEAD is now at 241b8a1 Merge 3d4fa8ce8172c2a6b38bf217d5f8d0ce5a1b62af into f2f2d51caddddc912588dd4f0f7a9586d3330475
package	Run actions/checkout@3d3c42e5aac5ba805825da76410c181273ba90b1	2026-09-14T23:41:39.6325108Z ##[endgroup]
package	Run actions/checkout@3d3c42e5aac5ba805825da76410c181273ba90b1	2026-09-14T23:41:39.6372213Z [command]/usr/bin/git log -1 --format=%H
package	Run actions/checkout@3d3c42e5aac5ba805825da76410c181273ba90b1	2026-09-14T23:41:39.6401850Z 241b8a1d11c0efb26a77237bea94d56d1d49fd48
package	Run actions/checkout@3d3c42e5aac5ba805825da76410c181273ba90b1	2026-09-14T23:41:39.6416680Z ##[group]Removing auth
package	Run actions/checkout@3d3c42e5aac5ba805825da76410c181273ba90b1	2026-09-14T23:41:39.6417319Z Removing SSH command configuration
package	Run actions/checkout@3d3c42e5aac5ba805825da76410c181273ba90b1	2026-09-14T23:41:39.6421984Z [command]/usr/bin/git config --local --name-only --get-regexp core\.sshCommand
package	Run actions/checkout@3d3c42e5aac5ba805825da76410c181273ba90b1	2026-09-14T23:41:39.6455440Z [command]/usr/bin/git submodule foreach --recursive sh -c "git config --local --name-only --get-regexp 'core\.sshCommand' && git config --local --unset-all 'core.sshCommand' || :"
package	Run actions/checkout@3d3c42e5aac5ba805825da76410c181273ba90b1	2026-09-14T23:41:39.6701297Z Removing HTTP extra header
package	Run actions/checkout@3d3c42e5aac5ba805825da76410c181273ba90b1	2026-09-14T23:41:39.6704452Z [command]/usr/bin/git config --local --name-only --get-regexp http\.https\:\/\/github\.com\/\.extraheader
package	Run actions/checkout@3d3c42e5aac5ba805825da76410c181273ba90b1	2026-09-14T23:41:39.6748932Z [command]/usr/bin/git submodule foreach --recursive sh -c "git config --local --name-only --get-regexp 'http\.https\:\/\/github\.com\/\.extraheader' && git config --local --unset-all 'http.https://github.com/.extraheader' || :"
package	Run actions/checkout@3d3c42e5aac5ba805825da76410c181273ba90b1	2026-09-14T23:41:39.7004924Z Removing includeIf entries pointing to credentials config files
package	Run actions/checkout@3d3c42e5aac5ba805825da76410c181273ba90b1	2026-09-14T23:41:39.7009826Z [command]/usr/bin/git config --local --name-only --get-regexp ^includeIf\.gitdir:
package	Run actions/checkout@3d3c42e5aac5ba805825da76410c181273ba90b1	2026-09-14T23:41:39.7039034Z includeif.gitdir:/__w/opf-render/opf-render/opf-render/.git.path
package	Run actions/checkout@3d3c42e5aac5ba805825da76410c181273ba90b1	2026-09-14T23:41:39.7039949Z includeif.gitdir:/__w/opf-render/opf-render/opf-render/.git/worktrees/*.path
package	Run actions/checkout@3d3c42e5aac5ba805825da76410c181273ba90b1	2026-09-14T23:41:39.7040484Z includeif.gitdir:/github/workspace/opf-render/.git.path
package	Run actions/checkout@3d3c42e5aac5ba805825da76410c181273ba90b1	2026-09-14T23:41:39.7041364Z includeif.gitdir:/github/workspace/opf-render/.git/worktrees/*.path
package	Run actions/checkout@3d3c42e5aac5ba805825da76410c181273ba90b1	2026-09-14T23:41:39.7049873Z [command]/usr/bin/git config --local --get-all includeif.gitdir:/__w/opf-render/opf-render/opf-render/.git.path
package	Run actions/checkout@3d3c42e5aac5ba805825da76410c181273ba90b1	2026-09-14T23:41:39.7080711Z /__w/_temp/git-credentials-e0c9471a-d362-4e7c-b73d-c58a31b38757.config
package	Run actions/checkout@3d3c42e5aac5ba805825da76410c181273ba90b1	2026-09-14T23:41:39.7091677Z [command]/usr/bin/git config --local --unset includeif.gitdir:/__w/opf-render/opf-render/opf-render/.git.path \/__w\/_temp\/git\-credentials\-e0c9471a\-d362\-4e7c\-b73d\-c58a31b38757\.config
package	Run actions/checkout@3d3c42e5aac5ba805825da76410c181273ba90b1	2026-09-14T23:41:39.7128761Z [command]/usr/bin/git config --local --get-all includeif.gitdir:/__w/opf-render/opf-render/opf-render/.git/worktrees/*.path
package	Run actions/checkout@3d3c42e5aac5ba805825da76410c181273ba90b1	2026-09-14T23:41:39.7155833Z /__w/_temp/git-credentials-e0c9471a-d362-4e7c-b73d-c58a31b38757.config
package	Run actions/checkout@3d3c42e5aac5ba805825da76410c181273ba90b1	2026-09-14T23:41:39.7165923Z [command]/usr/bin/git config --local --unset includeif.gitdir:/__w/opf-render/opf-render/opf-render/.git/worktrees/*.path \/__w\/_temp\/git\-credentials\-e0c9471a\-d362\-4e7c\-b73d\-c58a31b38757\.config
package	Run actions/checkout@3d3c42e5aac5ba805825da76410c181273ba90b1	2026-09-14T23:41:39.7208240Z [command]/usr/bin/git config --local --get-all includeif.gitdir:/github/workspace/opf-render/.git.path
package	Run actions/checkout@3d3c42e5aac5ba805825da76410c181273ba90b1	2026-09-14T23:41:39.7230965Z /github/runner_temp/git-credentials-e0c9471a-d362-4e7c-b73d-c58a31b38757.config
package	Run actions/checkout@3d3c42e5aac5ba805825da76410c181273ba90b1	2026-09-14T23:41:39.7239044Z [command]/usr/bin/git config --local --unset includeif.gitdir:/github/workspace/opf-render/.git.path \/github\/runner_temp\/git\-credentials\-e0c9471a\-d362\-4e7c\-b73d\-c58a31b38757\.config
package	Run actions/checkout@3d3c42e5aac5ba805825da76410c181273ba90b1	2026-09-14T23:41:39.7278476Z [command]/usr/bin/git config --local --get-all includeif.gitdir:/github/workspace/opf-render/.git/worktrees/*.path
package	Run actions/checkout@3d3c42e5aac5ba805825da76410c181273ba90b1	2026-09-14T23:41:39.7307344Z /github/runner_temp/git-credentials-e0c9471a-d362-4e7c-b73d-c58a31b38757.config
package	Run actions/checkout@3d3c42e5aac5ba805825da76410c181273ba90b1	2026-09-14T23:41:39.7315541Z [command]/usr/bin/git config --local --unset includeif.gitdir:/github/workspace/opf-render/.git/worktrees/*.path \/github\/runner_temp\/git\-credentials\-e0c9471a\-d362\-4e7c\-b73d\-c58a31b38757\.config
package	Run actions/checkout@3d3c42e5aac5ba805825da76410c181273ba90b1	2026-09-14T23:41:39.7352568Z [command]/usr/bin/git submodule foreach --recursive git config --local --show-origin --name-only --get-regexp remote.origin.url
package	Run actions/checkout@3d3c42e5aac5ba805825da76410c181273ba90b1	2026-09-14T23:41:39.7594392Z Removing credentials config '/__w/_temp/git-credentials-e0c9471a-d362-4e7c-b73d-c58a31b38757.config'
package	Run actions/checkout@3d3c42e5aac5ba805825da76410c181273ba90b1	2026-09-14T23:41:39.7603445Z ##[endgroup]
package	Run actions/checkout@3d3c42e5aac5ba805825da76410c181273ba90b1	﻿2026-09-14T23:41:39.7971753Z ##[group]Run actions/checkout@3d3c42e5aac5ba805825da76410c181273ba90b1
package	Run actions/checkout@3d3c42e5aac5ba805825da76410c181273ba90b1	2026-09-14T23:41:39.7972147Z with:
package	Run actions/checkout@3d3c42e5aac5ba805825da76410c181273ba90b1	2026-09-14T23:41:39.7972357Z   repository: OpenPresentation/opf
package	Run actions/checkout@3d3c42e5aac5ba805825da76410c181273ba90b1	2026-09-14T23:41:39.7972644Z   ref: 8a322c13884f2f1634fd3a207d1e0a662e3ad460
package	Run actions/checkout@3d3c42e5aac5ba805825da76410c181273ba90b1	2026-09-14T23:41:39.7972921Z   path: opf
package	Run actions/checkout@3d3c42e5aac5ba805825da76410c181273ba90b1	2026-09-14T23:41:39.7973105Z   fetch-depth: 0
package	Run actions/checkout@3d3c42e5aac5ba805825da76410c181273ba90b1	2026-09-14T23:41:39.7973320Z   persist-credentials: false
package	Run actions/checkout@3d3c42e5aac5ba805825da76410c181273ba90b1	2026-09-14T23:41:39.7976265Z   token: ***
package	Run actions/checkout@3d3c42e5aac5ba805825da76410c181273ba90b1	2026-09-14T23:41:39.7976468Z   ssh-strict: true
package	Run actions/checkout@3d3c42e5aac5ba805825da76410c181273ba90b1	2026-09-14T23:41:39.7976971Z   ssh-user: git
package	Run actions/checkout@3d3c42e5aac5ba805825da76410c181273ba90b1	2026-09-14T23:41:39.7977177Z   clean: true
package	Run actions/checkout@3d3c42e5aac5ba805825da76410c181273ba90b1	2026-09-14T23:41:39.7977390Z   sparse-checkout-cone-mode: true
package	Run actions/checkout@3d3c42e5aac5ba805825da76410c181273ba90b1	2026-09-14T23:41:39.7977648Z   fetch-tags: false
package	Run actions/checkout@3d3c42e5aac5ba805825da76410c181273ba90b1	2026-09-14T23:41:39.7977856Z   show-progress: true
package	Run actions/checkout@3d3c42e5aac5ba805825da76410c181273ba90b1	2026-09-14T23:41:39.7978073Z   lfs: false
package	Run actions/checkout@3d3c42e5aac5ba805825da76410c181273ba90b1	2026-09-14T23:41:39.7978260Z   submodules: false
package	Run actions/checkout@3d3c42e5aac5ba805825da76410c181273ba90b1	2026-09-14T23:41:39.7978468Z   set-safe-directory: true
package	Run actions/checkout@3d3c42e5aac5ba805825da76410c181273ba90b1	2026-09-14T23:41:39.7978738Z   allow-unsafe-pr-checkout: false
package	Run actions/checkout@3d3c42e5aac5ba805825da76410c181273ba90b1	2026-09-14T23:41:39.7978982Z env:
package	Run actions/checkout@3d3c42e5aac5ba805825da76410c181273ba90b1	2026-09-14T23:41:39.7979478Z   OPF_GOLDEN_BASELINE: /home/runner/work/opf-render/opf-render/opf-render/test/golden/opf-examples-png.furniture.sha256.json
package	Run actions/checkout@3d3c42e5aac5ba805825da76410c181273ba90b1	2026-09-14T23:41:39.7980077Z ##[endgroup]
package	Run actions/checkout@3d3c42e5aac5ba805825da76410c181273ba90b1	2026-09-14T23:41:39.7988678Z ##[command]/usr/bin/docker exec  dee33b14787caba5b5aeaa2760bc2732ee09ba2523b72a0b3567fc63e1c9e4b9 sh -c "cat /etc/*release | grep ^ID"
package	Run actions/checkout@3d3c42e5aac5ba805825da76410c181273ba90b1	2026-09-14T23:41:39.9737621Z Syncing repository: OpenPresentation/opf
package	Run actions/checkout@3d3c42e5aac5ba805825da76410c181273ba90b1	2026-09-14T23:41:39.9741064Z ##[group]Getting Git version info
package	Run actions/checkout@3d3c42e5aac5ba805825da76410c181273ba90b1	2026-09-14T23:41:39.9741895Z Working directory is '/__w/opf-render/opf-render/opf'
package	Run actions/checkout@3d3c42e5aac5ba805825da76410c181273ba90b1	2026-09-14T23:41:39.9781518Z [command]/usr/bin/git version
package	Run actions/checkout@3d3c42e5aac5ba805825da76410c181273ba90b1	2026-09-14T23:41:39.9825414Z git version 2.43.0
package	Run actions/checkout@3d3c42e5aac5ba805825da76410c181273ba90b1	2026-09-14T23:41:39.9850996Z ##[endgroup]
package	Run actions/checkout@3d3c42e5aac5ba805825da76410c181273ba90b1	2026-09-14T23:41:39.9862102Z Temporarily overriding HOME='/__w/_temp/5f3607a5-1fcf-4e7a-aa61-a6ab66ae2a9a' before making global git config changes
package	Run actions/checkout@3d3c42e5aac5ba805825da76410c181273ba90b1	2026-09-14T23:41:39.9863842Z Adding repository directory to the temporary git global config as a safe directory
package	Run actions/checkout@3d3c42e5aac5ba805825da76410c181273ba90b1	2026-09-14T23:41:39.9866975Z [command]/usr/bin/git config --global --add safe.directory /__w/opf-render/opf-render/opf
package	Run actions/checkout@3d3c42e5aac5ba805825da76410c181273ba90b1	2026-09-14T23:41:39.9899247Z ##[group]Determining repository object format
package	Run actions/checkout@3d3c42e5aac5ba805825da76410c181273ba90b1	2026-09-14T23:41:39.9900997Z ##[endgroup]
package	Run actions/checkout@3d3c42e5aac5ba805825da76410c181273ba90b1	2026-09-14T23:41:39.9901388Z ##[group]Initializing the repository
package	Run actions/checkout@3d3c42e5aac5ba805825da76410c181273ba90b1	2026-09-14T23:41:39.9905422Z [command]/usr/bin/git init /__w/opf-render/opf-render/opf
package	Run actions/checkout@3d3c42e5aac5ba805825da76410c181273ba90b1	2026-09-14T23:41:39.9946681Z hint: Using 'master' as the name for the initial branch. This default branch name
package	Run actions/checkout@3d3c42e5aac5ba805825da76410c181273ba90b1	2026-09-14T23:41:39.9947825Z hint: is subject to change. To configure the initial branch name to use in all
package	Run actions/checkout@3d3c42e5aac5ba805825da76410c181273ba90b1	2026-09-14T23:41:39.9948771Z hint: of your new repositories, which will suppress this warning, call:
package	Run actions/checkout@3d3c42e5aac5ba805825da76410c181273ba90b1	2026-09-14T23:41:39.9949161Z hint: 
package	Run actions/checkout@3d3c42e5aac5ba805825da76410c181273ba90b1	2026-09-14T23:41:39.9949416Z hint: 	git config --global init.defaultBranch <name>
package	Run actions/checkout@3d3c42e5aac5ba805825da76410c181273ba90b1	2026-09-14T23:41:39.9950341Z hint: 
package	Run actions/checkout@3d3c42e5aac5ba805825da76410c181273ba90b1	2026-09-14T23:41:39.9950684Z hint: Names commonly chosen instead of 'master' are 'main', 'trunk' and
package	Run actions/checkout@3d3c42e5aac5ba805825da76410c181273ba90b1	2026-09-14T23:41:39.9951562Z hint: 'development'. The just-created branch can be renamed via this command:
package	Run actions/checkout@3d3c42e5aac5ba805825da76410c181273ba90b1	2026-09-14T23:41:39.9952208Z hint: 
package	Run actions/checkout@3d3c42e5aac5ba805825da76410c181273ba90b1	2026-09-14T23:41:39.9952440Z hint: 	git branch -m <name>
package	Run actions/checkout@3d3c42e5aac5ba805825da76410c181273ba90b1	2026-09-14T23:41:39.9955450Z Initialized empty Git repository in /__w/opf-render/opf-render/opf/.git/
package	Run actions/checkout@3d3c42e5aac5ba805825da76410c181273ba90b1	2026-09-14T23:41:39.9969385Z [command]/usr/bin/git remote add origin https://github.com/OpenPresentation/opf
package	Run actions/checkout@3d3c42e5aac5ba805825da76410c181273ba90b1	2026-09-14T23:41:40.0045106Z ##[endgroup]
package	Run actions/checkout@3d3c42e5aac5ba805825da76410c181273ba90b1	2026-09-14T23:41:40.0045933Z ##[group]Disabling automatic garbage collection
package	Run actions/checkout@3d3c42e5aac5ba805825da76410c181273ba90b1	2026-09-14T23:41:40.0048260Z [command]/usr/bin/git config --local gc.auto 0
package	Run actions/checkout@3d3c42e5aac5ba805825da76410c181273ba90b1	2026-09-14T23:41:40.0088125Z ##[endgroup]
package	Run actions/checkout@3d3c42e5aac5ba805825da76410c181273ba90b1	2026-09-14T23:41:40.0088770Z ##[group]Setting up auth
package	Run actions/checkout@3d3c42e5aac5ba805825da76410c181273ba90b1	2026-09-14T23:41:40.0089238Z Removing SSH command configuration
package	Run actions/checkout@3d3c42e5aac5ba805825da76410c181273ba90b1	2026-09-14T23:41:40.0090423Z [command]/usr/bin/git config --local --name-only --get-regexp core\.sshCommand
package	Run actions/checkout@3d3c42e5aac5ba805825da76410c181273ba90b1	2026-09-14T23:41:40.0124841Z [command]/usr/bin/git submodule foreach --recursive sh -c "git config --local --name-only --get-regexp 'core\.sshCommand' && git config --local --unset-all 'core.sshCommand' || :"
package	Run actions/checkout@3d3c42e5aac5ba805825da76410c181273ba90b1	2026-09-14T23:41:40.0407445Z Removing HTTP extra header
package	Run actions/checkout@3d3c42e5aac5ba805825da76410c181273ba90b1	2026-09-14T23:41:40.0408729Z [command]/usr/bin/git config --local --name-only --get-regexp http\.https\:\/\/github\.com\/\.extraheader
package	Run actions/checkout@3d3c42e5aac5ba805825da76410c181273ba90b1	2026-09-14T23:41:40.0431633Z [command]/usr/bin/git submodule foreach --recursive sh -c "git config --local --name-only --get-regexp 'http\.https\:\/\/github\.com\/\.extraheader' && git config --local --unset-all 'http.https://github.com/.extraheader' || :"
package	Run actions/checkout@3d3c42e5aac5ba805825da76410c181273ba90b1	2026-09-14T23:41:40.0703516Z Removing includeIf entries pointing to credentials config files
package	Run actions/checkout@3d3c42e5aac5ba805825da76410c181273ba90b1	2026-09-14T23:41:40.0710822Z [command]/usr/bin/git config --local --name-only --get-regexp ^includeIf\.gitdir:
package	Run actions/checkout@3d3c42e5aac5ba805825da76410c181273ba90b1	2026-09-14T23:41:40.0751237Z [command]/usr/bin/git submodule foreach --recursive git config --local --show-origin --name-only --get-regexp remote.origin.url
package	Run actions/checkout@3d3c42e5aac5ba805825da76410c181273ba90b1	2026-09-14T23:41:40.1006028Z [command]/usr/bin/git config --file /__w/_temp/git-credentials-c8036d4c-b1de-4df7-8ca3-1a936e723d10.config http.https://github.com/.extraheader AUTHORIZATION: basic ***
package	Run actions/checkout@3d3c42e5aac5ba805825da76410c181273ba90b1	2026-09-14T23:41:40.1054967Z [command]/usr/bin/git config --local includeIf.gitdir:/__w/opf-render/opf-render/opf/.git.path /__w/_temp/git-credentials-c8036d4c-b1de-4df7-8ca3-1a936e723d10.config
package	Run actions/checkout@3d3c42e5aac5ba805825da76410c181273ba90b1	2026-09-14T23:41:40.1089972Z [command]/usr/bin/git config --local includeIf.gitdir:/__w/opf-render/opf-render/opf/.git/worktrees/*.path /__w/_temp/git-credentials-c8036d4c-b1de-4df7-8ca3-1a936e723d10.config
package	Run actions/checkout@3d3c42e5aac5ba805825da76410c181273ba90b1	2026-09-14T23:41:40.1123949Z [command]/usr/bin/git config --local includeIf.gitdir:/github/workspace/opf/.git.path /github/runner_temp/git-credentials-c8036d4c-b1de-4df7-8ca3-1a936e723d10.config
package	Run actions/checkout@3d3c42e5aac5ba805825da76410c181273ba90b1	2026-09-14T23:41:40.1160769Z [command]/usr/bin/git config --local includeIf.gitdir:/github/workspace/opf/.git/worktrees/*.path /github/runner_temp/git-credentials-c8036d4c-b1de-4df7-8ca3-1a936e723d10.config
package	Run actions/checkout@3d3c42e5aac5ba805825da76410c181273ba90b1	2026-09-14T23:41:40.1192202Z ##[endgroup]
package	Run actions/checkout@3d3c42e5aac5ba805825da76410c181273ba90b1	2026-09-14T23:41:40.1192602Z ##[group]Fetching the repository
package	Run actions/checkout@3d3c42e5aac5ba805825da76410c181273ba90b1	2026-09-14T23:41:40.1200063Z [command]/usr/bin/git -c protocol.version=2 fetch --no-tags --prune --no-recurse-submodules origin +refs/heads/*:refs/remotes/origin/* +refs/tags/*:refs/tags/*
package	Run actions/checkout@3d3c42e5aac5ba805825da76410c181273ba90b1	2026-09-14T23:41:42.0068462Z From https://github.com/OpenPresentation/opf
package	Run actions/checkout@3d3c42e5aac5ba805825da76410c181273ba90b1	2026-09-14T23:41:42.0069926Z  * [new branch]      claude/pen-dev-format-analysis-24vs61 -> origin/claude/pen-dev-format-analysis-24vs61
package	Run actions/checkout@3d3c42e5aac5ba805825da76410c181273ba90b1	2026-09-14T23:41:42.0071418Z  * [new branch]      codex/ecosystem-branch-audit-20260910 -> origin/codex/ecosystem-branch-audit-20260910
package	Run actions/checkout@3d3c42e5aac5ba805825da76410c181273ba90b1	2026-09-14T23:41:42.0073798Z  * [new branch]      codex/shared-furniture-20260910 -> origin/codex/shared-furniture-20260910
package	Run actions/checkout@3d3c42e5aac5ba805825da76410c181273ba90b1	2026-09-14T23:41:42.0075145Z  * [new branch]      codex/shared-furniture-20260914 -> origin/codex/shared-furniture-20260914
package	Run actions/checkout@3d3c42e5aac5ba805825da76410c181273ba90b1	2026-09-14T23:41:42.0078304Z  * [new branch]      dependabot/npm_and_yarn/npm-minor-patch-7a0c24a58d -> origin/dependabot/npm_and_yarn/npm-minor-patch-7a0c24a58d
package	Run actions/checkout@3d3c42e5aac5ba805825da76410c181273ba90b1	2026-09-14T23:41:42.0079409Z  * [new branch]      main       -> origin/main
package	Run actions/checkout@3d3c42e5aac5ba805825da76410c181273ba90b1	2026-09-14T23:41:42.0081154Z  * [new tag]         cli-v0.1.1 -> cli-v0.1.1
package	Run actions/checkout@3d3c42e5aac5ba805825da76410c181273ba90b1	2026-09-14T23:41:42.0084487Z  * [new tag]         cli-v0.2.0 -> cli-v0.2.0
package	Run actions/checkout@3d3c42e5aac5ba805825da76410c181273ba90b1	2026-09-14T23:41:42.0088267Z  * [new tag]         cli-v0.3.0 -> cli-v0.3.0
package	Run actions/checkout@3d3c42e5aac5ba805825da76410c181273ba90b1	2026-09-14T23:41:42.0099227Z  * [new tag]         cli-v0.4.0 -> cli-v0.4.0
package	Run actions/checkout@3d3c42e5aac5ba805825da76410c181273ba90b1	2026-09-14T23:41:42.0100594Z  * [new tag]         cli-v0.5.0 -> cli-v0.5.0
package	Run actions/checkout@3d3c42e5aac5ba805825da76410c181273ba90b1	2026-09-14T23:41:42.0101071Z  * [new tag]         cli-v0.6.0 -> cli-v0.6.0
package	Run actions/checkout@3d3c42e5aac5ba805825da76410c181273ba90b1	2026-09-14T23:41:42.0101669Z  * [new tag]         cli-v0.7.0 -> cli-v0.7.0
package	Run actions/checkout@3d3c42e5aac5ba805825da76410c181273ba90b1	2026-09-14T23:41:42.0102092Z  * [new tag]         go/v0.1.0  -> go/v0.1.0
package	Run actions/checkout@3d3c42e5aac5ba805825da76410c181273ba90b1	2026-09-14T23:41:42.0102527Z  * [new tag]         js/v0.2.1  -> js/v0.2.1
package	Run actions/checkout@3d3c42e5aac5ba805825da76410c181273ba90b1	2026-09-14T23:41:42.0108790Z  * [new tag]         opf-v0.2.2 -> opf-v0.2.2
package	Run actions/checkout@3d3c42e5aac5ba805825da76410c181273ba90b1	2026-09-14T23:41:42.0109490Z  * [new tag]         opf-v0.3.0 -> opf-v0.3.0
package	Run actions/checkout@3d3c42e5aac5ba805825da76410c181273ba90b1	2026-09-14T23:41:42.0109813Z  * [new tag]         opf-v0.4.0 -> opf-v0.4.0
package	Run actions/checkout@3d3c42e5aac5ba805825da76410c181273ba90b1	2026-09-14T23:41:42.0110111Z  * [new tag]         opf-v0.4.1 -> opf-v0.4.1
package	Run actions/checkout@3d3c42e5aac5ba805825da76410c181273ba90b1	2026-09-14T23:41:42.0110398Z  * [new tag]         opf-v0.5.0 -> opf-v0.5.0
package	Run actions/checkout@3d3c42e5aac5ba805825da76410c181273ba90b1	2026-09-14T23:41:42.0110678Z  * [new tag]         opf-v0.6.0 -> opf-v0.6.0
package	Run actions/checkout@3d3c42e5aac5ba805825da76410c181273ba90b1	2026-09-14T23:41:42.0114993Z  * [new tag]         opf-v0.7.0 -> opf-v0.7.0
package	Run actions/checkout@3d3c42e5aac5ba805825da76410c181273ba90b1	2026-09-14T23:41:42.0115831Z  * [new tag]         opf-v0.8.0 -> opf-v0.8.0
package	Run actions/checkout@3d3c42e5aac5ba805825da76410c181273ba90b1	2026-09-14T23:41:42.0116994Z  * [new tag]         opf-v0.9.0 -> opf-v0.9.0
package	Run actions/checkout@3d3c42e5aac5ba805825da76410c181273ba90b1	2026-09-14T23:41:42.0147625Z [command]/usr/bin/git rev-parse --verify --quiet 8a322c13884f2f1634fd3a207d1e0a662e3ad460^{object}
package	Run actions/checkout@3d3c42e5aac5ba805825da76410c181273ba90b1	2026-09-14T23:41:42.0176333Z 8a322c13884f2f1634fd3a207d1e0a662e3ad460
package	Run actions/checkout@3d3c42e5aac5ba805825da76410c181273ba90b1	2026-09-14T23:41:42.0182067Z ##[endgroup]
package	Run actions/checkout@3d3c42e5aac5ba805825da76410c181273ba90b1	2026-09-14T23:41:42.0182778Z ##[group]Determining the checkout info
package	Run actions/checkout@3d3c42e5aac5ba805825da76410c181273ba90b1	2026-09-14T23:41:42.0186621Z ##[endgroup]
package	Run actions/checkout@3d3c42e5aac5ba805825da76410c181273ba90b1	2026-09-14T23:41:42.0187265Z [command]/usr/bin/git sparse-checkout disable
package	Run actions/checkout@3d3c42e5aac5ba805825da76410c181273ba90b1	2026-09-14T23:41:42.0228975Z [command]/usr/bin/git config --local --unset-all extensions.worktreeConfig
package	Run actions/checkout@3d3c42e5aac5ba805825da76410c181273ba90b1	2026-09-14T23:41:42.0261266Z ##[group]Checking out the ref
package	Run actions/checkout@3d3c42e5aac5ba805825da76410c181273ba90b1	2026-09-14T23:41:42.0264625Z [command]/usr/bin/git checkout --progress --force 8a322c13884f2f1634fd3a207d1e0a662e3ad460
package	Run actions/checkout@3d3c42e5aac5ba805825da76410c181273ba90b1	2026-09-14T23:41:43.0274817Z Note: switching to '8a322c13884f2f1634fd3a207d1e0a662e3ad460'.
package	Run actions/checkout@3d3c42e5aac5ba805825da76410c181273ba90b1	2026-09-14T23:41:43.0275274Z 
package	Run actions/checkout@3d3c42e5aac5ba805825da76410c181273ba90b1	2026-09-14T23:41:43.0275544Z You are in 'detached HEAD' state. You can look around, make experimental
package	Run actions/checkout@3d3c42e5aac5ba805825da76410c181273ba90b1	2026-09-14T23:41:43.0276153Z changes and commit them, and you can discard any commits you make in this
package	Run actions/checkout@3d3c42e5aac5ba805825da76410c181273ba90b1	2026-09-14T23:41:43.0277254Z state without impacting any branches by switching back to a branch.
package	Run actions/checkout@3d3c42e5aac5ba805825da76410c181273ba90b1	2026-09-14T23:41:43.0277792Z 
package	Run actions/checkout@3d3c42e5aac5ba805825da76410c181273ba90b1	2026-09-14T23:41:43.0278029Z If you want to create a new branch to retain commits you create, you may
package	Run actions/checkout@3d3c42e5aac5ba805825da76410c181273ba90b1	2026-09-14T23:41:43.0278594Z do so (now or later) by using -c with the switch command. Example:
package	Run actions/checkout@3d3c42e5aac5ba805825da76410c181273ba90b1	2026-09-14T23:41:43.0278940Z 
package	Run actions/checkout@3d3c42e5aac5ba805825da76410c181273ba90b1	2026-09-14T23:41:43.0279079Z   git switch -c <new-branch-name>
package	Run actions/checkout@3d3c42e5aac5ba805825da76410c181273ba90b1	2026-09-14T23:41:43.0279281Z 
package	Run actions/checkout@3d3c42e5aac5ba805825da76410c181273ba90b1	2026-09-14T23:41:43.0279383Z Or undo this operation with:
package	Run actions/checkout@3d3c42e5aac5ba805825da76410c181273ba90b1	2026-09-14T23:41:43.0279551Z 
package	Run actions/checkout@3d3c42e5aac5ba805825da76410c181273ba90b1	2026-09-14T23:41:43.0279639Z   git switch -
package	Run actions/checkout@3d3c42e5aac5ba805825da76410c181273ba90b1	2026-09-14T23:41:43.0279760Z 
package	Run actions/checkout@3d3c42e5aac5ba805825da76410c181273ba90b1	2026-09-14T23:41:43.0279984Z Turn off this advice by setting config variable advice.detachedHead to false
package	Run actions/checkout@3d3c42e5aac5ba805825da76410c181273ba90b1	2026-09-14T23:41:43.0280314Z 
package	Run actions/checkout@3d3c42e5aac5ba805825da76410c181273ba90b1	2026-09-14T23:41:43.0280558Z HEAD is now at 8a322c1 Reserve shared furniture clearance for actual browser paint
package	Run actions/checkout@3d3c42e5aac5ba805825da76410c181273ba90b1	2026-09-14T23:41:43.0319250Z ##[endgroup]
package	Run actions/checkout@3d3c42e5aac5ba805825da76410c181273ba90b1	2026-09-14T23:41:43.0363078Z [command]/usr/bin/git log -1 --format=%H
package	Run actions/checkout@3d3c42e5aac5ba805825da76410c181273ba90b1	2026-09-14T23:41:43.0392032Z 8a322c13884f2f1634fd3a207d1e0a662e3ad460
package	Run actions/checkout@3d3c42e5aac5ba805825da76410c181273ba90b1	2026-09-14T23:41:43.0402214Z ##[group]Removing auth
package	Run actions/checkout@3d3c42e5aac5ba805825da76410c181273ba90b1	2026-09-14T23:41:43.0402643Z Removing SSH command configuration
package	Run actions/checkout@3d3c42e5aac5ba805825da76410c181273ba90b1	2026-09-14T23:41:43.0405603Z [command]/usr/bin/git config --local --name-only --get-regexp core\.sshCommand
package	Run actions/checkout@3d3c42e5aac5ba805825da76410c181273ba90b1	2026-09-14T23:41:43.0440857Z [command]/usr/bin/git submodule foreach --recursive sh -c "git config --local --name-only --get-regexp 'core\.sshCommand' && git config --local --unset-all 'core.sshCommand' || :"
package	Run actions/checkout@3d3c42e5aac5ba805825da76410c181273ba90b1	2026-09-14T23:41:43.0709105Z Removing HTTP extra header
package	Run actions/checkout@3d3c42e5aac5ba805825da76410c181273ba90b1	2026-09-14T23:41:43.0713031Z [command]/usr/bin/git config --local --name-only --get-regexp http\.https\:\/\/github\.com\/\.extraheader
package	Run actions/checkout@3d3c42e5aac5ba805825da76410c181273ba90b1	2026-09-14T23:41:43.0750253Z [command]/usr/bin/git submodule foreach --recursive sh -c "git config --local --name-only --get-regexp 'http\.https\:\/\/github\.com\/\.extraheader' && git config --local --unset-all 'http.https://github.com/.extraheader' || :"
package	Run actions/checkout@3d3c42e5aac5ba805825da76410c181273ba90b1	2026-09-14T23:41:43.1011575Z Removing includeIf entries pointing to credentials config files
package	Run actions/checkout@3d3c42e5aac5ba805825da76410c181273ba90b1	2026-09-14T23:41:43.1015242Z [command]/usr/bin/git config --local --name-only --get-regexp ^includeIf\.gitdir:
package	Run actions/checkout@3d3c42e5aac5ba805825da76410c181273ba90b1	2026-09-14T23:41:43.1042752Z includeif.gitdir:/__w/opf-render/opf-render/opf/.git.path
package	Run actions/checkout@3d3c42e5aac5ba805825da76410c181273ba90b1	2026-09-14T23:41:43.1043300Z includeif.gitdir:/__w/opf-render/opf-render/opf/.git/worktrees/*.path
package	Run actions/checkout@3d3c42e5aac5ba805825da76410c181273ba90b1	2026-09-14T23:41:43.1043996Z includeif.gitdir:/github/workspace/opf/.git.path
package	Run actions/checkout@3d3c42e5aac5ba805825da76410c181273ba90b1	2026-09-14T23:41:43.1044751Z includeif.gitdir:/github/workspace/opf/.git/worktrees/*.path
package	Run actions/checkout@3d3c42e5aac5ba805825da76410c181273ba90b1	2026-09-14T23:41:43.1056435Z [command]/usr/bin/git config --local --get-all includeif.gitdir:/__w/opf-render/opf-render/opf/.git.path
package	Run actions/checkout@3d3c42e5aac5ba805825da76410c181273ba90b1	2026-09-14T23:41:43.1082401Z /__w/_temp/git-credentials-c8036d4c-b1de-4df7-8ca3-1a936e723d10.config
package	Run actions/checkout@3d3c42e5aac5ba805825da76410c181273ba90b1	2026-09-14T23:41:43.1092224Z [command]/usr/bin/git config --local --unset includeif.gitdir:/__w/opf-render/opf-render/opf/.git.path \/__w\/_temp\/git\-credentials\-c8036d4c\-b1de\-4df7\-8ca3\-1a936e723d10\.config
package	Run actions/checkout@3d3c42e5aac5ba805825da76410c181273ba90b1	2026-09-14T23:41:43.1127349Z [command]/usr/bin/git config --local --get-all includeif.gitdir:/__w/opf-render/opf-render/opf/.git/worktrees/*.path
package	Run actions/checkout@3d3c42e5aac5ba805825da76410c181273ba90b1	2026-09-14T23:41:43.1153965Z /__w/_temp/git-credentials-c8036d4c-b1de-4df7-8ca3-1a936e723d10.config
package	Run actions/checkout@3d3c42e5aac5ba805825da76410c181273ba90b1	2026-09-14T23:41:43.1163888Z [command]/usr/bin/git config --local --unset includeif.gitdir:/__w/opf-render/opf-render/opf/.git/worktrees/*.path \/__w\/_temp\/git\-credentials\-c8036d4c\-b1de\-4df7\-8ca3\-1a936e723d10\.config
package	Run actions/checkout@3d3c42e5aac5ba805825da76410c181273ba90b1	2026-09-14T23:41:43.1198779Z [command]/usr/bin/git config --local --get-all includeif.gitdir:/github/workspace/opf/.git.path
package	Run actions/checkout@3d3c42e5aac5ba805825da76410c181273ba90b1	2026-09-14T23:41:43.1225613Z /github/runner_temp/git-credentials-c8036d4c-b1de-4df7-8ca3-1a936e723d10.config
package	Run actions/checkout@3d3c42e5aac5ba805825da76410c181273ba90b1	2026-09-14T23:41:43.1238154Z [command]/usr/bin/git config --local --unset includeif.gitdir:/github/workspace/opf/.git.path \/github\/runner_temp\/git\-credentials\-c8036d4c\-b1de\-4df7\-8ca3\-1a936e723d10\.config
package	Run actions/checkout@3d3c42e5aac5ba805825da76410c181273ba90b1	2026-09-14T23:41:43.1275945Z [command]/usr/bin/git config --local --get-all includeif.gitdir:/github/workspace/opf/.git/worktrees/*.path
package	Run actions/checkout@3d3c42e5aac5ba805825da76410c181273ba90b1	2026-09-14T23:41:43.1303041Z /github/runner_temp/git-credentials-c8036d4c-b1de-4df7-8ca3-1a936e723d10.config
package	Run actions/checkout@3d3c42e5aac5ba805825da76410c181273ba90b1	2026-09-14T23:41:43.1309906Z [command]/usr/bin/git config --local --unset includeif.gitdir:/github/workspace/opf/.git/worktrees/*.path \/github\/runner_temp\/git\-credentials\-c8036d4c\-b1de\-4df7\-8ca3\-1a936e723d10\.config
package	Run actions/checkout@3d3c42e5aac5ba805825da76410c181273ba90b1	2026-09-14T23:41:43.1345137Z [command]/usr/bin/git submodule foreach --recursive git config --local --show-origin --name-only --get-regexp remote.origin.url
package	Run actions/checkout@3d3c42e5aac5ba805825da76410c181273ba90b1	2026-09-14T23:41:43.1599032Z Removing credentials config '/__w/_temp/git-credentials-c8036d4c-b1de-4df7-8ca3-1a936e723d10.config'
package	Run actions/checkout@3d3c42e5aac5ba805825da76410c181273ba90b1	2026-09-14T23:41:43.1610137Z ##[endgroup]
package	Run actions/checkout@3d3c42e5aac5ba805825da76410c181273ba90b1	﻿2026-09-14T23:41:43.1786308Z ##[group]Run actions/checkout@3d3c42e5aac5ba805825da76410c181273ba90b1
package	Run actions/checkout@3d3c42e5aac5ba805825da76410c181273ba90b1	2026-09-14T23:41:43.1787028Z with:
package	Run actions/checkout@3d3c42e5aac5ba805825da76410c181273ba90b1	2026-09-14T23:41:43.1787255Z   repository: OpenPresentation/opf-pptx
package	Run actions/checkout@3d3c42e5aac5ba805825da76410c181273ba90b1	2026-09-14T23:41:43.1787581Z   ref: ca4e13574400f059246dc67e8abf6591dcd663da
package	Run actions/checkout@3d3c42e5aac5ba805825da76410c181273ba90b1	2026-09-14T23:41:43.1787870Z   path: opf-pptx
package	Run actions/checkout@3d3c42e5aac5ba805825da76410c181273ba90b1	2026-09-14T23:41:43.1788072Z   fetch-depth: 0
package	Run actions/checkout@3d3c42e5aac5ba805825da76410c181273ba90b1	2026-09-14T23:41:43.1788284Z   persist-credentials: false
package	Run actions/checkout@3d3c42e5aac5ba805825da76410c181273ba90b1	2026-09-14T23:41:43.1791201Z   token: ***
package	Run actions/checkout@3d3c42e5aac5ba805825da76410c181273ba90b1	2026-09-14T23:41:43.1791401Z   ssh-strict: true
package	Run actions/checkout@3d3c42e5aac5ba805825da76410c181273ba90b1	2026-09-14T23:41:43.1791600Z   ssh-user: git
package	Run actions/checkout@3d3c42e5aac5ba805825da76410c181273ba90b1	2026-09-14T23:41:43.1791787Z   clean: true
package	Run actions/checkout@3d3c42e5aac5ba805825da76410c181273ba90b1	2026-09-14T23:41:43.1792000Z   sparse-checkout-cone-mode: true
package	Run actions/checkout@3d3c42e5aac5ba805825da76410c181273ba90b1	2026-09-14T23:41:43.1792252Z   fetch-tags: false
package	Run actions/checkout@3d3c42e5aac5ba805825da76410c181273ba90b1	2026-09-14T23:41:43.1792458Z   show-progress: true
package	Run actions/checkout@3d3c42e5aac5ba805825da76410c181273ba90b1	2026-09-14T23:41:43.1792664Z   lfs: false
package	Run actions/checkout@3d3c42e5aac5ba805825da76410c181273ba90b1	2026-09-14T23:41:43.1792849Z   submodules: false
package	Run actions/checkout@3d3c42e5aac5ba805825da76410c181273ba90b1	2026-09-14T23:41:43.1793056Z   set-safe-directory: true
package	Run actions/checkout@3d3c42e5aac5ba805825da76410c181273ba90b1	2026-09-14T23:41:43.1793302Z   allow-unsafe-pr-checkout: false
package	Run actions/checkout@3d3c42e5aac5ba805825da76410c181273ba90b1	2026-09-14T23:41:43.1793546Z env:
package	Run actions/checkout@3d3c42e5aac5ba805825da76410c181273ba90b1	2026-09-14T23:41:43.1794035Z   OPF_GOLDEN_BASELINE: /home/runner/work/opf-render/opf-render/opf-render/test/golden/opf-examples-png.furniture.sha256.json
package	Run actions/checkout@3d3c42e5aac5ba805825da76410c181273ba90b1	2026-09-14T23:41:43.1794633Z ##[endgroup]
package	Run actions/checkout@3d3c42e5aac5ba805825da76410c181273ba90b1	2026-09-14T23:41:43.1802942Z ##[command]/usr/bin/docker exec  dee33b14787caba5b5aeaa2760bc2732ee09ba2523b72a0b3567fc63e1c9e4b9 sh -c "cat /etc/*release | grep ^ID"
package	Run actions/checkout@3d3c42e5aac5ba805825da76410c181273ba90b1	2026-09-14T23:41:43.3527035Z Syncing repository: OpenPresentation/opf-pptx
package	Run actions/checkout@3d3c42e5aac5ba805825da76410c181273ba90b1	2026-09-14T23:41:43.3534091Z ##[group]Getting Git version info
package	Run actions/checkout@3d3c42e5aac5ba805825da76410c181273ba90b1	2026-09-14T23:41:43.3535169Z Working directory is '/__w/opf-render/opf-render/opf-pptx'
package	Run actions/checkout@3d3c42e5aac5ba805825da76410c181273ba90b1	2026-09-14T23:41:43.3574984Z [command]/usr/bin/git version
package	Run actions/checkout@3d3c42e5aac5ba805825da76410c181273ba90b1	2026-09-14T23:41:43.3617777Z git version 2.43.0
package	Run actions/checkout@3d3c42e5aac5ba805825da76410c181273ba90b1	2026-09-14T23:41:43.3642106Z ##[endgroup]
package	Run actions/checkout@3d3c42e5aac5ba805825da76410c181273ba90b1	2026-09-14T23:41:43.3653316Z Temporarily overriding HOME='/__w/_temp/282b9749-dc23-448b-a41f-9295f84d353b' before making global git config changes
package	Run actions/checkout@3d3c42e5aac5ba805825da76410c181273ba90b1	2026-09-14T23:41:43.3654669Z Adding repository directory to the temporary git global config as a safe directory
package	Run actions/checkout@3d3c42e5aac5ba805825da76410c181273ba90b1	2026-09-14T23:41:43.3658742Z [command]/usr/bin/git config --global --add safe.directory /__w/opf-render/opf-render/opf-pptx
package	Run actions/checkout@3d3c42e5aac5ba805825da76410c181273ba90b1	2026-09-14T23:41:43.3689526Z ##[group]Determining repository object format
package	Run actions/checkout@3d3c42e5aac5ba805825da76410c181273ba90b1	2026-09-14T23:41:43.3691836Z ##[endgroup]
package	Run actions/checkout@3d3c42e5aac5ba805825da76410c181273ba90b1	2026-09-14T23:41:43.3692787Z ##[group]Initializing the repository
package	Run actions/checkout@3d3c42e5aac5ba805825da76410c181273ba90b1	2026-09-14T23:41:43.3696239Z [command]/usr/bin/git init /__w/opf-render/opf-render/opf-pptx
package	Run actions/checkout@3d3c42e5aac5ba805825da76410c181273ba90b1	2026-09-14T23:41:43.3734620Z hint: Using 'master' as the name for the initial branch. This default branch name
package	Run actions/checkout@3d3c42e5aac5ba805825da76410c181273ba90b1	2026-09-14T23:41:43.3743299Z hint: is subject to change. To configure the initial branch name to use in all
package	Run actions/checkout@3d3c42e5aac5ba805825da76410c181273ba90b1	2026-09-14T23:41:43.3748672Z hint: of your new repositories, which will suppress this warning, call:
package	Run actions/checkout@3d3c42e5aac5ba805825da76410c181273ba90b1	2026-09-14T23:41:43.3749647Z hint: 
package	Run actions/checkout@3d3c42e5aac5ba805825da76410c181273ba90b1	2026-09-14T23:41:43.3750548Z hint: 	git config --global init.defaultBranch <name>
package	Run actions/checkout@3d3c42e5aac5ba805825da76410c181273ba90b1	2026-09-14T23:41:43.3751385Z hint: 
package	Run actions/checkout@3d3c42e5aac5ba805825da76410c181273ba90b1	2026-09-14T23:41:43.3752130Z hint: Names commonly chosen instead of 'master' are 'main', 'trunk' and
package	Run actions/checkout@3d3c42e5aac5ba805825da76410c181273ba90b1	2026-09-14T23:41:43.3753330Z hint: 'development'. The just-created branch can be renamed via this command:
package	Run actions/checkout@3d3c42e5aac5ba805825da76410c181273ba90b1	2026-09-14T23:41:43.3754308Z hint: 
package	Run actions/checkout@3d3c42e5aac5ba805825da76410c181273ba90b1	2026-09-14T23:41:43.3754831Z hint: 	git branch -m <name>
package	Run actions/checkout@3d3c42e5aac5ba805825da76410c181273ba90b1	2026-09-14T23:41:43.3755430Z Initialized empty Git repository in /__w/opf-render/opf-render/opf-pptx/.git/
package	Run actions/checkout@3d3c42e5aac5ba805825da76410c181273ba90b1	2026-09-14T23:41:43.3772779Z [command]/usr/bin/git remote add origin https://github.com/OpenPresentation/opf-pptx
package	Run actions/checkout@3d3c42e5aac5ba805825da76410c181273ba90b1	2026-09-14T23:41:43.3821932Z ##[endgroup]
package	Run actions/checkout@3d3c42e5aac5ba805825da76410c181273ba90b1	2026-09-14T23:41:43.3822997Z ##[group]Disabling automatic garbage collection
package	Run actions/checkout@3d3c42e5aac5ba805825da76410c181273ba90b1	2026-09-14T23:41:43.3830733Z [command]/usr/bin/git config --local gc.auto 0
package	Run actions/checkout@3d3c42e5aac5ba805825da76410c181273ba90b1	2026-09-14T23:41:43.3875691Z ##[endgroup]
package	Run actions/checkout@3d3c42e5aac5ba805825da76410c181273ba90b1	2026-09-14T23:41:43.3876806Z ##[group]Setting up auth
package	Run actions/checkout@3d3c42e5aac5ba805825da76410c181273ba90b1	2026-09-14T23:41:43.3877476Z Removing SSH command configuration
package	Run actions/checkout@3d3c42e5aac5ba805825da76410c181273ba90b1	2026-09-14T23:41:43.3886353Z [command]/usr/bin/git config --local --name-only --get-regexp core\.sshCommand
package	Run actions/checkout@3d3c42e5aac5ba805825da76410c181273ba90b1	2026-09-14T23:41:43.3918425Z [command]/usr/bin/git submodule foreach --recursive sh -c "git config --local --name-only --get-regexp 'core\.sshCommand' && git config --local --unset-all 'core.sshCommand' || :"
package	Run actions/checkout@3d3c42e5aac5ba805825da76410c181273ba90b1	2026-09-14T23:41:43.4261810Z Removing HTTP extra header
package	Run actions/checkout@3d3c42e5aac5ba805825da76410c181273ba90b1	2026-09-14T23:41:43.4272415Z [command]/usr/bin/git config --local --name-only --get-regexp http\.https\:\/\/github\.com\/\.extraheader
package	Run actions/checkout@3d3c42e5aac5ba805825da76410c181273ba90b1	2026-09-14T23:41:43.4306559Z [command]/usr/bin/git submodule foreach --recursive sh -c "git config --local --name-only --get-regexp 'http\.https\:\/\/github\.com\/\.extraheader' && git config --local --unset-all 'http.https://github.com/.extraheader' || :"
package	Run actions/checkout@3d3c42e5aac5ba805825da76410c181273ba90b1	2026-09-14T23:41:43.4575667Z Removing includeIf entries pointing to credentials config files
package	Run actions/checkout@3d3c42e5aac5ba805825da76410c181273ba90b1	2026-09-14T23:41:43.4581517Z [command]/usr/bin/git config --local --name-only --get-regexp ^includeIf\.gitdir:
package	Run actions/checkout@3d3c42e5aac5ba805825da76410c181273ba90b1	2026-09-14T23:41:43.4619368Z [command]/usr/bin/git submodule foreach --recursive git config --local --show-origin --name-only --get-regexp remote.origin.url
package	Run actions/checkout@3d3c42e5aac5ba805825da76410c181273ba90b1	2026-09-14T23:41:43.4870779Z [command]/usr/bin/git config --file /__w/_temp/git-credentials-449cd0a5-ecdf-4921-b82c-52ec4a24c3a1.config http.https://github.com/.extraheader AUTHORIZATION: basic ***
package	Run actions/checkout@3d3c42e5aac5ba805825da76410c181273ba90b1	2026-09-14T23:41:43.4918391Z [command]/usr/bin/git config --local includeIf.gitdir:/__w/opf-render/opf-render/opf-pptx/.git.path /__w/_temp/git-credentials-449cd0a5-ecdf-4921-b82c-52ec4a24c3a1.config
package	Run actions/checkout@3d3c42e5aac5ba805825da76410c181273ba90b1	2026-09-14T23:41:43.4952266Z [command]/usr/bin/git config --local includeIf.gitdir:/__w/opf-render/opf-render/opf-pptx/.git/worktrees/*.path /__w/_temp/git-credentials-449cd0a5-ecdf-4921-b82c-52ec4a24c3a1.config
package	Run actions/checkout@3d3c42e5aac5ba805825da76410c181273ba90b1	2026-09-14T23:41:43.4986299Z [command]/usr/bin/git config --local includeIf.gitdir:/github/workspace/opf-pptx/.git.path /github/runner_temp/git-credentials-449cd0a5-ecdf-4921-b82c-52ec4a24c3a1.config
package	Run actions/checkout@3d3c42e5aac5ba805825da76410c181273ba90b1	2026-09-14T23:41:43.5021338Z [command]/usr/bin/git config --local includeIf.gitdir:/github/workspace/opf-pptx/.git/worktrees/*.path /github/runner_temp/git-credentials-449cd0a5-ecdf-4921-b82c-52ec4a24c3a1.config
package	Run actions/checkout@3d3c42e5aac5ba805825da76410c181273ba90b1	2026-09-14T23:41:43.5051241Z ##[endgroup]
package	Run actions/checkout@3d3c42e5aac5ba805825da76410c181273ba90b1	2026-09-14T23:41:43.5051630Z ##[group]Fetching the repository
package	Run actions/checkout@3d3c42e5aac5ba805825da76410c181273ba90b1	2026-09-14T23:41:43.5058662Z [command]/usr/bin/git -c protocol.version=2 fetch --no-tags --prune --no-recurse-submodules origin +refs/heads/*:refs/remotes/origin/* +refs/tags/*:refs/tags/*
package	Run actions/checkout@3d3c42e5aac5ba805825da76410c181273ba90b1	2026-09-14T23:41:44.1345536Z From https://github.com/OpenPresentation/opf-pptx
package	Run actions/checkout@3d3c42e5aac5ba805825da76410c181273ba90b1	2026-09-14T23:41:44.1347254Z  * [new branch]      codex/shared-furniture-20260910 -> origin/codex/shared-furniture-20260910
package	Run actions/checkout@3d3c42e5aac5ba805825da76410c181273ba90b1	2026-09-14T23:41:44.1348731Z  * [new branch]      codex/shared-furniture-20260914 -> origin/codex/shared-furniture-20260914
package	Run actions/checkout@3d3c42e5aac5ba805825da76410c181273ba90b1	2026-09-14T23:41:44.1350186Z  * [new branch]      dependabot/npm_and_yarn/npm-minor-patch-eeaca2aeb5 -> origin/dependabot/npm_and_yarn/npm-minor-patch-eeaca2aeb5
package	Run actions/checkout@3d3c42e5aac5ba805825da76410c181273ba90b1	2026-09-14T23:41:44.1351855Z  * [new branch]      main            -> origin/main
package	Run actions/checkout@3d3c42e5aac5ba805825da76410c181273ba90b1	2026-09-14T23:41:44.1357922Z  * [new tag]         opf-pptx-v0.1.0 -> opf-pptx-v0.1.0
package	Run actions/checkout@3d3c42e5aac5ba805825da76410c181273ba90b1	2026-09-14T23:41:44.1358840Z  * [new tag]         opf-pptx-v0.2.0 -> opf-pptx-v0.2.0
package	Run actions/checkout@3d3c42e5aac5ba805825da76410c181273ba90b1	2026-09-14T23:41:44.1359457Z  * [new tag]         opf-pptx-v0.2.1 -> opf-pptx-v0.2.1
package	Run actions/checkout@3d3c42e5aac5ba805825da76410c181273ba90b1	2026-09-14T23:41:44.1360103Z  * [new tag]         opf-pptx-v0.3.0 -> opf-pptx-v0.3.0
package	Run actions/checkout@3d3c42e5aac5ba805825da76410c181273ba90b1	2026-09-14T23:41:44.1369045Z  * [new tag]         opf-pptx-v0.4.0 -> opf-pptx-v0.4.0
package	Run actions/checkout@3d3c42e5aac5ba805825da76410c181273ba90b1	2026-09-14T23:41:44.1370348Z  * [new tag]         opf-pptx-v0.5.0 -> opf-pptx-v0.5.0
package	Run actions/checkout@3d3c42e5aac5ba805825da76410c181273ba90b1	2026-09-14T23:41:44.1371354Z  * [new tag]         opf-pptx-v0.5.1 -> opf-pptx-v0.5.1
package	Run actions/checkout@3d3c42e5aac5ba805825da76410c181273ba90b1	2026-09-14T23:41:44.1372291Z  * [new tag]         opf-pptx-v0.5.2 -> opf-pptx-v0.5.2
package	Run actions/checkout@3d3c42e5aac5ba805825da76410c181273ba90b1	2026-09-14T23:41:44.1373170Z  * [new tag]         opf-pptx-v0.6.0 -> opf-pptx-v0.6.0
package	Run actions/checkout@3d3c42e5aac5ba805825da76410c181273ba90b1	2026-09-14T23:41:44.1374092Z  * [new tag]         opf-pptx-v0.7.0 -> opf-pptx-v0.7.0
package	Run actions/checkout@3d3c42e5aac5ba805825da76410c181273ba90b1	2026-09-14T23:41:44.1395997Z [command]/usr/bin/git rev-parse --verify --quiet ca4e13574400f059246dc67e8abf6591dcd663da^{object}
package	Run actions/checkout@3d3c42e5aac5ba805825da76410c181273ba90b1	2026-09-14T23:41:44.1426959Z ca4e13574400f059246dc67e8abf6591dcd663da
package	Run actions/checkout@3d3c42e5aac5ba805825da76410c181273ba90b1	2026-09-14T23:41:44.1432063Z ##[endgroup]
package	Run actions/checkout@3d3c42e5aac5ba805825da76410c181273ba90b1	2026-09-14T23:41:44.1433341Z ##[group]Determining the checkout info
package	Run actions/checkout@3d3c42e5aac5ba805825da76410c181273ba90b1	2026-09-14T23:41:44.1435218Z ##[endgroup]
package	Run actions/checkout@3d3c42e5aac5ba805825da76410c181273ba90b1	2026-09-14T23:41:44.1440447Z [command]/usr/bin/git sparse-checkout disable
package	Run actions/checkout@3d3c42e5aac5ba805825da76410c181273ba90b1	2026-09-14T23:41:44.1485233Z [command]/usr/bin/git config --local --unset-all extensions.worktreeConfig
package	Run actions/checkout@3d3c42e5aac5ba805825da76410c181273ba90b1	2026-09-14T23:41:44.1522828Z ##[group]Checking out the ref
package	Run actions/checkout@3d3c42e5aac5ba805825da76410c181273ba90b1	2026-09-14T23:41:44.1526425Z [command]/usr/bin/git checkout --progress --force ca4e13574400f059246dc67e8abf6591dcd663da
package	Run actions/checkout@3d3c42e5aac5ba805825da76410c181273ba90b1	2026-09-14T23:41:44.1985151Z Note: switching to 'ca4e13574400f059246dc67e8abf6591dcd663da'.
package	Run actions/checkout@3d3c42e5aac5ba805825da76410c181273ba90b1	2026-09-14T23:41:44.1985676Z 
package	Run actions/checkout@3d3c42e5aac5ba805825da76410c181273ba90b1	2026-09-14T23:41:44.1986022Z You are in 'detached HEAD' state. You can look around, make experimental
package	Run actions/checkout@3d3c42e5aac5ba805825da76410c181273ba90b1	2026-09-14T23:41:44.1987078Z changes and commit them, and you can discard any commits you make in this
package	Run actions/checkout@3d3c42e5aac5ba805825da76410c181273ba90b1	2026-09-14T23:41:44.1987910Z state without impacting any branches by switching back to a branch.
package	Run actions/checkout@3d3c42e5aac5ba805825da76410c181273ba90b1	2026-09-14T23:41:44.1988409Z 
package	Run actions/checkout@3d3c42e5aac5ba805825da76410c181273ba90b1	2026-09-14T23:41:44.1988720Z If you want to create a new branch to retain commits you create, you may
package	Run actions/checkout@3d3c42e5aac5ba805825da76410c181273ba90b1	2026-09-14T23:41:44.1989501Z do so (now or later) by using -c with the switch command. Example:
package	Run actions/checkout@3d3c42e5aac5ba805825da76410c181273ba90b1	2026-09-14T23:41:44.1989776Z 
package	Run actions/checkout@3d3c42e5aac5ba805825da76410c181273ba90b1	2026-09-14T23:41:44.1989889Z   git switch -c <new-branch-name>
package	Run actions/checkout@3d3c42e5aac5ba805825da76410c181273ba90b1	2026-09-14T23:41:44.1990067Z 
package	Run actions/checkout@3d3c42e5aac5ba805825da76410c181273ba90b1	2026-09-14T23:41:44.1990169Z Or undo this operation with:
package	Run actions/checkout@3d3c42e5aac5ba805825da76410c181273ba90b1	2026-09-14T23:41:44.1990333Z 
package	Run actions/checkout@3d3c42e5aac5ba805825da76410c181273ba90b1	2026-09-14T23:41:44.1990417Z   git switch -
package	Run actions/checkout@3d3c42e5aac5ba805825da76410c181273ba90b1	2026-09-14T23:41:44.1990553Z 
package	Run actions/checkout@3d3c42e5aac5ba805825da76410c181273ba90b1	2026-09-14T23:41:44.1990766Z Turn off this advice by setting config variable advice.detachedHead to false
package	Run actions/checkout@3d3c42e5aac5ba805825da76410c181273ba90b1	2026-09-14T23:41:44.1991084Z 
package	Run actions/checkout@3d3c42e5aac5ba805825da76410c181273ba90b1	2026-09-14T23:41:44.1991584Z HEAD is now at ca4e135 Preserve current header and footer content through PPTX reimport
package	Run actions/checkout@3d3c42e5aac5ba805825da76410c181273ba90b1	2026-09-14T23:41:44.1995664Z ##[endgroup]
package	Run actions/checkout@3d3c42e5aac5ba805825da76410c181273ba90b1	2026-09-14T23:41:44.2035818Z [command]/usr/bin/git log -1 --format=%H
package	Run actions/checkout@3d3c42e5aac5ba805825da76410c181273ba90b1	2026-09-14T23:41:44.2064907Z ca4e13574400f059246dc67e8abf6591dcd663da
package	Run actions/checkout@3d3c42e5aac5ba805825da76410c181273ba90b1	2026-09-14T23:41:44.2076120Z ##[group]Removing auth
package	Run actions/checkout@3d3c42e5aac5ba805825da76410c181273ba90b1	2026-09-14T23:41:44.2076811Z Removing SSH command configuration
package	Run actions/checkout@3d3c42e5aac5ba805825da76410c181273ba90b1	2026-09-14T23:41:44.2079662Z [command]/usr/bin/git config --local --name-only --get-regexp core\.sshCommand
package	Run actions/checkout@3d3c42e5aac5ba805825da76410c181273ba90b1	2026-09-14T23:41:44.2113773Z [command]/usr/bin/git submodule foreach --recursive sh -c "git config --local --name-only --get-regexp 'core\.sshCommand' && git config --local --unset-all 'core.sshCommand' || :"
package	Run actions/checkout@3d3c42e5aac5ba805825da76410c181273ba90b1	2026-09-14T23:41:44.2362640Z Removing HTTP extra header
package	Run actions/checkout@3d3c42e5aac5ba805825da76410c181273ba90b1	2026-09-14T23:41:44.2367014Z [command]/usr/bin/git config --local --name-only --get-regexp http\.https\:\/\/github\.com\/\.extraheader
package	Run actions/checkout@3d3c42e5aac5ba805825da76410c181273ba90b1	2026-09-14T23:41:44.2406524Z [command]/usr/bin/git submodule foreach --recursive sh -c "git config --local --name-only --get-regexp 'http\.https\:\/\/github\.com\/\.extraheader' && git config --local --unset-all 'http.https://github.com/.extraheader' || :"
package	Run actions/checkout@3d3c42e5aac5ba805825da76410c181273ba90b1	2026-09-14T23:41:44.2649603Z Removing includeIf entries pointing to credentials config files
package	Run actions/checkout@3d3c42e5aac5ba805825da76410c181273ba90b1	2026-09-14T23:41:44.2653109Z [command]/usr/bin/git config --local --name-only --get-regexp ^includeIf\.gitdir:
package	Run actions/checkout@3d3c42e5aac5ba805825da76410c181273ba90b1	2026-09-14T23:41:44.2679896Z includeif.gitdir:/__w/opf-render/opf-render/opf-pptx/.git.path
package	Run actions/checkout@3d3c42e5aac5ba805825da76410c181273ba90b1	2026-09-14T23:41:44.2680788Z includeif.gitdir:/__w/opf-render/opf-render/opf-pptx/.git/worktrees/*.path
package	Run actions/checkout@3d3c42e5aac5ba805825da76410c181273ba90b1	2026-09-14T23:41:44.2681305Z includeif.gitdir:/github/workspace/opf-pptx/.git.path
package	Run actions/checkout@3d3c42e5aac5ba805825da76410c181273ba90b1	2026-09-14T23:41:44.2681797Z includeif.gitdir:/github/workspace/opf-pptx/.git/worktrees/*.path
package	Run actions/checkout@3d3c42e5aac5ba805825da76410c181273ba90b1	2026-09-14T23:41:44.2688870Z [command]/usr/bin/git config --local --get-all includeif.gitdir:/__w/opf-render/opf-render/opf-pptx/.git.path
package	Run actions/checkout@3d3c42e5aac5ba805825da76410c181273ba90b1	2026-09-14T23:41:44.2714677Z /__w/_temp/git-credentials-449cd0a5-ecdf-4921-b82c-52ec4a24c3a1.config
package	Run actions/checkout@3d3c42e5aac5ba805825da76410c181273ba90b1	2026-09-14T23:41:44.2724452Z [command]/usr/bin/git config --local --unset includeif.gitdir:/__w/opf-render/opf-render/opf-pptx/.git.path \/__w\/_temp\/git\-credentials\-449cd0a5\-ecdf\-4921\-b82c\-52ec4a24c3a1\.config
package	Run actions/checkout@3d3c42e5aac5ba805825da76410c181273ba90b1	2026-09-14T23:41:44.2760797Z [command]/usr/bin/git config --local --get-all includeif.gitdir:/__w/opf-render/opf-render/opf-pptx/.git/worktrees/*.path
package	Run actions/checkout@3d3c42e5aac5ba805825da76410c181273ba90b1	2026-09-14T23:41:44.2786154Z /__w/_temp/git-credentials-449cd0a5-ecdf-4921-b82c-52ec4a24c3a1.config
package	Run actions/checkout@3d3c42e5aac5ba805825da76410c181273ba90b1	2026-09-14T23:41:44.2794916Z [command]/usr/bin/git config --local --unset includeif.gitdir:/__w/opf-render/opf-render/opf-pptx/.git/worktrees/*.path \/__w\/_temp\/git\-credentials\-449cd0a5\-ecdf\-4921\-b82c\-52ec4a24c3a1\.config
package	Run actions/checkout@3d3c42e5aac5ba805825da76410c181273ba90b1	2026-09-14T23:41:44.2830408Z [command]/usr/bin/git config --local --get-all includeif.gitdir:/github/workspace/opf-pptx/.git.path
package	Run actions/checkout@3d3c42e5aac5ba805825da76410c181273ba90b1	2026-09-14T23:41:44.2855720Z /github/runner_temp/git-credentials-449cd0a5-ecdf-4921-b82c-52ec4a24c3a1.config
package	Run actions/checkout@3d3c42e5aac5ba805825da76410c181273ba90b1	2026-09-14T23:41:44.2867680Z [command]/usr/bin/git config --local --unset includeif.gitdir:/github/workspace/opf-pptx/.git.path \/github\/runner_temp\/git\-credentials\-449cd0a5\-ecdf\-4921\-b82c\-52ec4a24c3a1\.config
package	Run actions/checkout@3d3c42e5aac5ba805825da76410c181273ba90b1	2026-09-14T23:41:44.2905462Z [command]/usr/bin/git config --local --get-all includeif.gitdir:/github/workspace/opf-pptx/.git/worktrees/*.path
package	Run actions/checkout@3d3c42e5aac5ba805825da76410c181273ba90b1	2026-09-14T23:41:44.2931103Z /github/runner_temp/git-credentials-449cd0a5-ecdf-4921-b82c-52ec4a24c3a1.config
package	Run actions/checkout@3d3c42e5aac5ba805825da76410c181273ba90b1	2026-09-14T23:41:44.2938497Z [command]/usr/bin/git config --local --unset includeif.gitdir:/github/workspace/opf-pptx/.git/worktrees/*.path \/github\/runner_temp\/git\-credentials\-449cd0a5\-ecdf\-4921\-b82c\-52ec4a24c3a1\.config
package	Run actions/checkout@3d3c42e5aac5ba805825da76410c181273ba90b1	2026-09-14T23:41:44.2974243Z [command]/usr/bin/git submodule foreach --recursive git config --local --show-origin --name-only --get-regexp remote.origin.url
package	Run actions/checkout@3d3c42e5aac5ba805825da76410c181273ba90b1	2026-09-14T23:41:44.3212617Z Removing credentials config '/__w/_temp/git-credentials-449cd0a5-ecdf-4921-b82c-52ec4a24c3a1.config'
package	Run actions/checkout@3d3c42e5aac5ba805825da76410c181273ba90b1	2026-09-14T23:41:44.3221313Z ##[endgroup]
package	Run actions/checkout@3d3c42e5aac5ba805825da76410c181273ba90b1	﻿2026-09-14T23:41:44.3405192Z ##[group]Run actions/checkout@3d3c42e5aac5ba805825da76410c181273ba90b1
package	Run actions/checkout@3d3c42e5aac5ba805825da76410c181273ba90b1	2026-09-14T23:41:44.3405592Z with:
package	Run actions/checkout@3d3c42e5aac5ba805825da76410c181273ba90b1	2026-09-14T23:41:44.3405984Z   repository: OpenPresentation/opf-editor
package	Run actions/checkout@3d3c42e5aac5ba805825da76410c181273ba90b1	2026-09-14T23:41:44.3406303Z   ref: 50384b8cd4d96a9db26bcab6304136440effed35
package	Run actions/checkout@3d3c42e5aac5ba805825da76410c181273ba90b1	2026-09-14T23:41:44.3406855Z   path: opf-editor
package	Run actions/checkout@3d3c42e5aac5ba805825da76410c181273ba90b1	2026-09-14T23:41:44.3407090Z   fetch-depth: 0
package	Run actions/checkout@3d3c42e5aac5ba805825da76410c181273ba90b1	2026-09-14T23:41:44.3407302Z   persist-credentials: false
package	Run actions/checkout@3d3c42e5aac5ba805825da76410c181273ba90b1	2026-09-14T23:41:44.3410222Z   token: ***
package	Run actions/checkout@3d3c42e5aac5ba805825da76410c181273ba90b1	2026-09-14T23:41:44.3410424Z   ssh-strict: true
package	Run actions/checkout@3d3c42e5aac5ba805825da76410c181273ba90b1	2026-09-14T23:41:44.3410632Z   ssh-user: git
package	Run actions/checkout@3d3c42e5aac5ba805825da76410c181273ba90b1	2026-09-14T23:41:44.3410824Z   clean: true
package	Run actions/checkout@3d3c42e5aac5ba805825da76410c181273ba90b1	2026-09-14T23:41:44.3411034Z   sparse-checkout-cone-mode: true
package	Run actions/checkout@3d3c42e5aac5ba805825da76410c181273ba90b1	2026-09-14T23:41:44.3411288Z   fetch-tags: false
package	Run actions/checkout@3d3c42e5aac5ba805825da76410c181273ba90b1	2026-09-14T23:41:44.3411493Z   show-progress: true
package	Run actions/checkout@3d3c42e5aac5ba805825da76410c181273ba90b1	2026-09-14T23:41:44.3411703Z   lfs: false
package	Run actions/checkout@3d3c42e5aac5ba805825da76410c181273ba90b1	2026-09-14T23:41:44.3411889Z   submodules: false
package	Run actions/checkout@3d3c42e5aac5ba805825da76410c181273ba90b1	2026-09-14T23:41:44.3412094Z   set-safe-directory: true
package	Run actions/checkout@3d3c42e5aac5ba805825da76410c181273ba90b1	2026-09-14T23:41:44.3412340Z   allow-unsafe-pr-checkout: false
package	Run actions/checkout@3d3c42e5aac5ba805825da76410c181273ba90b1	2026-09-14T23:41:44.3412589Z env:
package	Run actions/checkout@3d3c42e5aac5ba805825da76410c181273ba90b1	2026-09-14T23:41:44.3413077Z   OPF_GOLDEN_BASELINE: /home/runner/work/opf-render/opf-render/opf-render/test/golden/opf-examples-png.furniture.sha256.json
package	Run actions/checkout@3d3c42e5aac5ba805825da76410c181273ba90b1	2026-09-14T23:41:44.3413686Z ##[endgroup]
package	Run actions/checkout@3d3c42e5aac5ba805825da76410c181273ba90b1	2026-09-14T23:41:44.3421685Z ##[command]/usr/bin/docker exec  dee33b14787caba5b5aeaa2760bc2732ee09ba2523b72a0b3567fc63e1c9e4b9 sh -c "cat /etc/*release | grep ^ID"
package	Run actions/checkout@3d3c42e5aac5ba805825da76410c181273ba90b1	2026-09-14T23:41:44.5193821Z Syncing repository: OpenPresentation/opf-editor
package	Run actions/checkout@3d3c42e5aac5ba805825da76410c181273ba90b1	2026-09-14T23:41:44.5202658Z ##[group]Getting Git version info
package	Run actions/checkout@3d3c42e5aac5ba805825da76410c181273ba90b1	2026-09-14T23:41:44.5203751Z Working directory is '/__w/opf-render/opf-render/opf-editor'
package	Run actions/checkout@3d3c42e5aac5ba805825da76410c181273ba90b1	2026-09-14T23:41:44.5253075Z [command]/usr/bin/git version
package	Run actions/checkout@3d3c42e5aac5ba805825da76410c181273ba90b1	2026-09-14T23:41:44.5317916Z git version 2.43.0
package	Run actions/checkout@3d3c42e5aac5ba805825da76410c181273ba90b1	2026-09-14T23:41:44.5340363Z ##[endgroup]
package	Run actions/checkout@3d3c42e5aac5ba805825da76410c181273ba90b1	2026-09-14T23:41:44.5367434Z Temporarily overriding HOME='/__w/_temp/880d3065-d289-4b4e-b71f-1e4b3cb538ad' before making global git config changes
package	Run actions/checkout@3d3c42e5aac5ba805825da76410c181273ba90b1	2026-09-14T23:41:44.5368963Z Adding repository directory to the temporary git global config as a safe directory
package	Run actions/checkout@3d3c42e5aac5ba805825da76410c181273ba90b1	2026-09-14T23:41:44.5372907Z [command]/usr/bin/git config --global --add safe.directory /__w/opf-render/opf-render/opf-editor
package	Run actions/checkout@3d3c42e5aac5ba805825da76410c181273ba90b1	2026-09-14T23:41:44.5410049Z ##[group]Determining repository object format
package	Run actions/checkout@3d3c42e5aac5ba805825da76410c181273ba90b1	2026-09-14T23:41:44.5415893Z ##[endgroup]
package	Run actions/checkout@3d3c42e5aac5ba805825da76410c181273ba90b1	2026-09-14T23:41:44.5417093Z ##[group]Initializing the repository
package	Run actions/checkout@3d3c42e5aac5ba805825da76410c181273ba90b1	2026-09-14T23:41:44.5422321Z [command]/usr/bin/git init /__w/opf-render/opf-render/opf-editor
package	Run actions/checkout@3d3c42e5aac5ba805825da76410c181273ba90b1	2026-09-14T23:41:44.5463061Z hint: Using 'master' as the name for the initial branch. This default branch name
package	Run actions/checkout@3d3c42e5aac5ba805825da76410c181273ba90b1	2026-09-14T23:41:44.5464699Z hint: is subject to change. To configure the initial branch name to use in all
package	Run actions/checkout@3d3c42e5aac5ba805825da76410c181273ba90b1	2026-09-14T23:41:44.5466162Z hint: of your new repositories, which will suppress this warning, call:
package	Run actions/checkout@3d3c42e5aac5ba805825da76410c181273ba90b1	2026-09-14T23:41:44.5467294Z hint: 
package	Run actions/checkout@3d3c42e5aac5ba805825da76410c181273ba90b1	2026-09-14T23:41:44.5467888Z hint: 	git config --global init.defaultBranch <name>
package	Run actions/checkout@3d3c42e5aac5ba805825da76410c181273ba90b1	2026-09-14T23:41:44.5468574Z hint: 
package	Run actions/checkout@3d3c42e5aac5ba805825da76410c181273ba90b1	2026-09-14T23:41:44.5469231Z hint: Names commonly chosen instead of 'master' are 'main', 'trunk' and
package	Run actions/checkout@3d3c42e5aac5ba805825da76410c181273ba90b1	2026-09-14T23:41:44.5470265Z hint: 'development'. The just-created branch can be renamed via this command:
package	Run actions/checkout@3d3c42e5aac5ba805825da76410c181273ba90b1	2026-09-14T23:41:44.5471104Z hint: 
package	Run actions/checkout@3d3c42e5aac5ba805825da76410c181273ba90b1	2026-09-14T23:41:44.5471543Z hint: 	git branch -m <name>
package	Run actions/checkout@3d3c42e5aac5ba805825da76410c181273ba90b1	2026-09-14T23:41:44.5481368Z Initialized empty Git repository in /__w/opf-render/opf-render/opf-editor/.git/
package	Run actions/checkout@3d3c42e5aac5ba805825da76410c181273ba90b1	2026-09-14T23:41:44.5491499Z [command]/usr/bin/git remote add origin https://github.com/OpenPresentation/opf-editor
package	Run actions/checkout@3d3c42e5aac5ba805825da76410c181273ba90b1	2026-09-14T23:41:44.5521771Z ##[endgroup]
package	Run actions/checkout@3d3c42e5aac5ba805825da76410c181273ba90b1	2026-09-14T23:41:44.5522731Z ##[group]Disabling automatic garbage collection
package	Run actions/checkout@3d3c42e5aac5ba805825da76410c181273ba90b1	2026-09-14T23:41:44.5525377Z [command]/usr/bin/git config --local gc.auto 0
package	Run actions/checkout@3d3c42e5aac5ba805825da76410c181273ba90b1	2026-09-14T23:41:44.5556531Z ##[endgroup]
package	Run actions/checkout@3d3c42e5aac5ba805825da76410c181273ba90b1	2026-09-14T23:41:44.5558090Z ##[group]Setting up auth
package	Run actions/checkout@3d3c42e5aac5ba805825da76410c181273ba90b1	2026-09-14T23:41:44.5561512Z Removing SSH command configuration
package	Run actions/checkout@3d3c42e5aac5ba805825da76410c181273ba90b1	2026-09-14T23:41:44.5569619Z [command]/usr/bin/git config --local --name-only --get-regexp core\.sshCommand
package	Run actions/checkout@3d3c42e5aac5ba805825da76410c181273ba90b1	2026-09-14T23:41:44.5602246Z [command]/usr/bin/git submodule foreach --recursive sh -c "git config --local --name-only --get-regexp 'core\.sshCommand' && git config --local --unset-all 'core.sshCommand' || :"
package	Run actions/checkout@3d3c42e5aac5ba805825da76410c181273ba90b1	2026-09-14T23:41:44.5864581Z Removing HTTP extra header
package	Run actions/checkout@3d3c42e5aac5ba805825da76410c181273ba90b1	2026-09-14T23:41:44.5870140Z [command]/usr/bin/git config --local --name-only --get-regexp http\.https\:\/\/github\.com\/\.extraheader
package	Run actions/checkout@3d3c42e5aac5ba805825da76410c181273ba90b1	2026-09-14T23:41:44.5914594Z [command]/usr/bin/git submodule foreach --recursive sh -c "git config --local --name-only --get-regexp 'http\.https\:\/\/github\.com\/\.extraheader' && git config --local --unset-all 'http.https://github.com/.extraheader' || :"
package	Run actions/checkout@3d3c42e5aac5ba805825da76410c181273ba90b1	2026-09-14T23:41:44.6176544Z Removing includeIf entries pointing to credentials config files
package	Run actions/checkout@3d3c42e5aac5ba805825da76410c181273ba90b1	2026-09-14T23:41:44.6198204Z [command]/usr/bin/git config --local --name-only --get-regexp ^includeIf\.gitdir:
package	Run actions/checkout@3d3c42e5aac5ba805825da76410c181273ba90b1	2026-09-14T23:41:44.6222470Z [command]/usr/bin/git submodule foreach --recursive git config --local --show-origin --name-only --get-regexp remote.origin.url
package	Run actions/checkout@3d3c42e5aac5ba805825da76410c181273ba90b1	2026-09-14T23:41:44.6476172Z [command]/usr/bin/git config --file /__w/_temp/git-credentials-d5267a55-334d-41a4-afd5-c58418ed6601.config http.https://github.com/.extraheader AUTHORIZATION: basic ***
package	Run actions/checkout@3d3c42e5aac5ba805825da76410c181273ba90b1	2026-09-14T23:41:44.6524580Z [command]/usr/bin/git config --local includeIf.gitdir:/__w/opf-render/opf-render/opf-editor/.git.path /__w/_temp/git-credentials-d5267a55-334d-41a4-afd5-c58418ed6601.config
package	Run actions/checkout@3d3c42e5aac5ba805825da76410c181273ba90b1	2026-09-14T23:41:44.6558574Z [command]/usr/bin/git config --local includeIf.gitdir:/__w/opf-render/opf-render/opf-editor/.git/worktrees/*.path /__w/_temp/git-credentials-d5267a55-334d-41a4-afd5-c58418ed6601.config
package	Run actions/checkout@3d3c42e5aac5ba805825da76410c181273ba90b1	2026-09-14T23:41:44.6591886Z [command]/usr/bin/git config --local includeIf.gitdir:/github/workspace/opf-editor/.git.path /github/runner_temp/git-credentials-d5267a55-334d-41a4-afd5-c58418ed6601.config
package	Run actions/checkout@3d3c42e5aac5ba805825da76410c181273ba90b1	2026-09-14T23:41:44.6627296Z [command]/usr/bin/git config --local includeIf.gitdir:/github/workspace/opf-editor/.git/worktrees/*.path /github/runner_temp/git-credentials-d5267a55-334d-41a4-afd5-c58418ed6601.config
package	Run actions/checkout@3d3c42e5aac5ba805825da76410c181273ba90b1	2026-09-14T23:41:44.6657238Z ##[endgroup]
package	Run actions/checkout@3d3c42e5aac5ba805825da76410c181273ba90b1	2026-09-14T23:41:44.6657794Z ##[group]Fetching the repository
package	Run actions/checkout@3d3c42e5aac5ba805825da76410c181273ba90b1	2026-09-14T23:41:44.6665422Z [command]/usr/bin/git -c protocol.version=2 fetch --no-tags --prune --no-recurse-submodules origin +refs/heads/*:refs/remotes/origin/* +refs/tags/*:refs/tags/*
package	Run actions/checkout@3d3c42e5aac5ba805825da76410c181273ba90b1	2026-09-14T23:41:45.0349007Z From https://github.com/OpenPresentation/opf-editor
package	Run actions/checkout@3d3c42e5aac5ba805825da76410c181273ba90b1	2026-09-14T23:41:45.0350529Z  * [new branch]      codex/shared-furniture-20260910 -> origin/codex/shared-furniture-20260910
package	Run actions/checkout@3d3c42e5aac5ba805825da76410c181273ba90b1	2026-09-14T23:41:45.0352465Z  * [new branch]      codex/shared-furniture-20260914 -> origin/codex/shared-furniture-20260914
package	Run actions/checkout@3d3c42e5aac5ba805825da76410c181273ba90b1	2026-09-14T23:41:45.0353390Z  * [new branch]      main              -> origin/main
package	Run actions/checkout@3d3c42e5aac5ba805825da76410c181273ba90b1	2026-09-14T23:41:45.0359108Z  * [new tag]         opf-editor-v0.1.0 -> opf-editor-v0.1.0
package	Run actions/checkout@3d3c42e5aac5ba805825da76410c181273ba90b1	2026-09-14T23:41:45.0359842Z  * [new tag]         opf-editor-v0.1.1 -> opf-editor-v0.1.1
package	Run actions/checkout@3d3c42e5aac5ba805825da76410c181273ba90b1	2026-09-14T23:41:45.0360521Z  * [new tag]         opf-editor-v0.1.2 -> opf-editor-v0.1.2
package	Run actions/checkout@3d3c42e5aac5ba805825da76410c181273ba90b1	2026-09-14T23:41:45.0361197Z  * [new tag]         opf-editor-v0.2.0 -> opf-editor-v0.2.0
package	Run actions/checkout@3d3c42e5aac5ba805825da76410c181273ba90b1	2026-09-14T23:41:45.0361873Z  * [new tag]         opf-editor-v0.3.0 -> opf-editor-v0.3.0
package	Run actions/checkout@3d3c42e5aac5ba805825da76410c181273ba90b1	2026-09-14T23:41:45.0362519Z  * [new tag]         opf-editor-v0.4.0 -> opf-editor-v0.4.0
package	Run actions/checkout@3d3c42e5aac5ba805825da76410c181273ba90b1	2026-09-14T23:41:45.0363386Z  * [new tag]         opf-editor-v0.5.0 -> opf-editor-v0.5.0
package	Run actions/checkout@3d3c42e5aac5ba805825da76410c181273ba90b1	2026-09-14T23:41:45.0366379Z  * [new tag]         opf-editor-v0.6.0 -> opf-editor-v0.6.0
package	Run actions/checkout@3d3c42e5aac5ba805825da76410c181273ba90b1	2026-09-14T23:41:45.0393405Z [command]/usr/bin/git rev-parse --verify --quiet 50384b8cd4d96a9db26bcab6304136440effed35^{object}
package	Run actions/checkout@3d3c42e5aac5ba805825da76410c181273ba90b1	2026-09-14T23:41:45.0426290Z 50384b8cd4d96a9db26bcab6304136440effed35
package	Run actions/checkout@3d3c42e5aac5ba805825da76410c181273ba90b1	2026-09-14T23:41:45.0427942Z ##[endgroup]
package	Run actions/checkout@3d3c42e5aac5ba805825da76410c181273ba90b1	2026-09-14T23:41:45.0428635Z ##[group]Determining the checkout info
package	Run actions/checkout@3d3c42e5aac5ba805825da76410c181273ba90b1	2026-09-14T23:41:45.0429793Z ##[endgroup]
package	Run actions/checkout@3d3c42e5aac5ba805825da76410c181273ba90b1	2026-09-14T23:41:45.0433435Z [command]/usr/bin/git sparse-checkout disable
package	Run actions/checkout@3d3c42e5aac5ba805825da76410c181273ba90b1	2026-09-14T23:41:45.0474966Z [command]/usr/bin/git config --local --unset-all extensions.worktreeConfig
package	Run actions/checkout@3d3c42e5aac5ba805825da76410c181273ba90b1	2026-09-14T23:41:45.0506717Z ##[group]Checking out the ref
package	Run actions/checkout@3d3c42e5aac5ba805825da76410c181273ba90b1	2026-09-14T23:41:45.0510812Z [command]/usr/bin/git checkout --progress --force 50384b8cd4d96a9db26bcab6304136440effed35
package	Run actions/checkout@3d3c42e5aac5ba805825da76410c181273ba90b1	2026-09-14T23:41:45.0621240Z Note: switching to '50384b8cd4d96a9db26bcab6304136440effed35'.
package	Run actions/checkout@3d3c42e5aac5ba805825da76410c181273ba90b1	2026-09-14T23:41:45.0621762Z 
package	Run actions/checkout@3d3c42e5aac5ba805825da76410c181273ba90b1	2026-09-14T23:41:45.0622102Z You are in 'detached HEAD' state. You can look around, make experimental
package	Run actions/checkout@3d3c42e5aac5ba805825da76410c181273ba90b1	2026-09-14T23:41:45.0623245Z changes and commit them, and you can discard any commits you make in this
package	Run actions/checkout@3d3c42e5aac5ba805825da76410c181273ba90b1	2026-09-14T23:41:45.0624288Z state without impacting any branches by switching back to a branch.
package	Run actions/checkout@3d3c42e5aac5ba805825da76410c181273ba90b1	2026-09-14T23:41:45.0624772Z 
package	Run actions/checkout@3d3c42e5aac5ba805825da76410c181273ba90b1	2026-09-14T23:41:45.0625100Z If you want to create a new branch to retain commits you create, you may
package	Run actions/checkout@3d3c42e5aac5ba805825da76410c181273ba90b1	2026-09-14T23:41:45.0625982Z do so (now or later) by using -c with the switch command. Example:
package	Run actions/checkout@3d3c42e5aac5ba805825da76410c181273ba90b1	2026-09-14T23:41:45.0626454Z 
package	Run actions/checkout@3d3c42e5aac5ba805825da76410c181273ba90b1	2026-09-14T23:41:45.0626855Z   git switch -c <new-branch-name>
package	Run actions/checkout@3d3c42e5aac5ba805825da76410c181273ba90b1	2026-09-14T23:41:45.0627175Z 
package	Run actions/checkout@3d3c42e5aac5ba805825da76410c181273ba90b1	2026-09-14T23:41:45.0627341Z Or undo this operation with:
package	Run actions/checkout@3d3c42e5aac5ba805825da76410c181273ba90b1	2026-09-14T23:41:45.0627618Z 
package	Run actions/checkout@3d3c42e5aac5ba805825da76410c181273ba90b1	2026-09-14T23:41:45.0627752Z   git switch -
package	Run actions/checkout@3d3c42e5aac5ba805825da76410c181273ba90b1	2026-09-14T23:41:45.0627959Z 
package	Run actions/checkout@3d3c42e5aac5ba805825da76410c181273ba90b1	2026-09-14T23:41:45.0628324Z Turn off this advice by setting config variable advice.detachedHead to false
package	Run actions/checkout@3d3c42e5aac5ba805825da76410c181273ba90b1	2026-09-14T23:41:45.0628858Z 
package	Run actions/checkout@3d3c42e5aac5ba805825da76410c181273ba90b1	2026-09-14T23:41:45.0629566Z HEAD is now at 50384b8 Merge remote-tracking branch 'origin/codex/shared-furniture-20260910' into codex/shared-furniture-20260914
package	Run actions/checkout@3d3c42e5aac5ba805825da76410c181273ba90b1	2026-09-14T23:41:45.0631026Z ##[endgroup]
package	Run actions/checkout@3d3c42e5aac5ba805825da76410c181273ba90b1	2026-09-14T23:41:45.0667318Z [command]/usr/bin/git log -1 --format=%H
package	Run actions/checkout@3d3c42e5aac5ba805825da76410c181273ba90b1	2026-09-14T23:41:45.0696272Z 50384b8cd4d96a9db26bcab6304136440effed35
package	Run actions/checkout@3d3c42e5aac5ba805825da76410c181273ba90b1	2026-09-14T23:41:45.0707300Z ##[group]Removing auth
package	Run actions/checkout@3d3c42e5aac5ba805825da76410c181273ba90b1	2026-09-14T23:41:45.0707769Z Removing SSH command configuration
package	Run actions/checkout@3d3c42e5aac5ba805825da76410c181273ba90b1	2026-09-14T23:41:45.0711758Z [command]/usr/bin/git config --local --name-only --get-regexp core\.sshCommand
package	Run actions/checkout@3d3c42e5aac5ba805825da76410c181273ba90b1	2026-09-14T23:41:45.0746254Z [command]/usr/bin/git submodule foreach --recursive sh -c "git config --local --name-only --get-regexp 'core\.sshCommand' && git config --local --unset-all 'core.sshCommand' || :"
package	Run actions/checkout@3d3c42e5aac5ba805825da76410c181273ba90b1	2026-09-14T23:41:45.0994095Z Removing HTTP extra header
package	Run actions/checkout@3d3c42e5aac5ba805825da76410c181273ba90b1	2026-09-14T23:41:45.0999586Z [command]/usr/bin/git config --local --name-only --get-regexp http\.https\:\/\/github\.com\/\.extraheader
package	Run actions/checkout@3d3c42e5aac5ba805825da76410c181273ba90b1	2026-09-14T23:41:45.1040135Z [command]/usr/bin/git submodule foreach --recursive sh -c "git config --local --name-only --get-regexp 'http\.https\:\/\/github\.com\/\.extraheader' && git config --local --unset-all 'http.https://github.com/.extraheader' || :"
package	Run actions/checkout@3d3c42e5aac5ba805825da76410c181273ba90b1	2026-09-14T23:41:45.1280730Z Removing includeIf entries pointing to credentials config files
package	Run actions/checkout@3d3c42e5aac5ba805825da76410c181273ba90b1	2026-09-14T23:41:45.1284885Z [command]/usr/bin/git config --local --name-only --get-regexp ^includeIf\.gitdir:
package	Run actions/checkout@3d3c42e5aac5ba805825da76410c181273ba90b1	2026-09-14T23:41:45.1311573Z includeif.gitdir:/__w/opf-render/opf-render/opf-editor/.git.path
package	Run actions/checkout@3d3c42e5aac5ba805825da76410c181273ba90b1	2026-09-14T23:41:45.1312563Z includeif.gitdir:/__w/opf-render/opf-render/opf-editor/.git/worktrees/*.path
package	Run actions/checkout@3d3c42e5aac5ba805825da76410c181273ba90b1	2026-09-14T23:41:45.1313465Z includeif.gitdir:/github/workspace/opf-editor/.git.path
package	Run actions/checkout@3d3c42e5aac5ba805825da76410c181273ba90b1	2026-09-14T23:41:45.1314247Z includeif.gitdir:/github/workspace/opf-editor/.git/worktrees/*.path
package	Run actions/checkout@3d3c42e5aac5ba805825da76410c181273ba90b1	2026-09-14T23:41:45.1320689Z [command]/usr/bin/git config --local --get-all includeif.gitdir:/__w/opf-render/opf-render/opf-editor/.git.path
package	Run actions/checkout@3d3c42e5aac5ba805825da76410c181273ba90b1	2026-09-14T23:41:45.1345496Z /__w/_temp/git-credentials-d5267a55-334d-41a4-afd5-c58418ed6601.config
package	Run actions/checkout@3d3c42e5aac5ba805825da76410c181273ba90b1	2026-09-14T23:41:45.1355346Z [command]/usr/bin/git config --local --unset includeif.gitdir:/__w/opf-render/opf-render/opf-editor/.git.path \/__w\/_temp\/git\-credentials\-d5267a55\-334d\-41a4\-afd5\-c58418ed6601\.config
package	Run actions/checkout@3d3c42e5aac5ba805825da76410c181273ba90b1	2026-09-14T23:41:45.1391855Z [command]/usr/bin/git config --local --get-all includeif.gitdir:/__w/opf-render/opf-render/opf-editor/.git/worktrees/*.path
package	Run actions/checkout@3d3c42e5aac5ba805825da76410c181273ba90b1	2026-09-14T23:41:45.1417189Z /__w/_temp/git-credentials-d5267a55-334d-41a4-afd5-c58418ed6601.config
package	Run actions/checkout@3d3c42e5aac5ba805825da76410c181273ba90b1	2026-09-14T23:41:45.1426883Z [command]/usr/bin/git config --local --unset includeif.gitdir:/__w/opf-render/opf-render/opf-editor/.git/worktrees/*.path \/__w\/_temp\/git\-credentials\-d5267a55\-334d\-41a4\-afd5\-c58418ed6601\.config
package	Run actions/checkout@3d3c42e5aac5ba805825da76410c181273ba90b1	2026-09-14T23:41:45.1461318Z [command]/usr/bin/git config --local --get-all includeif.gitdir:/github/workspace/opf-editor/.git.path
package	Run actions/checkout@3d3c42e5aac5ba805825da76410c181273ba90b1	2026-09-14T23:41:45.1486425Z /github/runner_temp/git-credentials-d5267a55-334d-41a4-afd5-c58418ed6601.config
package	Run actions/checkout@3d3c42e5aac5ba805825da76410c181273ba90b1	2026-09-14T23:41:45.1499594Z [command]/usr/bin/git config --local --unset includeif.gitdir:/github/workspace/opf-editor/.git.path \/github\/runner_temp\/git\-credentials\-d5267a55\-334d\-41a4\-afd5\-c58418ed6601\.config
package	Run actions/checkout@3d3c42e5aac5ba805825da76410c181273ba90b1	2026-09-14T23:41:45.1537343Z [command]/usr/bin/git config --local --get-all includeif.gitdir:/github/workspace/opf-editor/.git/worktrees/*.path
package	Run actions/checkout@3d3c42e5aac5ba805825da76410c181273ba90b1	2026-09-14T23:41:45.1563042Z /github/runner_temp/git-credentials-d5267a55-334d-41a4-afd5-c58418ed6601.config
package	Run actions/checkout@3d3c42e5aac5ba805825da76410c181273ba90b1	2026-09-14T23:41:45.1570739Z [command]/usr/bin/git config --local --unset includeif.gitdir:/github/workspace/opf-editor/.git/worktrees/*.path \/github\/runner_temp\/git\-credentials\-d5267a55\-334d\-41a4\-afd5\-c58418ed6601\.config
package	Run actions/checkout@3d3c42e5aac5ba805825da76410c181273ba90b1	2026-09-14T23:41:45.1605043Z [command]/usr/bin/git submodule foreach --recursive git config --local --show-origin --name-only --get-regexp remote.origin.url
package	Run actions/checkout@3d3c42e5aac5ba805825da76410c181273ba90b1	2026-09-14T23:41:45.1854496Z Removing credentials config '/__w/_temp/git-credentials-d5267a55-334d-41a4-afd5-c58418ed6601.config'
package	Run actions/checkout@3d3c42e5aac5ba805825da76410c181273ba90b1	2026-09-14T23:41:45.1862553Z ##[endgroup]
package	Run pnpm/action-setup@ea17c68df8912ef543352723c149a84f56e3d413	﻿2026-09-14T23:41:45.2108427Z ##[group]Run pnpm/action-setup@ea17c68df8912ef543352723c149a84f56e3d413
package	Run pnpm/action-setup@ea17c68df8912ef543352723c149a84f56e3d413	2026-09-14T23:41:45.2108838Z with:
package	Run pnpm/action-setup@ea17c68df8912ef543352723c149a84f56e3d413	2026-09-14T23:41:45.2109026Z   version: 10.33.2
package	Run pnpm/action-setup@ea17c68df8912ef543352723c149a84f56e3d413	2026-09-14T23:41:45.2109231Z   dest: ~/setup-pnpm
package	Run pnpm/action-setup@ea17c68df8912ef543352723c149a84f56e3d413	2026-09-14T23:41:45.2109444Z   run_install: null
package	Run pnpm/action-setup@ea17c68df8912ef543352723c149a84f56e3d413	2026-09-14T23:41:45.2109649Z   cache: false
package	Run pnpm/action-setup@ea17c68df8912ef543352723c149a84f56e3d413	2026-09-14T23:41:45.2109865Z   cache_dependency_path: pnpm-lock.yaml
package	Run pnpm/action-setup@ea17c68df8912ef543352723c149a84f56e3d413	2026-09-14T23:41:45.2110156Z   package_json_file: package.json
package	Run pnpm/action-setup@ea17c68df8912ef543352723c149a84f56e3d413	2026-09-14T23:41:45.2110411Z   standalone: false
package	Run pnpm/action-setup@ea17c68df8912ef543352723c149a84f56e3d413	2026-09-14T23:41:45.2110600Z env:
package	Run pnpm/action-setup@ea17c68df8912ef543352723c149a84f56e3d413	2026-09-14T23:41:45.2111088Z   OPF_GOLDEN_BASELINE: /home/runner/work/opf-render/opf-render/opf-render/test/golden/opf-examples-png.furniture.sha256.json
package	Run pnpm/action-setup@ea17c68df8912ef543352723c149a84f56e3d413	2026-09-14T23:41:45.2111660Z ##[endgroup]
package	Run pnpm/action-setup@ea17c68df8912ef543352723c149a84f56e3d413	2026-09-14T23:41:45.2114952Z ##[command]/usr/bin/docker exec  dee33b14787caba5b5aeaa2760bc2732ee09ba2523b72a0b3567fc63e1c9e4b9 sh -c "cat /etc/*release | grep ^ID"
package	Run pnpm/action-setup@ea17c68df8912ef543352723c149a84f56e3d413	2026-09-14T23:41:45.4685361Z ##[group]Running self-installer...
package	Run pnpm/action-setup@ea17c68df8912ef543352723c149a84f56e3d413	2026-09-14T23:41:46.3900520Z 
package	Run pnpm/action-setup@ea17c68df8912ef543352723c149a84f56e3d413	2026-09-14T23:41:46.3901372Z added 1 package, and audited 2 packages in 838ms
package	Run pnpm/action-setup@ea17c68df8912ef543352723c149a84f56e3d413	2026-09-14T23:41:46.3902484Z 
package	Run pnpm/action-setup@ea17c68df8912ef543352723c149a84f56e3d413	2026-09-14T23:41:46.3902709Z 1 package is looking for funding
package	Run pnpm/action-setup@ea17c68df8912ef543352723c149a84f56e3d413	2026-09-14T23:41:46.3903177Z   run `npm fund` for details
package	Run pnpm/action-setup@ea17c68df8912ef543352723c149a84f56e3d413	2026-09-14T23:41:46.3911968Z 
package	Run pnpm/action-setup@ea17c68df8912ef543352723c149a84f56e3d413	2026-09-14T23:41:46.3912165Z found 0 vulnerabilities
package	Run pnpm/action-setup@ea17c68df8912ef543352723c149a84f56e3d413	2026-09-14T23:41:46.9979442Z Checking for updates...
package	Run pnpm/action-setup@ea17c68df8912ef543352723c149a84f56e3d413	2026-09-14T23:41:47.1713013Z Switching pnpm from v11.25.0 to v10.33.2...
package	Run pnpm/action-setup@ea17c68df8912ef543352723c149a84f56e3d413	2026-09-14T23:41:47.6010900Z .../v11/3bc-1a0a24c582a-5c3303f2aa29060c | Progress: resolved 1, reused 0, downloaded 0, added 0
package	Run pnpm/action-setup@ea17c68df8912ef543352723c149a84f56e3d413	2026-09-14T23:41:47.6036041Z .../v11/3bc-1a0a24c582a-5c3303f2aa29060c |   +1 +
package	Run pnpm/action-setup@ea17c68df8912ef543352723c149a84f56e3d413	2026-09-14T23:41:47.9208095Z .../v11/3bc-1a0a24c582a-5c3303f2aa29060c | Progress: resolved 1, reused 0, downloaded 1, added 1, done
package	Run pnpm/action-setup@ea17c68df8912ef543352723c149a84f56e3d413	2026-09-14T23:41:48.3394049Z [WARN] Detected a pnpm v10 installation layout at PNPM_HOME. The pnpm shims at PNPM_HOME have been refreshed so the new version is active, but pnpm v11 expects bins in PNPM_HOME/bin. Run "pnpm setup" to migrate your PATH to the v11 layout.
package	Run pnpm/action-setup@ea17c68df8912ef543352723c149a84f56e3d413	2026-09-14T23:41:48.3422944Z Successfully updated pnpm to v10.33.2
package	Run pnpm/action-setup@ea17c68df8912ef543352723c149a84f56e3d413	2026-09-14T23:41:48.3710991Z ##[endgroup]
package	Run pnpm/action-setup@ea17c68df8912ef543352723c149a84f56e3d413	2026-09-14T23:41:48.3711434Z Installation Completed!
package	Run actions/setup-node@820762786026740c76f36085b0efc47a31fe5020	﻿2026-09-14T23:41:48.3905631Z ##[group]Run actions/setup-node@820762786026740c76f36085b0efc47a31fe5020
package	Run actions/setup-node@820762786026740c76f36085b0efc47a31fe5020	2026-09-14T23:41:48.3906051Z with:
package	Run actions/setup-node@820762786026740c76f36085b0efc47a31fe5020	2026-09-14T23:41:48.3906265Z   node-version: 24
package	Run actions/setup-node@820762786026740c76f36085b0efc47a31fe5020	2026-09-14T23:41:48.3906473Z   cache: npm
package	Run actions/setup-node@820762786026740c76f36085b0efc47a31fe5020	2026-09-14T23:41:48.3907096Z   cache-dependency-path: opf-render/package-lock.json
package	Run actions/setup-node@820762786026740c76f36085b0efc47a31fe5020	2026-09-14T23:41:48.3907442Z   check-latest: false
package	Run actions/setup-node@820762786026740c76f36085b0efc47a31fe5020	2026-09-14T23:41:48.3910340Z   token: ***
package	Run actions/setup-node@820762786026740c76f36085b0efc47a31fe5020	2026-09-14T23:41:48.3910552Z   package-manager-cache: true
package	Run actions/setup-node@820762786026740c76f36085b0efc47a31fe5020	2026-09-14T23:41:48.3910795Z env:
package	Run actions/setup-node@820762786026740c76f36085b0efc47a31fe5020	2026-09-14T23:41:48.3911288Z   OPF_GOLDEN_BASELINE: /home/runner/work/opf-render/opf-render/opf-render/test/golden/opf-examples-png.furniture.sha256.json
package	Run actions/setup-node@820762786026740c76f36085b0efc47a31fe5020	2026-09-14T23:41:48.3911915Z   PNPM_HOME: /github/home/setup-pnpm/node_modules/.bin
package	Run actions/setup-node@820762786026740c76f36085b0efc47a31fe5020	2026-09-14T23:41:48.3912222Z ##[endgroup]
package	Run actions/setup-node@820762786026740c76f36085b0efc47a31fe5020	2026-09-14T23:41:48.3920476Z ##[command]/usr/bin/docker exec  dee33b14787caba5b5aeaa2760bc2732ee09ba2523b72a0b3567fc63e1c9e4b9 sh -c "cat /etc/*release | grep ^ID"
package	Run actions/setup-node@820762786026740c76f36085b0efc47a31fe5020	2026-09-14T23:41:48.6225773Z Found in cache @ /__t/node/24.20.0/x64
package	Run actions/setup-node@820762786026740c76f36085b0efc47a31fe5020	2026-09-14T23:41:48.6228748Z ##[group]Environment details
package	Run actions/setup-node@820762786026740c76f36085b0efc47a31fe5020	2026-09-14T23:41:49.0577177Z node: v24.20.0
package	Run actions/setup-node@820762786026740c76f36085b0efc47a31fe5020	2026-09-14T23:41:49.0577588Z npm: 11.19.0
package	Run actions/setup-node@820762786026740c76f36085b0efc47a31fe5020	2026-09-14T23:41:49.0578203Z yarn: 1.22.22
package	Run actions/setup-node@820762786026740c76f36085b0efc47a31fe5020	2026-09-14T23:41:49.0578685Z ##[endgroup]
package	Run actions/setup-node@820762786026740c76f36085b0efc47a31fe5020	2026-09-14T23:41:49.0592589Z [command]/__t/node/24.20.0/x64/bin/npm config get cache
package	Run actions/setup-node@820762786026740c76f36085b0efc47a31fe5020	2026-09-14T23:41:49.2321142Z /github/home/.npm
package	Run actions/setup-node@820762786026740c76f36085b0efc47a31fe5020	2026-09-14T23:41:49.3019547Z Cache hit for: node-cache-Linux-x64-npm-b3dd3c2aad4c323e185a66393235839cfcb570e5b57cc36adfbc117d1c7021c4
package	Run actions/setup-node@820762786026740c76f36085b0efc47a31fe5020	2026-09-14T23:41:49.6745173Z Received 50142524 of 50142524 (100.0%), 142.7 MBs/sec
package	Run actions/setup-node@820762786026740c76f36085b0efc47a31fe5020	2026-09-14T23:41:49.6746125Z Cache Size: ~48 MB (50142524 B)
package	Run actions/setup-node@820762786026740c76f36085b0efc47a31fe5020	2026-09-14T23:41:49.6774170Z [command]/usr/bin/tar -xf /__w/_temp/be02a53f-24e1-45c6-a718-a83f4c1b0ddf/cache.tgz -P -C /__w/opf-render/opf-render -z
package	Run actions/setup-node@820762786026740c76f36085b0efc47a31fe5020	2026-09-14T23:41:49.9763302Z Cache restored successfully
package	Run actions/setup-node@820762786026740c76f36085b0efc47a31fe5020	2026-09-14T23:41:49.9793710Z Cache restored from key: node-cache-Linux-x64-npm-b3dd3c2aad4c323e185a66393235839cfcb570e5b57cc36adfbc117d1c7021c4
package	Install locked coordinated dependencies	﻿2026-09-14T23:41:49.9990743Z ##[group]Run pnpm --dir opf install --frozen-lockfile
package	Install locked coordinated dependencies	2026-09-14T23:41:49.9991226Z ^[[36;1mpnpm --dir opf install --frozen-lockfile^[[0m
package	Install locked coordinated dependencies	2026-09-14T23:41:49.9991628Z ^[[36;1mfor repo in opf-render opf-pptx opf-editor; do^[[0m
package	Install locked coordinated dependencies	2026-09-14T23:41:49.9991997Z ^[[36;1m  npm ci --prefix "$repo"^[[0m
package	Install locked coordinated dependencies	2026-09-14T23:41:49.9992266Z ^[[36;1mdone^[[0m
package	Install locked coordinated dependencies	2026-09-14T23:41:49.9995678Z shell: bash --noprofile --norc -e -o pipefail {0}
package	Install locked coordinated dependencies	2026-09-14T23:41:49.9996024Z env:
package	Install locked coordinated dependencies	2026-09-14T23:41:49.9996539Z   OPF_GOLDEN_BASELINE: /home/runner/work/opf-render/opf-render/opf-render/test/golden/opf-examples-png.furniture.sha256.json
package	Install locked coordinated dependencies	2026-09-14T23:41:49.9997730Z   PNPM_HOME: /github/home/setup-pnpm/node_modules/.bin
package	Install locked coordinated dependencies	2026-09-14T23:41:49.9998054Z ##[endgroup]
package	Install locked coordinated dependencies	2026-09-14T23:41:50.4300948Z Scope: all 3 workspace projects
package	Install locked coordinated dependencies	2026-09-14T23:41:50.4668385Z Lockfile is up to date, resolution step is skipped
package	Install locked coordinated dependencies	2026-09-14T23:41:50.4922351Z Progress: resolved 1, reused 0, downloaded 0, added 0
package	Install locked coordinated dependencies	2026-09-14T23:41:50.5118487Z Packages: +72
package	Install locked coordinated dependencies	2026-09-14T23:41:50.5119813Z ++++++++++++++++++++++++++++++++++++++++++++++++++++++++++++++++++++++++
package	Install locked coordinated dependencies	2026-09-14T23:41:51.4936920Z Progress: resolved 72, reused 0, downloaded 71, added 71
package	Install locked coordinated dependencies	2026-09-14T23:41:51.6819920Z Progress: resolved 72, reused 0, downloaded 72, added 72, done
package	Install locked coordinated dependencies	2026-09-14T23:41:51.7665090Z 
package	Install locked coordinated dependencies	2026-09-14T23:41:51.7665686Z devDependencies:
package	Install locked coordinated dependencies	2026-09-14T23:41:51.7666245Z + @biomejs/biome 2.5.12
package	Install locked coordinated dependencies	2026-09-14T23:41:51.7667024Z + @typescript/native <- typescript 7.0.2
package	Install locked coordinated dependencies	2026-09-14T23:41:51.7667397Z 
package	Install locked coordinated dependencies	2026-09-14T23:41:51.7804154Z ╭ Warning ─────────────────────────────────────────────────────────────────────╮
package	Install locked coordinated dependencies	2026-09-14T23:41:51.7804895Z │                                                                              │
package	Install locked coordinated dependencies	2026-09-14T23:41:51.7805535Z │   Ignored build scripts: esbuild@0.28.2.                                     │
package	Install locked coordinated dependencies	2026-09-14T23:41:51.7806242Z │   Run "pnpm approve-builds" to pick which dependencies should be allowed     │
package	Install locked coordinated dependencies	2026-09-14T23:41:51.7807432Z │   to run scripts.                                                            │
package	Install locked coordinated dependencies	2026-09-14T23:41:51.7808520Z │                                                                              │
package	Install locked coordinated dependencies	2026-09-14T23:41:51.7809595Z ╰──────────────────────────────────────────────────────────────────────────────╯
package	Install locked coordinated dependencies	2026-09-14T23:41:51.7954206Z Done in 1.6s using pnpm v10.33.2
package	Install locked coordinated dependencies	2026-09-14T23:41:54.8709693Z 
package	Install locked coordinated dependencies	2026-09-14T23:41:54.8710744Z added 45 packages, and audited 46 packages in 3s
package	Install locked coordinated dependencies	2026-09-14T23:41:54.8711567Z 
package	Install locked coordinated dependencies	2026-09-14T23:41:54.8712176Z 6 packages are looking for funding
package	Install locked coordinated dependencies	2026-09-14T23:41:54.8712872Z   run `npm fund` for details
package	Install locked coordinated dependencies	2026-09-14T23:41:54.8723316Z 
package	Install locked coordinated dependencies	2026-09-14T23:41:54.8723851Z found 0 vulnerabilities
package	Install locked coordinated dependencies	2026-09-14T23:41:54.8735748Z npm warn install-scripts 1 package has install scripts not yet covered by allowScripts:
package	Install locked coordinated dependencies	2026-09-14T23:41:54.8737373Z npm warn install-scripts   esbuild@0.28.2 (postinstall: node install.js)
package	Install locked coordinated dependencies	2026-09-14T23:41:54.8738294Z npm warn install-scripts
package	Install locked coordinated dependencies	2026-09-14T23:41:54.8739552Z npm warn install-scripts Run `npm install-scripts ls` to review, or `npm install-scripts approve <pkg>` to allow.
package	Install locked coordinated dependencies	2026-09-14T23:41:57.1422818Z 
package	Install locked coordinated dependencies	2026-09-14T23:41:57.1423654Z added 67 packages, and audited 68 packages in 2s
package	Install locked coordinated dependencies	2026-09-14T23:41:57.1424135Z 
package	Install locked coordinated dependencies	2026-09-14T23:41:57.1425363Z 15 packages are looking for funding
package	Install locked coordinated dependencies	2026-09-14T23:41:57.1426217Z   run `npm fund` for details
package	Install locked coordinated dependencies	2026-09-14T23:41:57.1435793Z 
package	Install locked coordinated dependencies	2026-09-14T23:41:57.1436566Z found 0 vulnerabilities
package	Install locked coordinated dependencies	2026-09-14T23:41:57.1447319Z npm warn install-scripts 1 package has install scripts not yet covered by allowScripts:
package	Install locked coordinated dependencies	2026-09-14T23:41:57.1448631Z npm warn install-scripts   esbuild@0.28.2 (postinstall: node install.js)
package	Install locked coordinated dependencies	2026-09-14T23:41:57.1449464Z npm warn install-scripts
package	Install locked coordinated dependencies	2026-09-14T23:41:57.1450662Z npm warn install-scripts Run `npm install-scripts ls` to review, or `npm install-scripts approve <pkg>` to allow.
package	Install locked coordinated dependencies	2026-09-14T23:41:59.3674049Z 
package	Install locked coordinated dependencies	2026-09-14T23:41:59.3677216Z added 67 packages, and audited 68 packages in 2s
package	Install locked coordinated dependencies	2026-09-14T23:41:59.3677710Z 
package	Install locked coordinated dependencies	2026-09-14T23:41:59.3677984Z 14 packages are looking for funding
package	Install locked coordinated dependencies	2026-09-14T23:41:59.3678468Z   run `npm fund` for details
package	Install locked coordinated dependencies	2026-09-14T23:41:59.3687694Z 
package	Install locked coordinated dependencies	2026-09-14T23:41:59.3688696Z found 0 vulnerabilities
package	Install locked coordinated dependencies	2026-09-14T23:41:59.3699267Z npm warn install-scripts 1 package has install scripts not yet covered by allowScripts:
package	Install locked coordinated dependencies	2026-09-14T23:41:59.3700624Z npm warn install-scripts   esbuild@0.28.2 (postinstall: node install.js)
package	Install locked coordinated dependencies	2026-09-14T23:41:59.3701448Z npm warn install-scripts
package	Install locked coordinated dependencies	2026-09-14T23:41:59.3702645Z npm warn install-scripts Run `npm install-scripts ls` to review, or `npm install-scripts approve <pkg>` to allow.
package	Build and link coordinated sources	﻿2026-09-14T23:41:59.3978036Z ##[group]Run pnpm build
package	Build and link coordinated sources	2026-09-14T23:41:59.3978348Z ^[[36;1mpnpm build^[[0m
package	Build and link coordinated sources	2026-09-14T23:41:59.3978656Z ^[[36;1mnode scripts/link-ecosystem.mjs --packages-only^[[0m
package	Build and link coordinated sources	2026-09-14T23:41:59.3979506Z shell: sh -e {0}
package	Build and link coordinated sources	2026-09-14T23:41:59.3979712Z env:
package	Build and link coordinated sources	2026-09-14T23:41:59.3980212Z   OPF_GOLDEN_BASELINE: /home/runner/work/opf-render/opf-render/opf-render/test/golden/opf-examples-png.furniture.sha256.json
package	Build and link coordinated sources	2026-09-14T23:41:59.3980841Z   PNPM_HOME: /github/home/setup-pnpm/node_modules/.bin
package	Build and link coordinated sources	2026-09-14T23:41:59.3981152Z ##[endgroup]
package	Build and link coordinated sources	2026-09-14T23:41:59.7370159Z 
package	Build and link coordinated sources	2026-09-14T23:41:59.7371174Z > openpresentation-workspace@ build /__w/opf-render/opf-render/opf
package	Build and link coordinated sources	2026-09-14T23:41:59.7372602Z > pnpm --filter @openpresentation/opf build && pnpm --filter @openpresentation/cli build
package	Build and link coordinated sources	2026-09-14T23:41:59.7373319Z 
package	Build and link coordinated sources	2026-09-14T23:42:00.0419296Z 
package	Build and link coordinated sources	2026-09-14T23:42:00.0420479Z > @openpresentation/opf@0.9.0 build /__w/opf-render/opf-render/opf/packages/javascript
package	Build and link coordinated sources	2026-09-14T23:42:00.0421690Z > pnpm run generate && tsup && node scripts/copy-spec.mjs
package	Build and link coordinated sources	2026-09-14T23:42:00.0422276Z 
package	Build and link coordinated sources	2026-09-14T23:42:00.3411775Z 
package	Build and link coordinated sources	2026-09-14T23:42:00.3412855Z > @openpresentation/opf@0.9.0 generate /__w/opf-render/opf-render/opf/packages/javascript
package	Build and link coordinated sources	2026-09-14T23:42:00.3414489Z > node scripts/generate.mjs && node scripts/generate-previews.mjs && node scripts/generate-content.mjs
package	Build and link coordinated sources	2026-09-14T23:42:00.3415308Z 
package	Build and link coordinated sources	2026-09-14T23:42:00.7979138Z Generated src/generated/previews.ts (70 previews)
package	Build and link coordinated sources	2026-09-14T23:42:00.9103710Z Generated src/generated/examples.ts (126 examples, 7 galleries)
package	Build and link coordinated sources	2026-09-14T23:42:00.9224803Z Generated src/generated/docs.ts (28 docs)
package	Build and link coordinated sources	2026-09-14T23:42:00.9231078Z Generated src/generated/repo-readme.ts (11388 bytes)
package	Build and link coordinated sources	2026-09-14T23:42:01.2483974Z ^[[34mCLI^[[39m Building entry: {"data":"src/data.ts","pagination":"src/pagination.ts","composition":"src/composition.ts","index":"src/index.ts","schemas":"src/schemas.ts","catalogs":"src/catalogs.ts","validator":"src/validator.ts","types":"src/types.ts","spec-files":"src/spec-files.ts","previews":"src/previews.ts","examples":"src/examples.ts","docs":"src/docs.ts","repo-readme":"src/repo-readme.ts"}
package	Build and link coordinated sources	2026-09-14T23:42:01.2487439Z ^[[34mCLI^[[39m Using tsconfig: tsconfig.json
package	Build and link coordinated sources	2026-09-14T23:42:01.2488059Z ^[[34mCLI^[[39m tsup v8.5.1
package	Build and link coordinated sources	2026-09-14T23:42:01.2488724Z ^[[34mCLI^[[39m Using tsup config: /__w/opf-render/opf-render/opf/packages/javascript/tsup.config.ts
package	Build and link coordinated sources	2026-09-14T23:42:01.2525995Z ^[[34mCLI^[[39m Target: es2022
package	Build and link coordinated sources	2026-09-14T23:42:01.2573512Z ^[[34mCLI^[[39m Cleaning output folder
package	Build and link coordinated sources	2026-09-14T23:42:01.2585175Z ^[[34mESM^[[39m Build start
package	Build and link coordinated sources	2026-09-14T23:42:01.8678410Z Generated an empty chunk: "types".
package	Build and link coordinated sources	2026-09-14T23:42:02.0333387Z ^[[34mDTS^[[39m Build start
package	Build and link coordinated sources	2026-09-14T23:42:02.3018605Z ^[[32mESM^[[39m ^[[1mdist/spec-files.js     ^[[22m^[[32m85.00 B^[[39m
package	Build and link coordinated sources	2026-09-14T23:42:02.3019854Z ^[[32mESM^[[39m ^[[1mdist/data.js           ^[[22m^[[32m95.00 B^[[39m
package	Build and link coordinated sources	2026-09-14T23:42:02.3020873Z ^[[32mESM^[[39m ^[[1mdist/pagination.js     ^[[22m^[[32m215.00 B^[[39m
package	Build and link coordinated sources	2026-09-14T23:42:02.3021956Z ^[[32mESM^[[39m ^[[1mdist/previews.js       ^[[22m^[[32m130.00 B^[[39m
package	Build and link coordinated sources	2026-09-14T23:42:02.3023013Z ^[[32mESM^[[39m ^[[1mdist/composition.js    ^[[22m^[[32m437.00 B^[[39m
package	Build and link coordinated sources	2026-09-14T23:42:02.3024292Z ^[[32mESM^[[39m ^[[1mdist/repo-readme.js    ^[[22m^[[32m11.47 KB^[[39m
package	Build and link coordinated sources	2026-09-14T23:42:02.3025342Z ^[[32mESM^[[39m ^[[1mdist/index.js          ^[[22m^[[32m1.38 KB^[[39m
package	Build and link coordinated sources	2026-09-14T23:42:02.3026408Z ^[[32mESM^[[39m ^[[1mdist/chunk-PIQXLBBJ.js ^[[22m^[[32m108.89 KB^[[39m
package	Build and link coordinated sources	2026-09-14T23:42:02.3027784Z ^[[32mESM^[[39m ^[[1mdist/chunk-SOSOBKQ2.js ^[[22m^[[32m6.52 KB^[[39m
package	Build and link coordinated sources	2026-09-14T23:42:02.3028854Z ^[[32mESM^[[39m ^[[1mdist/chunk-OZULJBSG.js ^[[22m^[[32m117.86 KB^[[39m
package	Build and link coordinated sources	2026-09-14T23:42:02.3029961Z ^[[32mESM^[[39m ^[[1mdist/catalogs.js       ^[[22m^[[32m238.00 B^[[39m
package	Build and link coordinated sources	2026-09-14T23:42:02.3030985Z ^[[32mESM^[[39m ^[[1mdist/schemas.js        ^[[22m^[[32m202.00 B^[[39m
package	Build and link coordinated sources	2026-09-14T23:42:02.3032007Z ^[[32mESM^[[39m ^[[1mdist/validator.js      ^[[22m^[[32m267.00 B^[[39m
package	Build and link coordinated sources	2026-09-14T23:42:02.3033026Z ^[[32mESM^[[39m ^[[1mdist/chunk-F7ZUBA4H.js ^[[22m^[[32m14.23 KB^[[39m
package	Build and link coordinated sources	2026-09-14T23:42:02.3034032Z ^[[32mESM^[[39m ^[[1mdist/chunk-JANDGUGA.js ^[[22m^[[32m27.16 KB^[[39m
package	Build and link coordinated sources	2026-09-14T23:42:02.3035567Z ^[[32mESM^[[39m ^[[1mdist/chunk-7IWTWUNU.js ^[[22m^[[32m93.98 KB^[[39m
package	Build and link coordinated sources	2026-09-14T23:42:02.3036593Z ^[[32mESM^[[39m ^[[1mdist/types.js          ^[[22m^[[32m1.00 B^[[39m
package	Build and link coordinated sources	2026-09-14T23:42:02.3037941Z ^[[32mESM^[[39m ^[[1mdist/chunk-GQSK3T7X.js ^[[22m^[[32m219.58 KB^[[39m
package	Build and link coordinated sources	2026-09-14T23:42:02.3039005Z ^[[32mESM^[[39m ^[[1mdist/chunk-TWMRZ43O.js ^[[22m^[[32m499.00 KB^[[39m
package	Build and link coordinated sources	2026-09-14T23:42:02.3040032Z ^[[32mESM^[[39m ^[[1mdist/docs.js           ^[[22m^[[32m526.61 KB^[[39m
package	Build and link coordinated sources	2026-09-14T23:42:02.3041041Z ^[[32mESM^[[39m ^[[1mdist/examples.js       ^[[22m^[[32m3.48 MB^[[39m
package	Build and link coordinated sources	2026-09-14T23:42:02.3041913Z ^[[32mESM^[[39m ⚡️ Build success in 1043ms
package	Build and link coordinated sources	2026-09-14T23:42:08.0996164Z ^[[32mDTS^[[39m ⚡️ Build success in 6443ms
package	Build and link coordinated sources	2026-09-14T23:42:08.1002292Z ^[[32mDTS^[[39m ^[[1mdist/index.d.ts                 ^[[22m^[[32m3.16 KB^[[39m
package	Build and link coordinated sources	2026-09-14T23:42:08.1004260Z ^[[32mDTS^[[39m ^[[1mdist/data.d.ts                  ^[[22m^[[32m1005.00 B^[[39m
package	Build and link coordinated sources	2026-09-14T23:42:08.1006432Z ^[[32mDTS^[[39m ^[[1mdist/pagination.d.ts            ^[[22m^[[32m2.40 KB^[[39m
package	Build and link coordinated sources	2026-09-14T23:42:08.1008089Z ^[[32mDTS^[[39m ^[[1mdist/previews.d.ts              ^[[22m^[[32m1.71 KB^[[39m
package	Build and link coordinated sources	2026-09-14T23:42:08.1008902Z ^[[32mDTS^[[39m ^[[1mdist/repo-readme.d.ts           ^[[22m^[[32m139.00 B^[[39m
package	Build and link coordinated sources	2026-09-14T23:42:08.1009637Z ^[[32mDTS^[[39m ^[[1mdist/examples.d.ts              ^[[22m^[[32m2.09 KB^[[39m
package	Build and link coordinated sources	2026-09-14T23:42:08.1010340Z ^[[32mDTS^[[39m ^[[1mdist/docs.d.ts                  ^[[22m^[[32m671.00 B^[[39m
package	Build and link coordinated sources	2026-09-14T23:42:08.1024782Z ^[[32mDTS^[[39m ^[[1mdist/composition.d.ts           ^[[22m^[[32m25.02 KB^[[39m
package	Build and link coordinated sources	2026-09-14T23:42:08.1025646Z ^[[32mDTS^[[39m ^[[1mdist/validator.d.ts             ^[[22m^[[32m1.54 KB^[[39m
package	Build and link coordinated sources	2026-09-14T23:42:08.1026271Z ^[[32mDTS^[[39m ^[[1mdist/spec-files.d.ts            ^[[22m^[[32m19.57 KB^[[39m
package	Build and link coordinated sources	2026-09-14T23:42:08.1027389Z ^[[32mDTS^[[39m ^[[1mdist/schemas.d.ts               ^[[22m^[[32m314.00 B^[[39m
package	Build and link coordinated sources	2026-09-14T23:42:08.1028024Z ^[[32mDTS^[[39m ^[[1mdist/catalogs.d.ts              ^[[22m^[[32m454.00 B^[[39m
package	Build and link coordinated sources	2026-09-14T23:42:08.1028596Z ^[[32mDTS^[[39m ^[[1mdist/types.d.ts                 ^[[22m^[[32m416.00 B^[[39m
package	Build and link coordinated sources	2026-09-14T23:42:08.1029207Z ^[[32mDTS^[[39m ^[[1mdist/presentation-BMTdX6O1.d.ts ^[[22m^[[32m113.38 KB^[[39m
package	Build and link coordinated sources	2026-09-14T23:42:08.1029822Z ^[[32mDTS^[[39m ^[[1mdist/schemas--QRVBhU1.d.ts      ^[[22m^[[32m8.84 KB^[[39m
package	Build and link coordinated sources	2026-09-14T23:42:08.1030405Z ^[[32mDTS^[[39m ^[[1mdist/catalogs-BnnkUX9O.d.ts     ^[[22m^[[32m46.31 KB^[[39m
package	Build and link coordinated sources	2026-09-14T23:42:08.7071569Z 
package	Build and link coordinated sources	2026-09-14T23:42:08.7072541Z > @openpresentation/cli@0.7.0 build /__w/opf-render/opf-render/opf/packages/cli
package	Build and link coordinated sources	2026-09-14T23:42:08.7073194Z > pnpm --filter @openpresentation/opf build && tsup
package	Build and link coordinated sources	2026-09-14T23:42:08.7073464Z 
package	Build and link coordinated sources	2026-09-14T23:42:09.0076530Z 
package	Build and link coordinated sources	2026-09-14T23:42:09.0077784Z > @openpresentation/opf@0.9.0 build /__w/opf-render/opf-render/opf/packages/javascript
package	Build and link coordinated sources	2026-09-14T23:42:09.0079503Z > pnpm run generate && tsup && node scripts/copy-spec.mjs
package	Build and link coordinated sources	2026-09-14T23:42:09.0079986Z 
package	Build and link coordinated sources	2026-09-14T23:42:09.3055954Z 
package	Build and link coordinated sources	2026-09-14T23:42:09.3057004Z > @openpresentation/opf@0.9.0 generate /__w/opf-render/opf-render/opf/packages/javascript
package	Build and link coordinated sources	2026-09-14T23:42:09.3057965Z > node scripts/generate.mjs && node scripts/generate-previews.mjs && node scripts/generate-content.mjs
package	Build and link coordinated sources	2026-09-14T23:42:09.3058446Z 
package	Build and link coordinated sources	2026-09-14T23:42:09.7465595Z Generated src/generated/previews.ts (70 previews)
package	Build and link coordinated sources	2026-09-14T23:42:09.8574863Z Generated src/generated/examples.ts (126 examples, 7 galleries)
package	Build and link coordinated sources	2026-09-14T23:42:09.8688997Z Generated src/generated/docs.ts (28 docs)
package	Build and link coordinated sources	2026-09-14T23:42:09.8695147Z Generated src/generated/repo-readme.ts (11388 bytes)
package	Build and link coordinated sources	2026-09-14T23:42:10.1770970Z ^[[34mCLI^[[39m Building entry: {"data":"src/data.ts","pagination":"src/pagination.ts","composition":"src/composition.ts","index":"src/index.ts","schemas":"src/schemas.ts","catalogs":"src/catalogs.ts","validator":"src/validator.ts","types":"src/types.ts","spec-files":"src/spec-files.ts","previews":"src/previews.ts","examples":"src/examples.ts","docs":"src/docs.ts","repo-readme":"src/repo-readme.ts"}
package	Build and link coordinated sources	2026-09-14T23:42:10.1773489Z ^[[34mCLI^[[39m Using tsconfig: tsconfig.json
package	Build and link coordinated sources	2026-09-14T23:42:10.1774145Z ^[[34mCLI^[[39m tsup v8.5.1
package	Build and link coordinated sources	2026-09-14T23:42:10.1775206Z ^[[34mCLI^[[39m Using tsup config: /__w/opf-render/opf-render/opf/packages/javascript/tsup.config.ts
package	Build and link coordinated sources	2026-09-14T23:42:10.1817538Z ^[[34mCLI^[[39m Target: es2022
package	Build and link coordinated sources	2026-09-14T23:42:10.2052909Z ^[[34mCLI^[[39m Cleaning output folder
package	Build and link coordinated sources	2026-09-14T23:42:10.2065040Z ^[[34mESM^[[39m Build start
package	Build and link coordinated sources	2026-09-14T23:42:10.7678967Z Generated an empty chunk: "types".
package	Build and link coordinated sources	2026-09-14T23:42:10.9942620Z ^[[34mDTS^[[39m Build start
package	Build and link coordinated sources	2026-09-14T23:42:11.4100883Z ^[[32mESM^[[39m ^[[1mdist/spec-files.js     ^[[22m^[[32m85.00 B^[[39m
package	Build and link coordinated sources	2026-09-14T23:42:11.4101874Z ^[[32mESM^[[39m ^[[1mdist/previews.js       ^[[22m^[[32m130.00 B^[[39m
package	Build and link coordinated sources	2026-09-14T23:42:11.4102648Z ^[[32mESM^[[39m ^[[1mdist/repo-readme.js    ^[[22m^[[32m11.47 KB^[[39m
package	Build and link coordinated sources	2026-09-14T23:42:11.4103408Z ^[[32mESM^[[39m ^[[1mdist/data.js           ^[[22m^[[32m95.00 B^[[39m
package	Build and link coordinated sources	2026-09-14T23:42:11.4104225Z ^[[32mESM^[[39m ^[[1mdist/pagination.js     ^[[22m^[[32m215.00 B^[[39m
package	Build and link coordinated sources	2026-09-14T23:42:11.4104890Z ^[[32mESM^[[39m ^[[1mdist/composition.js    ^[[22m^[[32m437.00 B^[[39m
package	Build and link coordinated sources	2026-09-14T23:42:11.4105553Z ^[[32mESM^[[39m ^[[1mdist/index.js          ^[[22m^[[32m1.38 KB^[[39m
package	Build and link coordinated sources	2026-09-14T23:42:11.4106226Z ^[[32mESM^[[39m ^[[1mdist/chunk-PIQXLBBJ.js ^[[22m^[[32m108.89 KB^[[39m
package	Build and link coordinated sources	2026-09-14T23:42:11.4107219Z ^[[32mESM^[[39m ^[[1mdist/chunk-SOSOBKQ2.js ^[[22m^[[32m6.52 KB^[[39m
package	Build and link coordinated sources	2026-09-14T23:42:11.4107952Z ^[[32mESM^[[39m ^[[1mdist/schemas.js        ^[[22m^[[32m202.00 B^[[39m
package	Build and link coordinated sources	2026-09-14T23:42:11.4108636Z ^[[32mESM^[[39m ^[[1mdist/chunk-F7ZUBA4H.js ^[[22m^[[32m14.23 KB^[[39m
package	Build and link coordinated sources	2026-09-14T23:42:11.4109298Z ^[[32mESM^[[39m ^[[1mdist/catalogs.js       ^[[22m^[[32m238.00 B^[[39m
package	Build and link coordinated sources	2026-09-14T23:42:11.4109959Z ^[[32mESM^[[39m ^[[1mdist/validator.js      ^[[22m^[[32m267.00 B^[[39m
package	Build and link coordinated sources	2026-09-14T23:42:11.4110612Z ^[[32mESM^[[39m ^[[1mdist/chunk-JANDGUGA.js ^[[22m^[[32m27.16 KB^[[39m
package	Build and link coordinated sources	2026-09-14T23:42:11.4111308Z ^[[32mESM^[[39m ^[[1mdist/chunk-OZULJBSG.js ^[[22m^[[32m117.86 KB^[[39m
package	Build and link coordinated sources	2026-09-14T23:42:11.4112002Z ^[[32mESM^[[39m ^[[1mdist/chunk-GQSK3T7X.js ^[[22m^[[32m219.58 KB^[[39m
package	Build and link coordinated sources	2026-09-14T23:42:11.4112668Z ^[[32mESM^[[39m ^[[1mdist/types.js          ^[[22m^[[32m1.00 B^[[39m
package	Build and link coordinated sources	2026-09-14T23:42:11.4113341Z ^[[32mESM^[[39m ^[[1mdist/chunk-7IWTWUNU.js ^[[22m^[[32m93.98 KB^[[39m
package	Build and link coordinated sources	2026-09-14T23:42:11.4114018Z ^[[32mESM^[[39m ^[[1mdist/chunk-TWMRZ43O.js ^[[22m^[[32m499.00 KB^[[39m
package	Build and link coordinated sources	2026-09-14T23:42:11.4114683Z ^[[32mESM^[[39m ^[[1mdist/docs.js           ^[[22m^[[32m526.61 KB^[[39m
package	Build and link coordinated sources	2026-09-14T23:42:11.4115338Z ^[[32mESM^[[39m ^[[1mdist/examples.js       ^[[22m^[[32m3.48 MB^[[39m
package	Build and link coordinated sources	2026-09-14T23:42:11.4115944Z ^[[32mESM^[[39m ⚡️ Build success in 1203ms
package	Build and link coordinated sources	2026-09-14T23:42:16.9249563Z ^[[32mDTS^[[39m ⚡️ Build success in 6350ms
package	Build and link coordinated sources	2026-09-14T23:42:16.9256032Z ^[[32mDTS^[[39m ^[[1mdist/index.d.ts                 ^[[22m^[[32m3.16 KB^[[39m
package	Build and link coordinated sources	2026-09-14T23:42:16.9257701Z ^[[32mDTS^[[39m ^[[1mdist/data.d.ts                  ^[[22m^[[32m1005.00 B^[[39m
package	Build and link coordinated sources	2026-09-14T23:42:16.9259303Z ^[[32mDTS^[[39m ^[[1mdist/pagination.d.ts            ^[[22m^[[32m2.40 KB^[[39m
package	Build and link coordinated sources	2026-09-14T23:42:16.9261598Z ^[[32mDTS^[[39m ^[[1mdist/previews.d.ts              ^[[22m^[[32m1.71 KB^[[39m
package	Build and link coordinated sources	2026-09-14T23:42:16.9264216Z ^[[32mDTS^[[39m ^[[1mdist/repo-readme.d.ts           ^[[22m^[[32m139.00 B^[[39m
package	Build and link coordinated sources	2026-09-14T23:42:16.9265732Z ^[[32mDTS^[[39m ^[[1mdist/examples.d.ts              ^[[22m^[[32m2.09 KB^[[39m
package	Build and link coordinated sources	2026-09-14T23:42:16.9267528Z ^[[32mDTS^[[39m ^[[1mdist/docs.d.ts                  ^[[22m^[[32m671.00 B^[[39m
package	Build and link coordinated sources	2026-09-14T23:42:16.9269041Z ^[[32mDTS^[[39m ^[[1mdist/composition.d.ts           ^[[22m^[[32m25.02 KB^[[39m
package	Build and link coordinated sources	2026-09-14T23:42:16.9270540Z ^[[32mDTS^[[39m ^[[1mdist/validator.d.ts             ^[[22m^[[32m1.54 KB^[[39m
package	Build and link coordinated sources	2026-09-14T23:42:16.9272012Z ^[[32mDTS^[[39m ^[[1mdist/spec-files.d.ts            ^[[22m^[[32m19.57 KB^[[39m
package	Build and link coordinated sources	2026-09-14T23:42:16.9272969Z ^[[32mDTS^[[39m ^[[1mdist/schemas.d.ts               ^[[22m^[[32m314.00 B^[[39m
package	Build and link coordinated sources	2026-09-14T23:42:16.9273754Z ^[[32mDTS^[[39m ^[[1mdist/catalogs.d.ts              ^[[22m^[[32m454.00 B^[[39m
package	Build and link coordinated sources	2026-09-14T23:42:16.9274510Z ^[[32mDTS^[[39m ^[[1mdist/types.d.ts                 ^[[22m^[[32m416.00 B^[[39m
package	Build and link coordinated sources	2026-09-14T23:42:16.9275272Z ^[[32mDTS^[[39m ^[[1mdist/presentation-BMTdX6O1.d.ts ^[[22m^[[32m113.38 KB^[[39m
package	Build and link coordinated sources	2026-09-14T23:42:16.9276050Z ^[[32mDTS^[[39m ^[[1mdist/schemas--QRVBhU1.d.ts      ^[[22m^[[32m8.84 KB^[[39m
package	Build and link coordinated sources	2026-09-14T23:42:16.9277109Z ^[[32mDTS^[[39m ^[[1mdist/catalogs-BnnkUX9O.d.ts     ^[[22m^[[32m46.31 KB^[[39m
package	Build and link coordinated sources	2026-09-14T23:42:17.5275891Z ^[[34mCLI^[[39m Building entry: {"index":"src/index.ts"}
package	Build and link coordinated sources	2026-09-14T23:42:17.5279420Z ^[[34mCLI^[[39m Using tsconfig: tsconfig.json
package	Build and link coordinated sources	2026-09-14T23:42:17.5281310Z ^[[34mCLI^[[39m tsup v8.5.1
package	Build and link coordinated sources	2026-09-14T23:42:17.5282540Z ^[[34mCLI^[[39m Using tsup config: /__w/opf-render/opf-render/opf/packages/cli/tsup.config.ts
package	Build and link coordinated sources	2026-09-14T23:42:17.5296338Z ^[[34mCLI^[[39m Target: node24
package	Build and link coordinated sources	2026-09-14T23:42:17.5326175Z ^[[34mCLI^[[39m Cleaning output folder
package	Build and link coordinated sources	2026-09-14T23:42:17.5338041Z ^[[34mESM^[[39m Build start
package	Build and link coordinated sources	2026-09-14T23:42:17.6773480Z ^[[32mESM^[[39m ^[[1mdist/index.js     ^[[22m^[[32m1.22 MB^[[39m
package	Build and link coordinated sources	2026-09-14T23:42:17.6774200Z ^[[32mESM^[[39m ^[[1mdist/index.js.map ^[[22m^[[32m1.90 MB^[[39m
package	Build and link coordinated sources	2026-09-14T23:42:17.6774842Z ^[[32mESM^[[39m ⚡️ Build success in 144ms
package	Build and link coordinated sources	2026-09-14T23:42:17.8466481Z 
package	Build and link coordinated sources	2026-09-14T23:42:17.8467394Z > @openpresentation/opf-render@0.7.0 build
package	Build and link coordinated sources	2026-09-14T23:42:17.8467963Z > node scripts/build.mjs
package	Build and link coordinated sources	2026-09-14T23:42:17.8468135Z 
package	Build and link coordinated sources	2026-09-14T23:42:17.8869932Z opf-render: linked current OPF checkout
package	Build and link coordinated sources	2026-09-14T23:42:17.9984285Z 
package	Build and link coordinated sources	2026-09-14T23:42:17.9985029Z > @openpresentation/opf-pptx@0.7.0 build
package	Build and link coordinated sources	2026-09-14T23:42:17.9985754Z > node scripts/build.mjs
package	Build and link coordinated sources	2026-09-14T23:42:17.9986081Z 
package	Build and link coordinated sources	2026-09-14T23:42:18.0388000Z Vendored upstream distribution and license match recorded hashes.
package	Build and link coordinated sources	2026-09-14T23:42:18.0541296Z opf-pptx: linked current OPF, renderer checkout
package	Build and link coordinated sources	2026-09-14T23:42:18.1629679Z 
package	Build and link coordinated sources	2026-09-14T23:42:18.1630398Z > @openpresentation/opf-editor@0.6.0 build
package	Build and link coordinated sources	2026-09-14T23:42:18.1630888Z > node scripts/build.mjs
package	Build and link coordinated sources	2026-09-14T23:42:18.1631074Z 
package	Build and link coordinated sources	2026-09-14T23:42:18.2038048Z opf-editor: linked current OPF, renderer, converter checkout
package	Run npm audit	﻿2026-09-14T23:42:18.2143634Z ##[group]Run npm audit
package	Run npm audit	2026-09-14T23:42:18.2143928Z ^[[36;1mnpm audit^[[0m
package	Run npm audit	2026-09-14T23:42:18.2144270Z shell: sh -e {0}
package	Run npm audit	2026-09-14T23:42:18.2144472Z env:
package	Run npm audit	2026-09-14T23:42:18.2144986Z   OPF_GOLDEN_BASELINE: /home/runner/work/opf-render/opf-render/opf-render/test/golden/opf-examples-png.furniture.sha256.json
package	Run npm audit	2026-09-14T23:42:18.2145631Z   PNPM_HOME: /github/home/setup-pnpm/node_modules/.bin
package	Run npm audit	2026-09-14T23:42:18.2145953Z ##[endgroup]
package	Run npm audit	2026-09-14T23:42:18.6771706Z found 0 vulnerabilities
package	Run npm run typecheck	﻿2026-09-14T23:42:18.6918742Z ##[group]Run npm run typecheck
package	Run npm run typecheck	2026-09-14T23:42:18.6919066Z ^[[36;1mnpm run typecheck^[[0m
package	Run npm run typecheck	2026-09-14T23:42:18.6919418Z shell: sh -e {0}
package	Run npm run typecheck	2026-09-14T23:42:18.6919622Z env:
package	Run npm run typecheck	2026-09-14T23:42:18.6920117Z   OPF_GOLDEN_BASELINE: /home/runner/work/opf-render/opf-render/opf-render/test/golden/opf-examples-png.furniture.sha256.json
package	Run npm run typecheck	2026-09-14T23:42:18.6920754Z   PNPM_HOME: /github/home/setup-pnpm/node_modules/.bin
package	Run npm run typecheck	2026-09-14T23:42:18.6921066Z ##[endgroup]
package	Run npm run typecheck	2026-09-14T23:42:18.8401419Z 
package	Run npm run typecheck	2026-09-14T23:42:18.8402131Z > @openpresentation/opf-render@0.7.0 typecheck
package	Run npm run typecheck	2026-09-14T23:42:18.8408791Z > node --check src/index.js && node --check scripts/build.mjs && node --check scripts/validate-package.mjs && node --check test/smoke.mjs && node --check test/golden.mjs && node --check src/fonts.js && node --check src/fonts-node.js && node --check src/font-compatibility.js && node --check test/office-fonts.mjs && node --check src/fonts-browser.js && node --check test/fonts-browser.mjs && node --check src/svg.js && node --check src/raster.js && node --check src/raster-images.js && node --check test/webp.mjs && node --check test/jpeg-orientation.mjs && node --check scripts/build-browser-check.mjs && node --check test/jpeg-browser.js && node --check test/rich-table.mjs && node --check test/styled-table.mjs && node --check test/chart-colors.mjs && node --check test/image-placeholders.mjs && node --check test/image-placeholders-browser.mjs && node --check test/accepted-text.mjs && node --check test/accepted-text-fixtures.mjs && node --check test/accepted-text-browser.mjs && node --check test/rich-spacing-browser.mjs && node --check test/rich-flow-browser.mjs && node --check test/rich-flow-review-sheets.mjs && node --check test/furniture.mjs
package	Run npm run typecheck	2026-09-14T23:42:18.8414710Z 
package	Run npm run validate	﻿2026-09-14T23:42:19.5414075Z ##[group]Run npm run validate
package	Run npm run validate	2026-09-14T23:42:19.5414396Z ^[[36;1mnpm run validate^[[0m
package	Run npm run validate	2026-09-14T23:42:19.5414905Z shell: sh -e {0}
package	Run npm run validate	2026-09-14T23:42:19.5415114Z env:
package	Run npm run validate	2026-09-14T23:42:19.5415618Z   OPF_GOLDEN_BASELINE: /home/runner/work/opf-render/opf-render/opf-render/test/golden/opf-examples-png.furniture.sha256.json
package	Run npm run validate	2026-09-14T23:42:19.5416256Z   PNPM_HOME: /github/home/setup-pnpm/node_modules/.bin
package	Run npm run validate	2026-09-14T23:42:19.5417151Z ##[endgroup]
package	Run npm run validate	2026-09-14T23:42:19.6894859Z 
package	Run npm run validate	2026-09-14T23:42:19.6895607Z > @openpresentation/opf-render@0.7.0 validate
package	Run npm run validate	2026-09-14T23:42:19.6896401Z > node scripts/validate-package.mjs
package	Run npm run validate	2026-09-14T23:42:19.6897048Z 
package	Run npm run validate	2026-09-14T23:42:19.7954182Z @openpresentation/opf-render metadata is release-lane ready.
package	Run npm run test:font-preparation	﻿2026-09-14T23:42:19.8125700Z ##[group]Run npm run test:font-preparation
package	Run npm run test:font-preparation	2026-09-14T23:42:19.8126073Z ^[[36;1mnpm run test:font-preparation^[[0m
package	Run npm run test:font-preparation	2026-09-14T23:42:19.8126491Z shell: sh -e {0}
package	Run npm run test:font-preparation	2026-09-14T23:42:19.8127283Z env:
package	Run npm run test:font-preparation	2026-09-14T23:42:19.8127828Z   OPF_GOLDEN_BASELINE: /home/runner/work/opf-render/opf-render/opf-render/test/golden/opf-examples-png.furniture.sha256.json
package	Run npm run test:font-preparation	2026-09-14T23:42:19.8128463Z   PNPM_HOME: /github/home/setup-pnpm/node_modules/.bin
package	Run npm run test:font-preparation	2026-09-14T23:42:19.8128777Z ##[endgroup]
package	Run npm run test:font-preparation	2026-09-14T23:42:19.9567405Z 
package	Run npm run test:font-preparation	2026-09-14T23:42:19.9568265Z > @openpresentation/opf-render@0.7.0 test:font-preparation
package	Run npm run test:font-preparation	2026-09-14T23:42:19.9569360Z > node test/font-preparation.mjs artifacts/font-preparation.json
package	Run npm run test:font-preparation	2026-09-14T23:42:19.9570030Z 
package	Run npm run test:font-preparation	2026-09-14T23:42:22.1311349Z Prepared fonts: 33 pinned faces/notices, nine exact raster styles, deterministic document workflow, explicit substitutions and integrity failure/recovery passed.
package	Run npm run test:font-variants	﻿2026-09-14T23:42:22.1840795Z ##[group]Run npm run test:font-variants
package	Run npm run test:font-variants	2026-09-14T23:42:22.1841510Z ^[[36;1mnpm run test:font-variants^[[0m
package	Run npm run test:font-variants	2026-09-14T23:42:22.1842093Z shell: sh -e {0}
package	Run npm run test:font-variants	2026-09-14T23:42:22.1842469Z env:
package	Run npm run test:font-variants	2026-09-14T23:42:22.1843000Z   OPF_GOLDEN_BASELINE: /home/runner/work/opf-render/opf-render/opf-render/test/golden/opf-examples-png.furniture.sha256.json
package	Run npm run test:font-variants	2026-09-14T23:42:22.1843656Z   PNPM_HOME: /github/home/setup-pnpm/node_modules/.bin
package	Run npm run test:font-variants	2026-09-14T23:42:22.1843965Z ##[endgroup]
package	Run npm run test:font-variants	2026-09-14T23:42:22.3343632Z 
package	Run npm run test:font-variants	2026-09-14T23:42:22.3344404Z > @openpresentation/opf-render@0.7.0 test:font-variants
package	Run npm run test:font-variants	2026-09-14T23:42:22.3344974Z > node test/font-variants.mjs
package	Run npm run test:font-variants	2026-09-14T23:42:22.3345174Z 
package	Run npm run test:font-variants	2026-09-14T23:42:22.7576522Z Nine exact grouped faces preserve measured bytes and physical style links; overrides, aliases, duplicates and approximation controls pass.
package	Run npm test	﻿2026-09-14T23:42:22.7841317Z ##[group]Run npm test
package	Run npm test	2026-09-14T23:42:22.7841623Z ^[[36;1mnpm test^[[0m
package	Run npm test	2026-09-14T23:42:22.7841924Z shell: sh -e {0}
package	Run npm test	2026-09-14T23:42:22.7842138Z env:
package	Run npm test	2026-09-14T23:42:22.7842651Z   OPF_GOLDEN_BASELINE: /home/runner/work/opf-render/opf-render/opf-render/test/golden/opf-examples-png.furniture.sha256.json
package	Run npm test	2026-09-14T23:42:22.7843501Z   PNPM_HOME: /github/home/setup-pnpm/node_modules/.bin
package	Run npm test	2026-09-14T23:42:22.7843865Z ##[endgroup]
package	Run npm test	2026-09-14T23:42:22.9430972Z 
package	Run npm test	2026-09-14T23:42:22.9431715Z > @openpresentation/opf-render@0.7.0 test
package	Run npm test	2026-09-14T23:42:22.9435219Z > npm run build && node test/furniture.mjs && node test/font-outlines.mjs && node test/accepted-text.mjs && node test/image-placeholders.mjs && node test/chart-colors.mjs && node test/smoke.mjs && node test/webp.mjs && node test/jpeg-orientation.mjs && node test/fonts.mjs && node test/office-fonts.mjs && node test/timeline.mjs && node test/quote-footer.mjs && node test/shared-quote.mjs && node test/rich-trace.mjs && node test/rich-table.mjs && node test/golden-gate.mjs && node test/golden.mjs && node test/fonts-browser.mjs && node test/design-preview.mjs && npm run build:browser-check && npm run test:styled-table
package	Run npm test	2026-09-14T23:42:22.9437999Z 
package	Run npm test	2026-09-14T23:42:23.0455535Z 
package	Run npm test	2026-09-14T23:42:23.0455977Z > @openpresentation/opf-render@0.7.0 build
package	Run npm test	2026-09-14T23:42:23.0456850Z > node scripts/build.mjs
package	Run npm test	2026-09-14T23:42:23.0457062Z 
package	Run npm test	2026-09-14T23:42:23.6656188Z Furniture renderer passed: shared readable fields, combined image/text, generated metadata, fit images, local disabling and unresolved-content rejection.
package	Run npm test	2026-09-14T23:42:24.6998120Z Font outlines: 99 pinned face/text combinations preserve advances, scaling and cache isolation; empty ink, negative bearings, substitution and strict errors pass.
package	Run npm test	2026-09-14T23:42:25.8145177Z Accepted text: 48 wide/portrait/card/alignment/scalar/rich cases consume exact accepted fits and styles; overflow diagnostics and strict rejection pass.
package	Run npm test	2026-09-14T23:42:26.1295919Z Image placeholders passed: 7 source-preserving theme, bounded-label/icon, accessible-description, alias override and resolver cases; opacity preserved and asset failures explicit.
package	Run npm test	2026-09-14T23:42:26.4854452Z Chart colors passed: 40 simple/catalog paths, light/dark/opposite surfaces, retained alpha and unresolved data; no source mutation.
package	Run npm test	2026-09-14T23:42:28.1673665Z opf-render smoke passed (126 OPF corpus deck(s) rendered).
package	Run npm test	2026-09-14T23:42:29.3195775Z WebP raster passed: 23 PNG/PDF and fit/crop cases; independent pixels, PDF image streams, alpha/EXIF/first frame, SVG input forms, errors and unchanged source SVG.
package	Run npm test	2026-09-14T23:42:29.8986102Z JPEG orientation passed: 24 raster/PDF and fit/crop cases across all eight orientations; independent Pillow pixels (max channel difference 2), original orientation-1 bytes and path-specific errors.
package	Run npm test	2026-09-14T23:42:30.5082954Z Fonts: actual advances, scaling, strict missing fonts/glyphs, explicit substitution, embedding and raster output passed.
package	Run npm test	2026-09-14T23:42:32.3653595Z Office font policy passed: 24 bundled faces, exact-first lookup, scoped metric claims, theme aliases, explicit approximate fallback, and symbol/math/coverage errors.
package	Run npm test	2026-09-14T23:42:32.8562496Z Timelines passed: 1/2/4/8 events, wide and portrait slides, measured text and marker containment.
package	Run npm test	2026-09-14T23:42:35.5879789Z Quote footer passed: 8 fitted long quotes retain separation, 2 oversized cases diagnose/reject in strict mode across wide and portrait canvases.
package	Run npm test	2026-09-14T23:42:36.6135013Z Shared quote SVG: 4 exact accepted layouts/styles with no extra measurement, reasoned overflow, strict rejection and no tiny-cell omission.
package	Run npm test	2026-09-14T23:42:36.9200167Z Rich trace passed: leading/trailing blank lines, CRLF, cross-run offsets and measured heights.
package	Run npm test	2026-09-14T23:42:37.3362244Z Rich table renderer passed: formatted cell/header runs, trace paths, links, empty rich cells, PNG output and strict overflow.
package	Run npm test	2026-09-14T23:42:40.1214960Z Golden gate passed: missing baseline, pixel drift, source drift, non-mutating candidate generation and empty-corpus rejection.
package	Run npm test	2026-09-14T23:42:48.3501894Z Golden passed: 805 slides, 126 decks; no skipped corpus.
package	Run npm test	2026-09-14T23:42:48.6054293Z Browser fonts: identical bytes, measurement, owned cleanup, network failure and abort passed.
package	Run npm test	2026-09-14T23:42:48.9109007Z Design preview: header/footer zones, inheritance suppression, angles, opacity, patterns, image background and watermark passed.
package	Run npm test	2026-09-14T23:42:49.0167955Z 
package	Run npm test	2026-09-14T23:42:49.0168841Z > @openpresentation/opf-render@0.7.0 build:browser-check
package	Run npm test	2026-09-14T23:42:49.0169506Z > node scripts/build-browser-check.mjs
package	Run npm test	2026-09-14T23:42:49.0169734Z 
package	Run npm test	2026-09-14T23:42:49.1209383Z Browser bundle passed: no native raster modules. Serve /artifacts/jpeg/browser/index.html to run the JPEG orientation comparisons.
package	Run npm test	2026-09-14T23:42:50.9627842Z Quote browser fixtures ready: actual glyph containment with four bundled open font faces.
package	Run npm test	2026-09-14T23:42:51.0729046Z 
package	Run npm test	2026-09-14T23:42:51.0731824Z > @openpresentation/opf-render@0.7.0 test:styled-table
package	Run npm test	2026-09-14T23:42:51.0732562Z > node test/styled-table.mjs
package	Run npm test	2026-09-14T23:42:51.0732871Z 
package	Run npm test	2026-09-14T23:42:51.5084372Z Styled table renderer passed: spans, fills/alpha, shared border precedence and suppression, scalar/rich vertical alignment, editable paths, run overrides and rasterization.
package	Run npm run test:code	﻿2026-09-14T23:42:51.5457419Z ##[group]Run npm run test:code
package	Run npm run test:code	2026-09-14T23:42:51.5458068Z ^[[36;1mnpm run test:code^[[0m
package	Run npm run test:code	2026-09-14T23:42:51.5458646Z shell: sh -e {0}
package	Run npm run test:code	2026-09-14T23:42:51.5458994Z env:
package	Run npm run test:code	2026-09-14T23:42:51.5459928Z   OPF_GOLDEN_BASELINE: /home/runner/work/opf-render/opf-render/opf-render/test/golden/opf-examples-png.furniture.sha256.json
package	Run npm run test:code	2026-09-14T23:42:51.5461058Z   PNPM_HOME: /github/home/setup-pnpm/node_modules/.bin
package	Run npm run test:code	2026-09-14T23:42:51.5461615Z ##[endgroup]
package	Run npm run test:code	2026-09-14T23:42:51.6925052Z 
package	Run npm run test:code	2026-09-14T23:42:51.6925728Z > @openpresentation/opf-render@0.7.0 test:code
package	Run npm run test:code	2026-09-14T23:42:51.6926328Z > node test/shared-code.mjs
package	Run npm run test:code	2026-09-14T23:42:51.6926536Z 
package	Run npm run test:code	2026-09-14T23:42:52.2751940Z Shared code SVG: 10 accepted layouts, source/whitespace/trace preservation, no extra measurement, strict/tiny-cell rejection, 132 XML-boundary rejections and valid character boundaries.
package	Verify Playwright image version	﻿2026-09-14T23:42:52.3025058Z ##[group]Run node -e "if (require('playwright/package.json').version !== '1.63.0') throw new Error('Update the pinned Playwright image with the test package.');"
package	Verify Playwright image version	2026-09-14T23:42:52.3027371Z ^[[36;1mnode -e "if (require('playwright/package.json').version !== '1.63.0') throw new Error('Update the pinned Playwright image with the test package.');"^[[0m
package	Verify Playwright image version	2026-09-14T23:42:52.3028722Z shell: sh -e {0}
package	Verify Playwright image version	2026-09-14T23:42:52.3029097Z env:
package	Verify Playwright image version	2026-09-14T23:42:52.3030026Z   OPF_GOLDEN_BASELINE: /home/runner/work/opf-render/opf-render/opf-render/test/golden/opf-examples-png.furniture.sha256.json
package	Verify Playwright image version	2026-09-14T23:42:52.3031217Z   PNPM_HOME: /github/home/setup-pnpm/node_modules/.bin
package	Verify Playwright image version	2026-09-14T23:42:52.3031793Z ##[endgroup]
package	Run npm run test:browser	﻿2026-09-14T23:42:52.3882681Z ##[group]Run npm run test:browser
package	Run npm run test:browser	2026-09-14T23:42:52.3883027Z ^[[36;1mnpm run test:browser^[[0m
package	Run npm run test:browser	2026-09-14T23:42:52.3883341Z shell: sh -e {0}
package	Run npm run test:browser	2026-09-14T23:42:52.3883543Z env:
package	Run npm run test:browser	2026-09-14T23:42:52.3884071Z   OPF_GOLDEN_BASELINE: /home/runner/work/opf-render/opf-render/opf-render/test/golden/opf-examples-png.furniture.sha256.json
package	Run npm run test:browser	2026-09-14T23:42:52.3884710Z   PNPM_HOME: /github/home/setup-pnpm/node_modules/.bin
package	Run npm run test:browser	2026-09-14T23:42:52.3885036Z ##[endgroup]
package	Run npm run test:browser	2026-09-14T23:42:52.5338128Z 
package	Run npm run test:browser	2026-09-14T23:42:52.5338884Z > @openpresentation/opf-render@0.7.0 test:browser
package	Run npm run test:browser	2026-09-14T23:42:52.5339696Z > npm run build:browser-check && node test/browser-check.mjs
package	Run npm run test:browser	2026-09-14T23:42:52.5340007Z 
package	Run npm run test:browser	2026-09-14T23:42:52.6327961Z 
package	Run npm run test:browser	2026-09-14T23:42:52.6328757Z > @openpresentation/opf-render@0.7.0 build:browser-check
package	Run npm run test:browser	2026-09-14T23:42:52.6329296Z > node scripts/build-browser-check.mjs
package	Run npm run test:browser	2026-09-14T23:42:52.6329536Z 
package	Run npm run test:browser	2026-09-14T23:42:52.7367417Z Browser bundle passed: no native raster modules. Serve /artifacts/jpeg/browser/index.html to run the JPEG orientation comparisons.
package	Run npm run test:browser	2026-09-14T23:42:54.5780346Z Quote browser fixtures ready: actual glyph containment with four bundled open font faces.
package	Run npm run test:browser	2026-09-14T23:42:56.4099972Z {
package	Run npm run test:browser	2026-09-14T23:42:56.4100447Z   "browser": "153.0.8010.12",
package	Run npm run test:browser	2026-09-14T23:42:56.4100904Z   "suites": [
package	Run npm run test:browser	2026-09-14T23:42:56.4101241Z     {
package	Run npm run test:browser	2026-09-14T23:42:56.4101573Z       "name": "jpeg",
package	Run npm run test:browser	2026-09-14T23:42:56.4102357Z       "passed": true,
package	Run npm run test:browser	2026-09-14T23:42:56.4102724Z       "cases": 16,
package	Run npm run test:browser	2026-09-14T23:42:56.4103095Z       "maxDifference": 45,
package	Run npm run test:browser	2026-09-14T23:42:56.4103565Z       "controlMean": 56.292720269097224,
package	Run npm run test:browser	2026-09-14T23:42:56.4104026Z       "measurements": [
package	Run npm run test:browser	2026-09-14T23:42:56.4104386Z         {
package	Run npm run test:browser	2026-09-14T23:42:56.4104733Z           "orientation": 1,
package	Run npm run test:browser	2026-09-14T23:42:56.4105175Z           "imageFill": "fit",
package	Run npm run test:browser	2026-09-14T23:42:56.4105578Z           "max": 0,
package	Run npm run test:browser	2026-09-14T23:42:56.4108330Z           "mean": 0,
package	Run npm run test:browser	2026-09-14T23:42:56.4108734Z           "largePercent": 0
package	Run npm run test:browser	2026-09-14T23:42:56.4109197Z         },
package	Run npm run test:browser	2026-09-14T23:42:56.4109557Z         {
package	Run npm run test:browser	2026-09-14T23:42:56.4109861Z           "orientation": 1,
package	Run npm run test:browser	2026-09-14T23:42:56.4110284Z           "imageFill": "crop",
package	Run npm run test:browser	2026-09-14T23:42:56.4110676Z           "max": 0,
package	Run npm run test:browser	2026-09-14T23:42:56.4111009Z           "mean": 0,
package	Run npm run test:browser	2026-09-14T23:42:56.4111363Z           "largePercent": 0
package	Run npm run test:browser	2026-09-14T23:42:56.4111811Z         },
package	Run npm run test:browser	2026-09-14T23:42:56.4112229Z         {
package	Run npm run test:browser	2026-09-14T23:42:56.4112669Z           "orientation": 2,
package	Run npm run test:browser	2026-09-14T23:42:56.4113154Z           "imageFill": "fit",
package	Run npm run test:browser	2026-09-14T23:42:56.4113585Z           "max": 32,
package	Run npm run test:browser	2026-09-14T23:42:56.4114007Z           "mean": 0.14244059244791665,
package	Run npm run test:browser	2026-09-14T23:42:56.4114580Z           "largePercent": 0.3842230902777778
package	Run npm run test:browser	2026-09-14T23:42:56.4115084Z         },
package	Run npm run test:browser	2026-09-14T23:42:56.4115435Z         {
package	Run npm run test:browser	2026-09-14T23:42:56.4115797Z           "orientation": 2,
package	Run npm run test:browser	2026-09-14T23:42:56.4116339Z           "imageFill": "crop",
package	Run npm run test:browser	2026-09-14T23:42:56.4120597Z           "max": 32,
package	Run npm run test:browser	2026-09-14T23:42:56.4121135Z           "mean": 0.15080729166666668,
package	Run npm run test:browser	2026-09-14T23:42:56.4121750Z           "largePercent": 0.40478515624999994
package	Run npm run test:browser	2026-09-14T23:42:56.4122267Z         },
package	Run npm run test:browser	2026-09-14T23:42:56.4122602Z         {
package	Run npm run test:browser	2026-09-14T23:42:56.4123005Z           "orientation": 3,
package	Run npm run test:browser	2026-09-14T23:42:56.4123416Z           "imageFill": "fit",
package	Run npm run test:browser	2026-09-14T23:42:56.4123797Z           "max": 38,
package	Run npm run test:browser	2026-09-14T23:42:56.4124179Z           "mean": 0.27590087890625,
package	Run npm run test:browser	2026-09-14T23:42:56.4124713Z           "largePercent": 0.7347005208333334
package	Run npm run test:browser	2026-09-14T23:42:56.4125154Z         },
package	Run npm run test:browser	2026-09-14T23:42:56.4125457Z         {
package	Run npm run test:browser	2026-09-14T23:42:56.4125769Z           "orientation": 3,
package	Run npm run test:browser	2026-09-14T23:42:56.4126202Z           "imageFill": "crop",
package	Run npm run test:browser	2026-09-14T23:42:56.4127312Z           "max": 45,
package	Run npm run test:browser	2026-09-14T23:42:56.4127725Z           "mean": 0.28749430338541665,
package	Run npm run test:browser	2026-09-14T23:42:56.4128221Z           "largePercent": 0.7757975260416666
package	Run npm run test:browser	2026-09-14T23:42:56.4128678Z         },
package	Run npm run test:browser	2026-09-14T23:42:56.4128974Z         {
package	Run npm run test:browser	2026-09-14T23:42:56.4129410Z           "orientation": 4,
package	Run npm run test:browser	2026-09-14T23:42:56.4129966Z           "imageFill": "fit",
package	Run npm run test:browser	2026-09-14T23:42:56.4130880Z           "max": 16,
package	Run npm run test:browser	2026-09-14T23:42:56.4131308Z           "mean": 0.18650634765625,
package	Run npm run test:browser	2026-09-14T23:42:56.4131832Z           "largePercent": 0.3815646701388889
package	Run npm run test:browser	2026-09-14T23:42:56.4132331Z         },
package	Run npm run test:browser	2026-09-14T23:42:56.4147281Z         {
package	Run npm run test:browser	2026-09-14T23:42:56.4147649Z           "orientation": 4,
package	Run npm run test:browser	2026-09-14T23:42:56.4148151Z           "imageFill": "crop",
package	Run npm run test:browser	2026-09-14T23:42:56.4148602Z           "max": 16,
package	Run npm run test:browser	2026-09-14T23:42:56.4149053Z           "mean": 0.19243028428819445,
package	Run npm run test:browser	2026-09-14T23:42:56.4149599Z           "largePercent": 0.4000922309027778
package	Run npm run test:browser	2026-09-14T23:42:56.4150194Z         },
package	Run npm run test:browser	2026-09-14T23:42:56.4150567Z         {
package	Run npm run test:browser	2026-09-14T23:42:56.4150915Z           "orientation": 5,
package	Run npm run test:browser	2026-09-14T23:42:56.4151344Z           "imageFill": "fit",
package	Run npm run test:browser	2026-09-14T23:42:56.4151800Z           "max": 25,
package	Run npm run test:browser	2026-09-14T23:42:56.4152251Z           "mean": 0.05825059678819444,
package	Run npm run test:browser	2026-09-14T23:42:56.4152805Z           "largePercent": 0.06480577256944445
package	Run npm run test:browser	2026-09-14T23:42:56.4153312Z         },
package	Run npm run test:browser	2026-09-14T23:42:56.4153622Z         {
package	Run npm run test:browser	2026-09-14T23:42:56.4154000Z           "orientation": 5,
package	Run npm run test:browser	2026-09-14T23:42:56.4154540Z           "imageFill": "crop",
package	Run npm run test:browser	2026-09-14T23:42:56.4154943Z           "max": 28,
package	Run npm run test:browser	2026-09-14T23:42:56.4155378Z           "mean": 0.5286756727430556,
package	Run npm run test:browser	2026-09-14T23:42:56.4155920Z           "largePercent": 0.8452419704861112
package	Run npm run test:browser	2026-09-14T23:42:56.4156363Z         },
package	Run npm run test:browser	2026-09-14T23:42:56.4157304Z         {
package	Run npm run test:browser	2026-09-14T23:42:56.4157675Z           "orientation": 6,
package	Run npm run test:browser	2026-09-14T23:42:56.4158096Z           "imageFill": "fit",
package	Run npm run test:browser	2026-09-14T23:42:56.4158524Z           "max": 28,
package	Run npm run test:browser	2026-09-14T23:42:56.4158943Z           "mean": 0.056775987413194444,
package	Run npm run test:browser	2026-09-14T23:42:56.4159484Z           "largePercent": 0.05555555555555555
package	Run npm run test:browser	2026-09-14T23:42:56.4159932Z         },
package	Run npm run test:browser	2026-09-14T23:42:56.4160219Z         {
package	Run npm run test:browser	2026-09-14T23:42:56.4160597Z           "orientation": 6,
package	Run npm run test:browser	2026-09-14T23:42:56.4161045Z           "imageFill": "crop",
package	Run npm run test:browser	2026-09-14T23:42:56.4161447Z           "max": 29,
package	Run npm run test:browser	2026-09-14T23:42:56.4161845Z           "mean": 0.5236257595486111,
package	Run npm run test:browser	2026-09-14T23:42:56.4162396Z           "largePercent": 0.7835015190972221
package	Run npm run test:browser	2026-09-14T23:42:56.4162851Z         },
package	Run npm run test:browser	2026-09-14T23:42:56.4163140Z         {
package	Run npm run test:browser	2026-09-14T23:42:56.4163519Z           "orientation": 7,
package	Run npm run test:browser	2026-09-14T23:42:56.4163995Z           "imageFill": "fit",
package	Run npm run test:browser	2026-09-14T23:42:56.4164385Z           "max": 24,
package	Run npm run test:browser	2026-09-14T23:42:56.4164823Z           "mean": 0.05632893880208333,
package	Run npm run test:browser	2026-09-14T23:42:56.4165398Z           "largePercent": 0.05517578124999999
package	Run npm run test:browser	2026-09-14T23:42:56.4165851Z         },
package	Run npm run test:browser	2026-09-14T23:42:56.4166054Z         {
package	Run npm run test:browser	2026-09-14T23:42:56.4166254Z           "orientation": 7,
package	Run npm run test:browser	2026-09-14T23:42:56.4166528Z           "imageFill": "crop",
package	Run npm run test:browser	2026-09-14T23:42:56.4167039Z           "max": 29,
package	Run npm run test:browser	2026-09-14T23:42:56.4167301Z           "mean": 0.5274753146701389,
package	Run npm run test:browser	2026-09-14T23:42:56.4167618Z           "largePercent": 0.82421875
package	Run npm run test:browser	2026-09-14T23:42:56.4167890Z         },
package	Run npm run test:browser	2026-09-14T23:42:56.4168092Z         {
package	Run npm run test:browser	2026-09-14T23:42:56.4168309Z           "orientation": 8,
package	Run npm run test:browser	2026-09-14T23:42:56.4168570Z           "imageFill": "fit",
package	Run npm run test:browser	2026-09-14T23:42:56.4168831Z           "max": 28,
package	Run npm run test:browser	2026-09-14T23:42:56.4169084Z           "mean": 0.05683295355902778,
package	Run npm run test:browser	2026-09-14T23:42:56.4169413Z           "largePercent": 0.05495876736111112
package	Run npm run test:browser	2026-09-14T23:42:56.4169704Z         },
package	Run npm run test:browser	2026-09-14T23:42:56.4169900Z         {
package	Run npm run test:browser	2026-09-14T23:42:56.4170101Z           "orientation": 8,
package	Run npm run test:browser	2026-09-14T23:42:56.4170375Z           "imageFill": "crop",
package	Run npm run test:browser	2026-09-14T23:42:56.4170635Z           "max": 29,
package	Run npm run test:browser	2026-09-14T23:42:56.4170883Z           "mean": 0.5200374348958333,
package	Run npm run test:browser	2026-09-14T23:42:56.4171189Z           "largePercent": 0.7867024739583334
package	Run npm run test:browser	2026-09-14T23:42:56.4171469Z         }
package	Run npm run test:browser	2026-09-14T23:42:56.4171657Z       ],
package	Run npm run test:browser	2026-09-14T23:42:56.4172143Z       "checks": "Browser-rendered OPF SVG JPEG orientation and fit/crop against independent Pillow PNGs"
package	Run npm run test:browser	2026-09-14T23:42:56.4172633Z     },
package	Run npm run test:browser	2026-09-14T23:42:56.4172814Z     {
package	Run npm run test:browser	2026-09-14T23:42:56.4173014Z       "name": "quote-footer",
package	Run npm run test:browser	2026-09-14T23:42:56.4173268Z       "passed": true,
package	Run npm run test:browser	2026-09-14T23:42:56.4173497Z       "cases": 10,
package	Run npm run test:browser	2026-09-14T23:42:56.4173932Z       "checks": 80,
package	Run npm run test:browser	2026-09-14T23:42:56.4174145Z       "fonts": 4,
package	Run npm run test:browser	2026-09-14T23:42:56.4174370Z       "lineBoxOverhangs": [
package	Run npm run test:browser	2026-09-14T23:42:56.4174610Z         {
package	Run npm run test:browser	2026-09-14T23:42:56.4174806Z           "id": "1280-16",
package	Run npm run test:browser	2026-09-14T23:42:56.4175043Z           "part": "footer",
package	Run npm run test:browser	2026-09-14T23:42:56.4175321Z           "left": 0.0000015258789005656581,
package	Run npm run test:browser	2026-09-14T23:42:56.4175602Z           "right": 0,
package	Run npm run test:browser	2026-09-14T23:42:56.4175824Z           "top": 0,
package	Run npm run test:browser	2026-09-14T23:42:56.4176069Z           "bottom": 1.2599731445312834
package	Run npm run test:browser	2026-09-14T23:42:56.4176323Z         },
package	Run npm run test:browser	2026-09-14T23:42:56.4176506Z         {
package	Run npm run test:browser	2026-09-14T23:42:56.4177682Z           "id": "1280-20",
package	Run npm run test:browser	2026-09-14T23:42:56.4177942Z           "part": "footer",
package	Run npm run test:browser	2026-09-14T23:42:56.4178220Z           "left": 0.0000015258789005656581,
package	Run npm run test:browser	2026-09-14T23:42:56.4178501Z           "right": 0,
package	Run npm run test:browser	2026-09-14T23:42:56.4178716Z           "top": 0,
package	Run npm run test:browser	2026-09-14T23:42:56.4178955Z           "bottom": 1.2599731445312834
package	Run npm run test:browser	2026-09-14T23:42:56.4179205Z         },
package	Run npm run test:browser	2026-09-14T23:42:56.4179397Z         {
package	Run npm run test:browser	2026-09-14T23:42:56.4179587Z           "id": "1280-24",
package	Run npm run test:browser	2026-09-14T23:42:56.4179816Z           "part": "footer",
package	Run npm run test:browser	2026-09-14T23:42:56.4180082Z           "left": 0.0000015258789005656581,
package	Run npm run test:browser	2026-09-14T23:42:56.4180345Z           "right": 0,
package	Run npm run test:browser	2026-09-14T23:42:56.4180557Z           "top": 0,
package	Run npm run test:browser	2026-09-14T23:42:56.4180798Z           "bottom": 1.2599731445312834
package	Run npm run test:browser	2026-09-14T23:42:56.4181205Z         },
package	Run npm run test:browser	2026-09-14T23:42:56.4181393Z         {
package	Run npm run test:browser	2026-09-14T23:42:56.4181620Z           "id": "1280-expanded-footer",
package	Run npm run test:browser	2026-09-14T23:42:56.4181901Z           "part": "footer",
package	Run npm run test:browser	2026-09-14T23:42:56.4182161Z           "left": 0.0000015258789005656581,
package	Run npm run test:browser	2026-09-14T23:42:56.4182423Z           "right": 0,
package	Run npm run test:browser	2026-09-14T23:42:56.4182642Z           "top": 0,
package	Run npm run test:browser	2026-09-14T23:42:56.4182875Z           "bottom": 1.2599731445312443
package	Run npm run test:browser	2026-09-14T23:42:56.4183121Z         },
package	Run npm run test:browser	2026-09-14T23:42:56.4183300Z         {
package	Run npm run test:browser	2026-09-14T23:42:56.4183491Z           "id": "540-20",
package	Run npm run test:browser	2026-09-14T23:42:56.4183721Z           "part": "footer",
package	Run npm run test:browser	2026-09-14T23:42:56.4183959Z           "left": 0,
package	Run npm run test:browser	2026-09-14T23:42:56.4184178Z           "right": 0,
package	Run npm run test:browser	2026-09-14T23:42:56.4184398Z           "top": 0,
package	Run npm run test:browser	2026-09-14T23:42:56.4184645Z           "bottom": 1.1949951171874957
package	Run npm run test:browser	2026-09-14T23:42:56.4184904Z         },
package	Run npm run test:browser	2026-09-14T23:42:56.4185084Z         {
package	Run npm run test:browser	2026-09-14T23:42:56.4185275Z           "id": "540-24",
package	Run npm run test:browser	2026-09-14T23:42:56.4185521Z           "part": "footer",
package	Run npm run test:browser	2026-09-14T23:42:56.4185756Z           "left": 0,
package	Run npm run test:browser	2026-09-14T23:42:56.4185972Z           "right": 0,
package	Run npm run test:browser	2026-09-14T23:42:56.4186184Z           "top": 0,
package	Run npm run test:browser	2026-09-14T23:42:56.4186430Z           "bottom": 1.1949951171874957
package	Run npm run test:browser	2026-09-14T23:42:56.4186893Z         },
package	Run npm run test:browser	2026-09-14T23:42:56.4187088Z         {
package	Run npm run test:browser	2026-09-14T23:42:56.4187326Z           "id": "540-expanded-footer",
package	Run npm run test:browser	2026-09-14T23:42:56.4187612Z           "part": "footer",
package	Run npm run test:browser	2026-09-14T23:42:56.4188041Z           "left": 0,
package	Run npm run test:browser	2026-09-14T23:42:56.4188640Z           "right": 0,
package	Run npm run test:browser	2026-09-14T23:42:56.4189031Z           "top": 0,
package	Run npm run test:browser	2026-09-14T23:42:56.4189448Z           "bottom": 1.1949951171875455
package	Run npm run test:browser	2026-09-14T23:42:56.4189731Z         }
package	Run npm run test:browser	2026-09-14T23:42:56.4189921Z       ],
package	Run npm run test:browser	2026-09-14T23:42:56.4190812Z       "scope": "Actual browser SVG glyph containment in quote cells and body/footer separation with matching bundled font bytes. Part line boxes are not glyph outlines; overhangs into the inset are reported."
package	Run npm run test:browser	2026-09-14T23:42:56.4191805Z     }
package	Run npm run test:browser	2026-09-14T23:42:56.4192150Z   ]
package	Run npm run test:browser	2026-09-14T23:42:56.4192376Z }
package	Run npm run test:code-browser	﻿2026-09-14T23:42:56.4600667Z ##[group]Run npm run test:code-browser
package	Run npm run test:code-browser	2026-09-14T23:42:56.4601040Z ^[[36;1mnpm run test:code-browser^[[0m
package	Run npm run test:code-browser	2026-09-14T23:42:56.4601383Z shell: sh -e {0}
package	Run npm run test:code-browser	2026-09-14T23:42:56.4601595Z env:
package	Run npm run test:code-browser	2026-09-14T23:42:56.4602098Z   OPF_GOLDEN_BASELINE: /home/runner/work/opf-render/opf-render/opf-render/test/golden/opf-examples-png.furniture.sha256.json
package	Run npm run test:code-browser	2026-09-14T23:42:56.4602736Z   PNPM_HOME: /github/home/setup-pnpm/node_modules/.bin
package	Run npm run test:code-browser	2026-09-14T23:42:56.4603051Z ##[endgroup]
package	Run npm run test:code-browser	2026-09-14T23:42:56.6040061Z 
package	Run npm run test:code-browser	2026-09-14T23:42:56.6040954Z > @openpresentation/opf-render@0.7.0 test:code-browser
package	Run npm run test:code-browser	2026-09-14T23:42:56.6041604Z > node test/shared-code-browser.mjs
package	Run npm run test:code-browser	2026-09-14T23:42:56.6041829Z 
package	Run npm run test:code-browser	2026-09-14T23:42:58.3016383Z Actual shared code browser: 12 wide/portrait cases with source preservation, accepted tab positions and contained glyphs.
package	Run npm run test:font-preparation-browser	﻿2026-09-14T23:42:58.3677004Z ##[group]Run npm run test:font-preparation-browser
package	Run npm run test:font-preparation-browser	2026-09-14T23:42:58.3677492Z ^[[36;1mnpm run test:font-preparation-browser^[[0m
package	Run npm run test:font-preparation-browser	2026-09-14T23:42:58.3677894Z shell: sh -e {0}
package	Run npm run test:font-preparation-browser	2026-09-14T23:42:58.3678098Z env:
package	Run npm run test:font-preparation-browser	2026-09-14T23:42:58.3678606Z   OPF_GOLDEN_BASELINE: /home/runner/work/opf-render/opf-render/opf-render/test/golden/opf-examples-png.furniture.sha256.json
package	Run npm run test:font-preparation-browser	2026-09-14T23:42:58.3679237Z   PNPM_HOME: /github/home/setup-pnpm/node_modules/.bin
package	Run npm run test:font-preparation-browser	2026-09-14T23:42:58.3679576Z ##[endgroup]
package	Run npm run test:font-preparation-browser	2026-09-14T23:42:58.5123284Z 
package	Run npm run test:font-preparation-browser	2026-09-14T23:42:58.5124109Z > @openpresentation/opf-render@0.7.0 test:font-preparation-browser
package	Run npm run test:font-preparation-browser	2026-09-14T23:42:58.5124941Z > node test/font-preparation-browser.mjs artifacts/font-preparation-browser.json
package	Run npm run test:font-preparation-browser	2026-09-14T23:42:58.5125365Z 
package	Run npm run test:font-preparation-browser	2026-09-14T23:42:59.3675346Z Nine exact base font faces passed actual offline browser loading and 0.1-pixel advance checks.
package	Run npm run test:font-variants-browser	﻿2026-09-14T23:42:59.4331854Z ##[group]Run npm run test:font-variants-browser
package	Run npm run test:font-variants-browser	2026-09-14T23:42:59.4332259Z ^[[36;1mnpm run test:font-variants-browser^[[0m
package	Run npm run test:font-variants-browser	2026-09-14T23:42:59.4332624Z shell: sh -e {0}
package	Run npm run test:font-variants-browser	2026-09-14T23:42:59.4333013Z env:
package	Run npm run test:font-variants-browser	2026-09-14T23:42:59.4333525Z   OPF_GOLDEN_BASELINE: /home/runner/work/opf-render/opf-render/opf-render/test/golden/opf-examples-png.furniture.sha256.json
package	Run npm run test:font-variants-browser	2026-09-14T23:42:59.4334157Z   PNPM_HOME: /github/home/setup-pnpm/node_modules/.bin
package	Run npm run test:font-variants-browser	2026-09-14T23:42:59.4334525Z ##[endgroup]
package	Run npm run test:font-variants-browser	2026-09-14T23:42:59.5808542Z 
package	Run npm run test:font-variants-browser	2026-09-14T23:42:59.5809425Z > @openpresentation/opf-render@0.7.0 test:font-variants-browser
package	Run npm run test:font-variants-browser	2026-09-14T23:42:59.5810363Z > node test/font-variants-browser.mjs
package	Run npm run test:font-variants-browser	2026-09-14T23:42:59.5810773Z 
package	Run npm run test:font-variants-browser	2026-09-14T23:43:00.4270194Z All nine grouped font selections pass actual offline browser advances within 0.1 pixels.
package	Run npm run test:plain-whitespace-browser	﻿2026-09-14T23:43:00.4898018Z ##[group]Run npm run test:plain-whitespace-browser
package	Run npm run test:plain-whitespace-browser	2026-09-14T23:43:00.4898457Z ^[[36;1mnpm run test:plain-whitespace-browser^[[0m
package	Run npm run test:plain-whitespace-browser	2026-09-14T23:43:00.4898846Z shell: sh -e {0}
package	Run npm run test:plain-whitespace-browser	2026-09-14T23:43:00.4899051Z env:
package	Run npm run test:plain-whitespace-browser	2026-09-14T23:43:00.4899564Z   OPF_GOLDEN_BASELINE: /home/runner/work/opf-render/opf-render/opf-render/test/golden/opf-examples-png.furniture.sha256.json
package	Run npm run test:plain-whitespace-browser	2026-09-14T23:43:00.4900223Z   PNPM_HOME: /github/home/setup-pnpm/node_modules/.bin
package	Run npm run test:plain-whitespace-browser	2026-09-14T23:43:00.4900532Z ##[endgroup]
package	Run npm run test:plain-whitespace-browser	2026-09-14T23:43:00.6380898Z 
package	Run npm run test:plain-whitespace-browser	2026-09-14T23:43:00.6381910Z > @openpresentation/opf-render@0.7.0 test:plain-whitespace-browser
package	Run npm run test:plain-whitespace-browser	2026-09-14T23:43:00.6382646Z > node test/plain-whitespace-browser.mjs
package	Run npm run test:plain-whitespace-browser	2026-09-14T23:43:00.6382881Z 
package	Run npm run test:plain-whitespace-browser	2026-09-14T23:43:02.0765036Z 24 offline presentation cases / 48 scalar fields preserve exact source, hard breaks and explicit tab positions.
package	Run npm run test:rich-flow-browser	﻿2026-09-14T23:43:02.1392064Z ##[group]Run npm run test:rich-flow-browser
package	Run npm run test:rich-flow-browser	2026-09-14T23:43:02.1392454Z ^[[36;1mnpm run test:rich-flow-browser^[[0m
package	Run npm run test:rich-flow-browser	2026-09-14T23:43:02.1392801Z shell: sh -e {0}
package	Run npm run test:rich-flow-browser	2026-09-14T23:43:02.1393007Z env:
package	Run npm run test:rich-flow-browser	2026-09-14T23:43:02.1393504Z   OPF_GOLDEN_BASELINE: /home/runner/work/opf-render/opf-render/opf-render/test/golden/opf-examples-png.furniture.sha256.json
package	Run npm run test:rich-flow-browser	2026-09-14T23:43:02.1394135Z   PNPM_HOME: /github/home/setup-pnpm/node_modules/.bin
package	Run npm run test:rich-flow-browser	2026-09-14T23:43:02.1394449Z ##[endgroup]
package	Run npm run test:rich-flow-browser	2026-09-14T23:43:02.2844512Z 
package	Run npm run test:rich-flow-browser	2026-09-14T23:43:02.2845419Z > @openpresentation/opf-render@0.7.0 test:rich-flow-browser
package	Run npm run test:rich-flow-browser	2026-09-14T23:43:02.2845979Z > node test/rich-flow-browser.mjs
package	Run npm run test:rich-flow-browser	2026-09-14T23:43:02.2846191Z 
package	Run npm run test:rich-flow-browser	2026-09-14T23:43:03.5352053Z All 30 rich-flow browser cases pass source/style/alignment/baseline and spacing checks.
package	Run npm run test:rich-spacing-browser	﻿2026-09-14T23:43:03.5904252Z ##[group]Run npm run test:rich-spacing-browser
package	Run npm run test:rich-spacing-browser	2026-09-14T23:43:03.5904665Z ^[[36;1mnpm run test:rich-spacing-browser^[[0m
package	Run npm run test:rich-spacing-browser	2026-09-14T23:43:03.5905023Z shell: sh -e {0}
package	Run npm run test:rich-spacing-browser	2026-09-14T23:43:03.5905243Z env:
package	Run npm run test:rich-spacing-browser	2026-09-14T23:43:03.5905754Z   OPF_GOLDEN_BASELINE: /home/runner/work/opf-render/opf-render/opf-render/test/golden/opf-examples-png.furniture.sha256.json
package	Run npm run test:rich-spacing-browser	2026-09-14T23:43:03.5906389Z   PNPM_HOME: /github/home/setup-pnpm/node_modules/.bin
package	Run npm run test:rich-spacing-browser	2026-09-14T23:43:03.5907036Z ##[endgroup]
package	Run npm run test:rich-spacing-browser	2026-09-14T23:43:03.7331195Z 
package	Run npm run test:rich-spacing-browser	2026-09-14T23:43:03.7331976Z > @openpresentation/opf-render@0.7.0 test:rich-spacing-browser
package	Run npm run test:rich-spacing-browser	2026-09-14T23:43:03.7332726Z > node test/rich-spacing-browser.mjs
package	Run npm run test:rich-spacing-browser	2026-09-14T23:43:03.7333110Z 
package	Run npm run test:rich-spacing-browser	2026-09-14T23:43:06.5910464Z [
package	Run npm run test:rich-spacing-browser	2026-09-14T23:43:06.5910889Z   {
package	Run npm run test:rich-spacing-browser	2026-09-14T23:43:06.5911205Z     "name": "compliance-readiness-review",
package	Run npm run test:rich-spacing-browser	2026-09-14T23:43:06.5911558Z     "mode": "estimated",
package	Run npm run test:rich-spacing-browser	2026-09-14T23:43:06.5911968Z     "rendering": "default",
package	Run npm run test:rich-spacing-browser	2026-09-14T23:43:06.5912514Z     "maxAdvanceDifference": 124.99999999999943,
package	Run npm run test:rich-spacing-browser	2026-09-14T23:43:06.5913025Z     "maxBoundaryGap": 0.0001220703125
package	Run npm run test:rich-spacing-browser	2026-09-14T23:43:06.5913298Z   },
package	Run npm run test:rich-spacing-browser	2026-09-14T23:43:06.5913483Z   {
package	Run npm run test:rich-spacing-browser	2026-09-14T23:43:06.5913729Z     "name": "compliance-readiness-review",
package	Run npm run test:rich-spacing-browser	2026-09-14T23:43:06.5914037Z     "mode": "estimated",
package	Run npm run test:rich-spacing-browser	2026-09-14T23:43:06.5914319Z     "rendering": "geometricPrecision",
package	Run npm run test:rich-spacing-browser	2026-09-14T23:43:06.5914669Z     "maxAdvanceDifference": 126.65624999999943,
package	Run npm run test:rich-spacing-browser	2026-09-14T23:43:06.5915005Z     "maxBoundaryGap": 0.0001220703125
package	Run npm run test:rich-spacing-browser	2026-09-14T23:43:06.5915429Z   },
package	Run npm run test:rich-spacing-browser	2026-09-14T23:43:06.5915656Z   {
package	Run npm run test:rich-spacing-browser	2026-09-14T23:43:06.5915940Z     "name": "compliance-readiness-review",
package	Run npm run test:rich-spacing-browser	2026-09-14T23:43:06.5916403Z     "mode": "measured",
package	Run npm run test:rich-spacing-browser	2026-09-14T23:43:06.5917584Z     "rendering": "default",
package	Run npm run test:rich-spacing-browser	2026-09-14T23:43:06.5918531Z     "maxAdvanceDifference": 0.00048828125,
package	Run npm run test:rich-spacing-browser	2026-09-14T23:43:06.5919094Z     "maxBoundaryGap": 0.00103759765625
package	Run npm run test:rich-spacing-browser	2026-09-14T23:43:06.5919945Z   },
package	Run npm run test:rich-spacing-browser	2026-09-14T23:43:06.5920239Z   {
package	Run npm run test:rich-spacing-browser	2026-09-14T23:43:06.5920663Z     "name": "compliance-readiness-review",
package	Run npm run test:rich-spacing-browser	2026-09-14T23:43:06.5921246Z     "mode": "measured",
package	Run npm run test:rich-spacing-browser	2026-09-14T23:43:06.5921756Z     "rendering": "geometricPrecision",
package	Run npm run test:rich-spacing-browser	2026-09-14T23:43:06.5924419Z     "maxAdvanceDifference": 0.00048828125,
package	Run npm run test:rich-spacing-browser	2026-09-14T23:43:06.5925052Z     "maxBoundaryGap": 0.00103759765625
package	Run npm run test:rich-spacing-browser	2026-09-14T23:43:06.5925559Z   },
package	Run npm run test:rich-spacing-browser	2026-09-14T23:43:06.5925887Z   {
package	Run npm run test:rich-spacing-browser	2026-09-14T23:43:06.5926327Z     "name": "water-utility-capital-plan",
package	Run npm run test:rich-spacing-browser	2026-09-14T23:43:06.5927217Z     "mode": "estimated",
package	Run npm run test:rich-spacing-browser	2026-09-14T23:43:06.5927679Z     "rendering": "default",
package	Run npm run test:rich-spacing-browser	2026-09-14T23:43:06.5928163Z     "maxAdvanceDifference": 98.08333333333297,
package	Run npm run test:rich-spacing-browser	2026-09-14T23:43:06.5928682Z     "maxBoundaryGap": 0
package	Run npm run test:rich-spacing-browser	2026-09-14T23:43:06.5929055Z   },
package	Run npm run test:rich-spacing-browser	2026-09-14T23:43:06.5929405Z   {
package	Run npm run test:rich-spacing-browser	2026-09-14T23:43:06.5931038Z     "name": "water-utility-capital-plan",
package	Run npm run test:rich-spacing-browser	2026-09-14T23:43:06.5931611Z     "mode": "estimated",
package	Run npm run test:rich-spacing-browser	2026-09-14T23:43:06.5932150Z     "rendering": "geometricPrecision",
package	Run npm run test:rich-spacing-browser	2026-09-14T23:43:06.5932790Z     "maxAdvanceDifference": 102.45833333333297,
package	Run npm run test:rich-spacing-browser	2026-09-14T23:43:06.5933353Z     "maxBoundaryGap": 0
package	Run npm run test:rich-spacing-browser	2026-09-14T23:43:06.5933782Z   },
package	Run npm run test:rich-spacing-browser	2026-09-14T23:43:06.5935179Z   {
package	Run npm run test:rich-spacing-browser	2026-09-14T23:43:06.5935994Z     "name": "water-utility-capital-plan",
package	Run npm run test:rich-spacing-browser	2026-09-14T23:43:06.5937168Z     "mode": "measured",
package	Run npm run test:rich-spacing-browser	2026-09-14T23:43:06.5937616Z     "rendering": "default",
package	Run npm run test:rich-spacing-browser	2026-09-14T23:43:06.5938208Z     "maxAdvanceDifference": 0.0003865559895785964,
package	Run npm run test:rich-spacing-browser	2026-09-14T23:43:06.5938832Z     "maxBoundaryGap": 0.001007080078125
package	Run npm run test:rich-spacing-browser	2026-09-14T23:43:06.5939302Z   },
package	Run npm run test:rich-spacing-browser	2026-09-14T23:43:06.5939630Z   {
package	Run npm run test:rich-spacing-browser	2026-09-14T23:43:06.5940039Z     "name": "water-utility-capital-plan",
package	Run npm run test:rich-spacing-browser	2026-09-14T23:43:06.5940594Z     "mode": "measured",
package	Run npm run test:rich-spacing-browser	2026-09-14T23:43:06.5941071Z     "rendering": "geometricPrecision",
package	Run npm run test:rich-spacing-browser	2026-09-14T23:43:06.5941660Z     "maxAdvanceDifference": 0.0003865559895785964,
package	Run npm run test:rich-spacing-browser	2026-09-14T23:43:06.5942254Z     "maxBoundaryGap": 0.001007080078125
package	Run npm run test:rich-spacing-browser	2026-09-14T23:43:06.5942698Z   }
package	Run npm run test:rich-spacing-browser	2026-09-14T23:43:06.5943032Z ]
package	Install and exercise coordinated candidate tarballs	﻿2026-09-14T23:43:06.6534849Z ##[group]Run pnpm pack:ecosystem
package	Install and exercise coordinated candidate tarballs	2026-09-14T23:43:06.6535445Z ^[[36;1mpnpm pack:ecosystem^[[0m
package	Install and exercise coordinated candidate tarballs	2026-09-14T23:43:06.6535926Z ^[[36;1mpnpm test:packed-ecosystem^[[0m
package	Install and exercise coordinated candidate tarballs	2026-09-14T23:43:06.6536436Z ^[[36;1mpnpm test:packed-browser^[[0m
package	Install and exercise coordinated candidate tarballs	2026-09-14T23:43:06.6537372Z ^[[36;1mnode scripts/test-installed-code-guards.mjs^[[0m
package	Install and exercise coordinated candidate tarballs	2026-09-14T23:43:06.6538424Z ^[[36;1mnode scripts/test-plain-whitespace-workflow.mjs artifacts/plain-whitespace-workflow installed^[[0m
package	Install and exercise coordinated candidate tarballs	2026-09-14T23:43:06.6539734Z ^[[36;1mnode scripts/test-readability-browser.mjs artifacts/readability-browser installed^[[0m
package	Install and exercise coordinated candidate tarballs	2026-09-14T23:43:06.6540908Z ^[[36;1mnode scripts/test-timeline-workflow.mjs artifacts/timeline-workflow installed^[[0m
package	Install and exercise coordinated candidate tarballs	2026-09-14T23:43:06.6542051Z ^[[36;1mnode scripts/test-furniture-workflow.mjs artifacts/furniture-workflow installed^[[0m
package	Install and exercise coordinated candidate tarballs	2026-09-14T23:43:06.6543206Z ^[[36;1mnode scripts/test-timeline-acceptance.mjs artifacts/timeline-acceptance.json^[[0m
package	Install and exercise coordinated candidate tarballs	2026-09-14T23:43:06.6544110Z shell: sh -e {0}
package	Install and exercise coordinated candidate tarballs	2026-09-14T23:43:06.6544465Z env:
package	Install and exercise coordinated candidate tarballs	2026-09-14T23:43:06.6545409Z   OPF_GOLDEN_BASELINE: /home/runner/work/opf-render/opf-render/opf-render/test/golden/opf-examples-png.furniture.sha256.json
package	Install and exercise coordinated candidate tarballs	2026-09-14T23:43:06.6546872Z   PNPM_HOME: /github/home/setup-pnpm/node_modules/.bin
package	Install and exercise coordinated candidate tarballs	2026-09-14T23:43:06.6547483Z ##[endgroup]
package	Install and exercise coordinated candidate tarballs	2026-09-14T23:43:06.9876898Z 
package	Install and exercise coordinated candidate tarballs	2026-09-14T23:43:06.9877905Z > openpresentation-workspace@ pack:ecosystem /__w/opf-render/opf-render/opf
package	Install and exercise coordinated candidate tarballs	2026-09-14T23:43:06.9878923Z > node scripts/pack-ecosystem.mjs
package	Install and exercise coordinated candidate tarballs	2026-09-14T23:43:06.9879281Z 
package	Install and exercise coordinated candidate tarballs	2026-09-14T23:43:09.2558157Z [
package	Install and exercise coordinated candidate tarballs	2026-09-14T23:43:09.2558648Z   {
package	Install and exercise coordinated candidate tarballs	2026-09-14T23:43:09.2558946Z     "name": "@openpresentation/opf",
package	Install and exercise coordinated candidate tarballs	2026-09-14T23:43:09.2559304Z     "version": "0.4.0-preview.11",
package	Install and exercise coordinated candidate tarballs	2026-09-14T23:43:09.2559699Z     "file": "openpresentation-opf-0.4.0-preview.11.tgz",
package	Install and exercise coordinated candidate tarballs	2026-09-14T23:43:09.2560257Z     "sha256": "ed3eb2eb5e8edaad3a7cd9db4db46f8a3ca1301fe630edc9fa6df80c9659f9ef",
package	Install and exercise coordinated candidate tarballs	2026-09-14T23:43:09.2560998Z     "bytes": 2354284
package	Install and exercise coordinated candidate tarballs	2026-09-14T23:43:09.2561216Z   },
package	Install and exercise coordinated candidate tarballs	2026-09-14T23:43:09.2561400Z   {
package	Install and exercise coordinated candidate tarballs	2026-09-14T23:43:09.2561645Z     "name": "@openpresentation/opf-render",
package	Install and exercise coordinated candidate tarballs	2026-09-14T23:43:09.2561988Z     "version": "0.1.0-preview.11",
package	Install and exercise coordinated candidate tarballs	2026-09-14T23:43:09.2562399Z     "file": "openpresentation-opf-render-0.1.0-preview.11.tgz",
package	Install and exercise coordinated candidate tarballs	2026-09-14T23:43:09.2562969Z     "sha256": "5f62ba4174b4d5fcc1e5c7c0ce2da3beebb0e3c2292c3f19a69990b50b190f11",
package	Install and exercise coordinated candidate tarballs	2026-09-14T23:43:09.2563396Z     "bytes": 42112
package	Install and exercise coordinated candidate tarballs	2026-09-14T23:43:09.2563596Z   },
package	Install and exercise coordinated candidate tarballs	2026-09-14T23:43:09.2563831Z   {
package	Install and exercise coordinated candidate tarballs	2026-09-14T23:43:09.2564090Z     "name": "@openpresentation/opf-editor",
package	Install and exercise coordinated candidate tarballs	2026-09-14T23:43:09.2564442Z     "version": "0.1.0-preview.11",
package	Install and exercise coordinated candidate tarballs	2026-09-14T23:43:09.2564865Z     "file": "openpresentation-opf-editor-0.1.0-preview.11.tgz",
package	Install and exercise coordinated candidate tarballs	2026-09-14T23:43:09.2565487Z     "sha256": "8b110ea0073bf32100c4917c2c00ebcb958b6e6dc5ff83ced2e3a9ac269ef66f",
package	Install and exercise coordinated candidate tarballs	2026-09-14T23:43:09.2565955Z     "bytes": 56389
package	Install and exercise coordinated candidate tarballs	2026-09-14T23:43:09.2566188Z   },
package	Install and exercise coordinated candidate tarballs	2026-09-14T23:43:09.2566385Z   {
package	Install and exercise coordinated candidate tarballs	2026-09-14T23:43:09.2566907Z     "name": "@openpresentation/opf-pptx",
package	Install and exercise coordinated candidate tarballs	2026-09-14T23:43:09.2567295Z     "version": "0.1.0-preview.11",
package	Install and exercise coordinated candidate tarballs	2026-09-14T23:43:09.2567738Z     "file": "openpresentation-opf-pptx-0.1.0-preview.11.tgz",
package	Install and exercise coordinated candidate tarballs	2026-09-14T23:43:09.2568346Z     "sha256": "eca9bc6d795c28b5582be02d68899a7be4640fb01f21419b5d4bd970aa7f586c",
package	Install and exercise coordinated candidate tarballs	2026-09-14T23:43:09.2568791Z     "bytes": 216730
package	Install and exercise coordinated candidate tarballs	2026-09-14T23:43:09.2569015Z   }
package	Install and exercise coordinated candidate tarballs	2026-09-14T23:43:09.2569214Z ]
package	Install and exercise coordinated candidate tarballs	2026-09-14T23:43:09.5509275Z 
package	Install and exercise coordinated candidate tarballs	2026-09-14T23:43:09.5510382Z > openpresentation-workspace@ test:packed-ecosystem /__w/opf-render/opf-render/opf
package	Install and exercise coordinated candidate tarballs	2026-09-14T23:43:09.5511021Z > node scripts/test-packed-ecosystem.mjs
package	Install and exercise coordinated candidate tarballs	2026-09-14T23:43:09.5511247Z 
package	Install and exercise coordinated candidate tarballs	2026-09-14T23:43:09.8376269Z npm warn Unknown env config "verify-deps-before-run". This will stop working in the next major version of npm. See `npm help npmrc` for supported config options.
package	Install and exercise coordinated candidate tarballs	2026-09-14T23:43:09.8378943Z npm warn Unknown env config "npm-globalconfig". This will stop working in the next major version of npm. See `npm help npmrc` for supported config options.
package	Install and exercise coordinated candidate tarballs	2026-09-14T23:43:09.8381353Z npm warn Unknown env config "_jsr-registry". This will stop working in the next major version of npm. See `npm help npmrc` for supported config options.
package	Install and exercise coordinated candidate tarballs	2026-09-14T23:43:14.2597325Z 
package	Install and exercise coordinated candidate tarballs	2026-09-14T23:43:14.2598173Z added 64 packages in 5s
package	Install and exercise coordinated candidate tarballs	2026-09-14T23:43:15.8930927Z Installed candidate font preparation passed layout, edit/undo, SVG/PNG, editable PPTX export and heading reimport.
package	Install and exercise coordinated candidate tarballs	2026-09-14T23:43:17.3830168Z Furniture provenance: 8 measured/estimated local/inherited wide/portrait cases, 12 damaged-tag controls, edits/clearing/reordering, current images and metadata conflicts pass (37 validated imports). Native Office is a separate gate.
package	Install and exercise coordinated candidate tarballs	2026-09-14T23:43:17.8099015Z Nine exact grouped faces preserve measured bytes and physical style links; overrides, aliases, duplicates and approximation controls pass.
package	Install and exercise coordinated candidate tarballs	2026-09-14T23:43:18.6577677Z 7 payload slides use all nine real physical font styles; deterministic output, source, reimport and provider controls pass.
package	Install and exercise coordinated candidate tarballs	2026-09-14T23:43:19.2720353Z Packed consumer: core, editor, SVG, measured fonts and PPTX passed.
package	Install and exercise coordinated candidate tarballs	2026-09-14T23:43:19.5781098Z ✔ complete code parts preserve exact filename, language, body, whitespace and hard line boundaries (4.400231ms)
package	Install and exercise coordinated candidate tarballs	2026-09-14T23:43:19.5783652Z ✔ shorthand, empty source and absent metadata retain their source and generated-label distinction (0.655562ms)
package	Install and exercise coordinated candidate tarballs	2026-09-14T23:43:19.5785920Z ✔ long language labels and filenames are measured within their cell before allocating the body (6.499818ms)
package	Install and exercise coordinated candidate tarballs	2026-09-14T23:43:19.5789670Z ✔ wrapped whitespace and graphemes retain contiguous source offsets, including CRLF and blank final lines (0.854687ms)
package	Install and exercise coordinated candidate tarballs	2026-09-14T23:43:19.5793306Z ✔ tabs use measured space stops and never send control tabs to the font-width provider (1.029344ms)
package	Install and exercise coordinated candidate tarballs	2026-09-14T23:43:19.5797155Z ✔ readability floors scale once and body shrinking preserves all code content (0.614645ms)
package	Install and exercise coordinated candidate tarballs	2026-09-14T23:43:19.5799445Z ✔ irreducible body and metadata failures remain explicit; strict mode does not return partial output (8.606167ms)
package	Install and exercise coordinated candidate tarballs	2026-09-14T23:43:19.5802115Z ✔ invalid inner boxes never become invented one-pixel fits; malformed options reject (0.513856ms)
package	Install and exercise coordinated candidate tarballs	2026-09-14T23:43:19.5803930Z ✔ font trials stay bounded independently of canvas scale (11.85861ms)
package	Install and exercise coordinated candidate tarballs	2026-09-14T23:43:19.5906740Z ℹ tests 9
package	Install and exercise coordinated candidate tarballs	2026-09-14T23:43:19.5907759Z ℹ suites 0
package	Install and exercise coordinated candidate tarballs	2026-09-14T23:43:19.5908723Z ℹ pass 9
package	Install and exercise coordinated candidate tarballs	2026-09-14T23:43:19.5910239Z ℹ fail 0
package	Install and exercise coordinated candidate tarballs	2026-09-14T23:43:19.5910610Z ℹ cancelled 0
package	Install and exercise coordinated candidate tarballs	2026-09-14T23:43:19.5910865Z ℹ skipped 0
package	Install and exercise coordinated candidate tarballs	2026-09-14T23:43:19.5911235Z ℹ todo 0
package	Install and exercise coordinated candidate tarballs	2026-09-14T23:43:19.5911488Z ℹ duration_ms 165.034852
package	Install and exercise coordinated candidate tarballs	2026-09-14T23:43:20.4035826Z ✔ accepted code uses rounded cells and preserves body compatibility without repeated explanation measurements (7.960672ms)
package	Install and exercise coordinated candidate tarballs	2026-09-14T23:43:20.4046127Z ✔ candidate penalties include complete code metadata and charge overflowing leaves once (11.843652ms)
package	Install and exercise coordinated candidate tarballs	2026-09-14T23:43:20.4048671Z ✔ strict ancestors reject code metadata paths and cannot be weakened by descendants (212.819584ms)
package	Install and exercise coordinated candidate tarballs	2026-09-14T23:43:20.4050674Z ✔ explicit code placement and weights remain authoritative even when metadata overflows (12.069386ms)
package	Install and exercise coordinated candidate tarballs	2026-09-14T23:43:20.4052491Z ✔ pagination preserves exact code bytes, metadata, ranges and floors across wide and portrait slides (247.994285ms)
package	Install and exercise coordinated candidate tarballs	2026-09-14T23:43:20.4054111Z ✔ irreducible code metadata rejects pagination even after earlier content or with an empty body (170.798244ms)
package	Install and exercise coordinated candidate tarballs	2026-09-14T23:43:20.4210918Z ℹ tests 6
package	Install and exercise coordinated candidate tarballs	2026-09-14T23:43:20.4212506Z ℹ suites 0
package	Install and exercise coordinated candidate tarballs	2026-09-14T23:43:20.4213276Z ℹ pass 6
package	Install and exercise coordinated candidate tarballs	2026-09-14T23:43:20.4213518Z ℹ fail 0
package	Install and exercise coordinated candidate tarballs	2026-09-14T23:43:20.4213738Z ℹ cancelled 0
package	Install and exercise coordinated candidate tarballs	2026-09-14T23:43:20.4214146Z ℹ skipped 0
package	Install and exercise coordinated candidate tarballs	2026-09-14T23:43:20.4214378Z ℹ todo 0
package	Install and exercise coordinated candidate tarballs	2026-09-14T23:43:20.4214635Z ℹ duration_ms 795.100658
package	Install and exercise coordinated candidate tarballs	2026-09-14T23:43:21.3854374Z Shared code PPTX: 8 decks, 37 accepted native lines, 8 tab stops, six whitespace imports, strict failures, 132 XML-boundary rejections and valid character boundaries verified.
package	Install and exercise coordinated candidate tarballs	2026-09-14T23:43:22.2946280Z Code provenance: exact source/metadata, native edits, ordering, empty/Unicode values, five damaged groups and edited generated label verified.
package	Install and exercise coordinated candidate tarballs	2026-09-14T23:43:22.8766947Z Shared code SVG: 10 accepted layouts, source/whitespace/trace preservation, no extra measurement, strict/tiny-cell rejection, 132 XML-boundary rejections and valid character boundaries.
package	Install and exercise coordinated candidate tarballs	2026-09-14T23:43:24.6591684Z Actual shared code browser: 12 wide/portrait cases with source preservation, accepted tab positions and contained glyphs.
package	Install and exercise coordinated candidate tarballs	2026-09-14T23:43:28.4769267Z Code canvas: wide/portrait source editing, metadata, CRLF, tabs, pagination, undo, offline export and bounded reimport checks pass.
package	Install and exercise coordinated candidate tarballs	2026-09-14T23:43:28.5452070Z Installed code: candidate source, pagination, metadata guards and actual offline browser workflows passed.
package	Install and exercise coordinated candidate tarballs	2026-09-14T23:43:28.7602298Z ✔ complete quote layout preserves source ranges, requested/resolved styles and legacy readable geometry (3.901295ms)
package	Install and exercise coordinated candidate tarballs	2026-09-14T23:43:28.7608058Z ✔ shorthand and empty metadata preserve schema paths without an invented footer (0.652457ms)
package	Install and exercise coordinated candidate tarballs	2026-09-14T23:43:28.7611275Z ✔ body and footer share available space before shrinking text or changing the outer arrangement (9.788833ms)
package	Install and exercise coordinated candidate tarballs	2026-09-14T23:43:28.7614366Z ✔ long footer, body/footer collision and strict rejection remain explicit without source truncation (97.80047ms)
package	Install and exercise coordinated candidate tarballs	2026-09-14T23:43:28.7617799Z ✔ tiny cells retain invalid available dimensions and never measure an invented fitting box (0.312518ms)
package	Install and exercise coordinated candidate tarballs	2026-09-14T23:43:28.7619061Z ✔ explicit readability floors are respected after scaling, including above nominal footer size (0.359416ms)
package	Install and exercise coordinated candidate tarballs	2026-09-14T23:43:28.7620112Z ✔ invalid content, geometry, scales and policies fail before reporting a usable layout (0.379944ms)
package	Install and exercise coordinated candidate tarballs	2026-09-14T23:43:28.7724650Z ℹ tests 7
package	Install and exercise coordinated candidate tarballs	2026-09-14T23:43:28.7725402Z ℹ suites 0
package	Install and exercise coordinated candidate tarballs	2026-09-14T23:43:28.7725810Z ℹ pass 7
package	Install and exercise coordinated candidate tarballs	2026-09-14T23:43:28.7726174Z ℹ fail 0
package	Install and exercise coordinated candidate tarballs	2026-09-14T23:43:28.7726561Z ℹ cancelled 0
package	Install and exercise coordinated candidate tarballs	2026-09-14T23:43:28.7728458Z ℹ skipped 0
package	Install and exercise coordinated candidate tarballs	2026-09-14T23:43:28.7729052Z ℹ todo 0
package	Install and exercise coordinated candidate tarballs	2026-09-14T23:43:28.7729492Z ℹ duration_ms 191.378631
package	Install and exercise coordinated candidate tarballs	2026-09-14T23:43:30.9382517Z ✔ accepted quote geometry includes all parts without changing source or re-measuring for explanations (6.938284ms)
package	Install and exercise coordinated candidate tarballs	2026-09-14T23:43:30.9392719Z ✔ automatic candidates account for footer fit and choose the arrangement that keeps it readable (13.415171ms)
package	Install and exercise coordinated candidate tarballs	2026-09-14T23:43:30.9394449Z ✔ strict ancestors reject a quote body diagnostic below the leaf path (218.876673ms)
package	Install and exercise coordinated candidate tarballs	2026-09-14T23:43:30.9395434Z ✔ strict path matching respects component boundaries rather than numeric prefixes (211.719083ms)
package	Install and exercise coordinated candidate tarballs	2026-09-14T23:43:30.9397711Z ✔ pagination preserves quote body, repeated metadata, ranges and the accepted readability floor (1532.914602ms)
package	Install and exercise coordinated candidate tarballs	2026-09-14T23:43:30.9398997Z ✔ irreducible footer overflow rejects pagination without mutating or returning partial content (32.93017ms)
package	Install and exercise coordinated candidate tarballs	2026-09-14T23:43:30.9601028Z ℹ tests 6
package	Install and exercise coordinated candidate tarballs	2026-09-14T23:43:30.9601459Z ℹ suites 0
package	Install and exercise coordinated candidate tarballs	2026-09-14T23:43:30.9601823Z ℹ pass 6
package	Install and exercise coordinated candidate tarballs	2026-09-14T23:43:30.9602174Z ℹ fail 0
package	Install and exercise coordinated candidate tarballs	2026-09-14T23:43:30.9609076Z ℹ cancelled 0
package	Install and exercise coordinated candidate tarballs	2026-09-14T23:43:30.9609430Z ℹ skipped 0
package	Install and exercise coordinated candidate tarballs	2026-09-14T23:43:30.9609653Z ℹ todo 0
package	Install and exercise coordinated candidate tarballs	2026-09-14T23:43:30.9610034Z ℹ duration_ms 2149.855631
package	Install and exercise coordinated candidate tarballs	2026-09-14T23:43:31.9470689Z Shared quote SVG: 4 exact accepted layouts/styles with no extra measurement, reasoned overflow, strict rejection and no tiny-cell omission.
package	Install and exercise coordinated candidate tarballs	2026-09-14T23:43:32.7148960Z Shared quote PPTX: 4 wide/portrait decks and 6 native lines match accepted geometry/styles without re-fitting; reimport and strict/unusable-space rejection pass.
package	Install and exercise coordinated candidate tarballs	2026-09-14T23:43:33.3015906Z Packed quote editor passed: accepted one-page policy, source preservation, actual fonts, SVG/PPTX, undo/redo and editable native text reimport. Quote semantics are not reconstructed on import.
package	Install and exercise coordinated candidate tarballs	2026-09-14T23:43:33.8658759Z Styled native table export passed: merged grid, unique text, full covered rows, colors/alpha, border dashes, zero/fractional padding, alignment, scaled row geometry and determinism.
package	Install and exercise coordinated candidate tarballs	2026-09-14T23:43:33.8828825Z Native merge perimeter regression passed: continuation and neighbor edges, transparent dashes, dotted top, hidden bottom and scaling.
package	Install and exercise coordinated candidate tarballs	2026-09-14T23:43:34.5149380Z Styled native table import passed: direct fills/alpha, borders, margins, alignment, dense merges, repeated conversion, header crossing and text-preserving malformed-merge diagnostics.
package	Install and exercise coordinated candidate tarballs	2026-09-14T23:43:35.2727732Z Native conditional table borders passed: outer frame/interior grid, bands/edges/corners, partial/direct overrides, theme lines/alpha, missing-reference masking, repeated conversion and diagnostics.
package	Install and exercise coordinated candidate tarballs	2026-09-14T23:43:35.6769714Z ✔ short table rows preserve baseline geometry and missing cells (3.665108ms)
package	Install and exercise coordinated candidate tarballs	2026-09-14T23:43:35.6773336Z ✔ wrapped and rich multiline rows grow into available space (6.917942ms)
package	Install and exercise coordinated candidate tarballs	2026-09-14T23:43:35.6775708Z ✔ constrained tables consume spare row height before reporting real overflow (0.911753ms)
package	Install and exercise coordinated candidate tarballs	2026-09-14T23:43:35.6777517Z ✔ readability settings and mixed-font metrics govern row fitting (0.63877ms)
package	Install and exercise coordinated candidate tarballs	2026-09-14T23:43:35.6780439Z ✔ pagination retains complete multiline rows and repeated headers (230.228014ms)
package	Install and exercise coordinated candidate tarballs	2026-09-14T23:43:35.6783493Z ✔ mixed-size table paragraphs reserve the native uniform line spacing (0.413548ms)
package	Install and exercise coordinated candidate tarballs	2026-09-14T23:43:35.6784947Z ✔ spare height in short rows is removed before any font shrinking (0.337294ms)
package	Install and exercise coordinated candidate tarballs	2026-09-14T23:43:35.6921391Z ℹ tests 7
package	Install and exercise coordinated candidate tarballs	2026-09-14T23:43:35.6921663Z ℹ suites 0
package	Install and exercise coordinated candidate tarballs	2026-09-14T23:43:35.6921956Z ℹ pass 7
package	Install and exercise coordinated candidate tarballs	2026-09-14T23:43:35.6922171Z ℹ fail 0
package	Install and exercise coordinated candidate tarballs	2026-09-14T23:43:35.6922379Z ℹ cancelled 0
package	Install and exercise coordinated candidate tarballs	2026-09-14T23:43:35.6922608Z ℹ skipped 0
package	Install and exercise coordinated candidate tarballs	2026-09-14T23:43:35.6922825Z ℹ todo 0
package	Install and exercise coordinated candidate tarballs	2026-09-14T23:43:35.6923064Z ℹ duration_ms 370.916918
package	Install and exercise coordinated candidate tarballs	2026-09-14T23:43:36.9816570Z Packed consumer: TypeScript declarations and browser bundle passed.
package	Install and exercise coordinated candidate tarballs	2026-09-14T23:43:37.6809135Z Packed browser harness built: artifacts/editor/packed-canvas-tests.html (serve alongside demo fonts.json).
package	Install and exercise coordinated candidate tarballs	2026-09-14T23:43:38.0609563Z Installed styled-table browser harness built: artifacts/editor/packed-styled-table-tests.html. Open it to verify real pointer/keyboard interaction.
package	Install and exercise coordinated candidate tarballs	2026-09-14T23:43:38.0909602Z Local tarball consumer passed; this is not a registry verification.
package	Install and exercise coordinated candidate tarballs	2026-09-14T23:43:38.3922916Z 
package	Install and exercise coordinated candidate tarballs	2026-09-14T23:43:38.3923951Z > openpresentation-workspace@ test:packed-browser /__w/opf-render/opf-render/opf
package	Install and exercise coordinated candidate tarballs	2026-09-14T23:43:38.3925071Z > node scripts/test-packed-browser.mjs
package	Install and exercise coordinated candidate tarballs	2026-09-14T23:43:38.3925470Z 
package	Install and exercise coordinated candidate tarballs	2026-09-14T23:43:39.9309279Z PASS packed canvas: 34 assertions; 0 trusted interaction scenarios
package	Install and exercise coordinated candidate tarballs	2026-09-14T23:43:41.0364230Z PASS packed rich-text: 46 assertions; 0 trusted interaction scenarios
package	Install and exercise coordinated candidate tarballs	2026-09-14T23:43:42.0699880Z PASS packed rich-text-estimated: 46 assertions; 0 trusted interaction scenarios
package	Install and exercise coordinated candidate tarballs	2026-09-14T23:43:43.8531862Z PASS packed layout: 26 assertions; 4 trusted interaction scenarios
package	Install and exercise coordinated candidate tarballs	2026-09-14T23:43:44.3872238Z PASS packed block: 21 assertions; 1 trusted interaction scenarios
package	Install and exercise coordinated candidate tarballs	2026-09-14T23:43:45.0339816Z PASS packed list: 19 assertions; 0 trusted interaction scenarios
package	Install and exercise coordinated candidate tarballs	2026-09-14T23:43:45.4926878Z PASS packed create: 40 assertions; 0 trusted interaction scenarios
package	Install and exercise coordinated candidate tarballs	2026-09-14T23:43:47.2843735Z PASS packed styled-table: 44 assertions; 3 trusted interaction scenarios
package	Install and exercise coordinated candidate tarballs	2026-09-14T23:43:47.5660352Z Installed code guards: runtime drift, wrong integrity, external modules and loader environment rejected; exact artifacts restored.
package	Install and exercise coordinated candidate tarballs	2026-09-14T23:43:56.2055883Z 12 plain text browser workflows preserve source through edit, undo/redo, export and reimport.
package	Install and exercise coordinated candidate tarballs	2026-09-14T23:43:58.3103169Z 48 offline browser/PPTX cases honor selected glyph floors while preserving source metadata.
package	Install and exercise coordinated candidate tarballs	2026-09-14T23:44:10.0732786Z 16 offline timeline workflows preserve source fields through selection, editing, undo/redo and semantic PPTX reimport.
package	Install and exercise coordinated candidate tarballs	2026-09-14T23:44:27.2537893Z 16 offline installed furniture workflows passed: geometry, readability, source editing, generated values, empty fields, undo/redo and PPTX reimport.
package	Install and exercise coordinated candidate tarballs	2026-09-14T23:44:27.9652823Z [
package	Install and exercise coordinated candidate tarballs	2026-09-14T23:44:27.9653252Z   {
package	Install and exercise coordinated candidate tarballs	2026-09-14T23:44:27.9653580Z     "count": 2,
package	Install and exercise coordinated candidate tarballs	2026-09-14T23:44:27.9653955Z     "width": 1280,
package	Install and exercise coordinated candidate tarballs	2026-09-14T23:44:27.9654349Z     "height": 720,
package	Install and exercise coordinated candidate tarballs	2026-09-14T23:44:27.9654741Z     "minimum": 16,
package	Install and exercise coordinated candidate tarballs	2026-09-14T23:44:27.9655159Z     "coreDiagnostics": [],
package	Install and exercise coordinated candidate tarballs	2026-09-14T23:44:27.9655637Z     "render": "passed"
package	Install and exercise coordinated candidate tarballs	2026-09-14T23:44:27.9656010Z   },
package	Install and exercise coordinated candidate tarballs	2026-09-14T23:44:27.9656952Z   {
package	Install and exercise coordinated candidate tarballs	2026-09-14T23:44:27.9657334Z     "count": 2,
package	Install and exercise coordinated candidate tarballs	2026-09-14T23:44:27.9657723Z     "width": 1280,
package	Install and exercise coordinated candidate tarballs	2026-09-14T23:44:27.9658879Z     "height": 720,
package	Install and exercise coordinated candidate tarballs	2026-09-14T23:44:27.9659294Z     "minimum": 32,
package	Install and exercise coordinated candidate tarballs	2026-09-14T23:44:27.9659691Z     "coreDiagnostics": [],
package	Install and exercise coordinated candidate tarballs	2026-09-14T23:44:27.9660115Z     "render": "passed"
package	Install and exercise coordinated candidate tarballs	2026-09-14T23:44:27.9660484Z   },
package	Install and exercise coordinated candidate tarballs	2026-09-14T23:44:27.9660851Z   {
package	Install and exercise coordinated candidate tarballs	2026-09-14T23:44:27.9661160Z     "count": 2,
package	Install and exercise coordinated candidate tarballs	2026-09-14T23:44:27.9661545Z     "width": 720,
package	Install and exercise coordinated candidate tarballs	2026-09-14T23:44:27.9661927Z     "height": 1280,
package	Install and exercise coordinated candidate tarballs	2026-09-14T23:44:27.9662314Z     "minimum": 16,
package	Install and exercise coordinated candidate tarballs	2026-09-14T23:44:27.9662687Z     "coreDiagnostics": [],
package	Install and exercise coordinated candidate tarballs	2026-09-14T23:44:27.9663109Z     "render": "passed"
package	Install and exercise coordinated candidate tarballs	2026-09-14T23:44:27.9663400Z   },
package	Install and exercise coordinated candidate tarballs	2026-09-14T23:44:27.9663583Z   {
package	Install and exercise coordinated candidate tarballs	2026-09-14T23:44:27.9663774Z     "count": 2,
package	Install and exercise coordinated candidate tarballs	2026-09-14T23:44:27.9664014Z     "width": 720,
package	Install and exercise coordinated candidate tarballs	2026-09-14T23:44:27.9664240Z     "height": 1280,
package	Install and exercise coordinated candidate tarballs	2026-09-14T23:44:27.9664488Z     "minimum": 32,
package	Install and exercise coordinated candidate tarballs	2026-09-14T23:44:27.9664712Z     "coreDiagnostics": [],
package	Install and exercise coordinated candidate tarballs	2026-09-14T23:44:27.9664995Z     "render": "passed"
package	Install and exercise coordinated candidate tarballs	2026-09-14T23:44:27.9665249Z   },
package	Install and exercise coordinated candidate tarballs	2026-09-14T23:44:27.9665427Z   {
package	Install and exercise coordinated candidate tarballs	2026-09-14T23:44:27.9665633Z     "count": 4,
package	Install and exercise coordinated candidate tarballs	2026-09-14T23:44:27.9665864Z     "width": 1280,
package	Install and exercise coordinated candidate tarballs	2026-09-14T23:44:27.9666106Z     "height": 720,
package	Install and exercise coordinated candidate tarballs	2026-09-14T23:44:27.9666339Z     "minimum": 16,
package	Install and exercise coordinated candidate tarballs	2026-09-14T23:44:27.9666880Z     "coreDiagnostics": [],
package	Install and exercise coordinated candidate tarballs	2026-09-14T23:44:27.9667216Z     "render": "passed"
package	Install and exercise coordinated candidate tarballs	2026-09-14T23:44:27.9667454Z   },
package	Install and exercise coordinated candidate tarballs	2026-09-14T23:44:27.9667631Z   {
package	Install and exercise coordinated candidate tarballs	2026-09-14T23:44:27.9667834Z     "count": 4,
package	Install and exercise coordinated candidate tarballs	2026-09-14T23:44:27.9668063Z     "width": 1280,
package	Install and exercise coordinated candidate tarballs	2026-09-14T23:44:27.9668294Z     "height": 720,
package	Install and exercise coordinated candidate tarballs	2026-09-14T23:44:27.9668521Z     "minimum": 32,
package	Install and exercise coordinated candidate tarballs	2026-09-14T23:44:27.9668772Z     "coreDiagnostics": [],
package	Install and exercise coordinated candidate tarballs	2026-09-14T23:44:27.9669046Z     "render": "passed"
package	Install and exercise coordinated candidate tarballs	2026-09-14T23:44:27.9669289Z   },
package	Install and exercise coordinated candidate tarballs	2026-09-14T23:44:27.9669491Z   {
package	Install and exercise coordinated candidate tarballs	2026-09-14T23:44:27.9669675Z     "count": 4,
package	Install and exercise coordinated candidate tarballs	2026-09-14T23:44:27.9670174Z     "width": 720,
package	Install and exercise coordinated candidate tarballs	2026-09-14T23:44:27.9670428Z     "height": 1280,
package	Install and exercise coordinated candidate tarballs	2026-09-14T23:44:27.9670670Z     "minimum": 16,
package	Install and exercise coordinated candidate tarballs	2026-09-14T23:44:27.9670898Z     "coreDiagnostics": [],
package	Install and exercise coordinated candidate tarballs	2026-09-14T23:44:27.9671155Z     "render": "passed"
package	Install and exercise coordinated candidate tarballs	2026-09-14T23:44:27.9671394Z   },
package	Install and exercise coordinated candidate tarballs	2026-09-14T23:44:27.9671566Z   {
package	Install and exercise coordinated candidate tarballs	2026-09-14T23:44:27.9671764Z     "count": 4,
package	Install and exercise coordinated candidate tarballs	2026-09-14T23:44:27.9671960Z     "width": 720,
package	Install and exercise coordinated candidate tarballs	2026-09-14T23:44:27.9672187Z     "height": 1280,
package	Install and exercise coordinated candidate tarballs	2026-09-14T23:44:27.9672418Z     "minimum": 32,
package	Install and exercise coordinated candidate tarballs	2026-09-14T23:44:27.9672628Z     "coreDiagnostics": [],
package	Install and exercise coordinated candidate tarballs	2026-09-14T23:44:27.9672890Z     "render": "passed"
package	Install and exercise coordinated candidate tarballs	2026-09-14T23:44:27.9673096Z   },
package	Install and exercise coordinated candidate tarballs	2026-09-14T23:44:27.9673266Z   {
package	Install and exercise coordinated candidate tarballs	2026-09-14T23:44:27.9673471Z     "count": 8,
package	Install and exercise coordinated candidate tarballs	2026-09-14T23:44:27.9673666Z     "width": 1280,
package	Install and exercise coordinated candidate tarballs	2026-09-14T23:44:27.9673891Z     "height": 720,
package	Install and exercise coordinated candidate tarballs	2026-09-14T23:44:27.9674115Z     "minimum": 16,
package	Install and exercise coordinated candidate tarballs	2026-09-14T23:44:27.9674352Z     "coreDiagnostics": [],
package	Install and exercise coordinated candidate tarballs	2026-09-14T23:44:27.9674610Z     "render": "passed"
package	Install and exercise coordinated candidate tarballs	2026-09-14T23:44:27.9674834Z   },
package	Install and exercise coordinated candidate tarballs	2026-09-14T23:44:27.9675037Z   {
package	Install and exercise coordinated candidate tarballs	2026-09-14T23:44:27.9675219Z     "count": 8,
package	Install and exercise coordinated candidate tarballs	2026-09-14T23:44:27.9675439Z     "width": 1280,
package	Install and exercise coordinated candidate tarballs	2026-09-14T23:44:27.9675662Z     "height": 720,
package	Install and exercise coordinated candidate tarballs	2026-09-14T23:44:27.9675905Z     "minimum": 32,
package	Install and exercise coordinated candidate tarballs	2026-09-14T23:44:27.9676131Z     "coreError": {
package	Install and exercise coordinated candidate tarballs	2026-09-14T23:44:27.9676506Z       "message": "Slide content does not fit its composition.",
package	Install and exercise coordinated candidate tarballs	2026-09-14T23:44:27.9677180Z       "code": "layout-overflow"
package	Install and exercise coordinated candidate tarballs	2026-09-14T23:44:27.9677453Z     },
package	Install and exercise coordinated candidate tarballs	2026-09-14T23:44:27.9677649Z     "renderError": {
package	Install and exercise coordinated candidate tarballs	2026-09-14T23:44:27.9677992Z       "message": "Slide content does not fit its composition.",
package	Install and exercise coordinated candidate tarballs	2026-09-14T23:44:27.9678363Z       "code": "layout-overflow"
package	Install and exercise coordinated candidate tarballs	2026-09-14T23:44:27.9678597Z     }
package	Install and exercise coordinated candidate tarballs	2026-09-14T23:44:27.9678802Z   },
package	Install and exercise coordinated candidate tarballs	2026-09-14T23:44:27.9678981Z   {
package	Install and exercise coordinated candidate tarballs	2026-09-14T23:44:27.9679188Z     "count": 8,
package	Install and exercise coordinated candidate tarballs	2026-09-14T23:44:27.9679415Z     "width": 720,
package	Install and exercise coordinated candidate tarballs	2026-09-14T23:44:27.9679650Z     "height": 1280,
package	Install and exercise coordinated candidate tarballs	2026-09-14T23:44:27.9679879Z     "minimum": 16,
package	Install and exercise coordinated candidate tarballs	2026-09-14T23:44:27.9680122Z     "coreDiagnostics": [],
package	Install and exercise coordinated candidate tarballs	2026-09-14T23:44:27.9680395Z     "render": "passed"
package	Install and exercise coordinated candidate tarballs	2026-09-14T23:44:27.9680651Z   },
package	Install and exercise coordinated candidate tarballs	2026-09-14T23:44:27.9680826Z   {
package	Install and exercise coordinated candidate tarballs	2026-09-14T23:44:27.9681027Z     "count": 8,
package	Install and exercise coordinated candidate tarballs	2026-09-14T23:44:27.9681247Z     "width": 720,
package	Install and exercise coordinated candidate tarballs	2026-09-14T23:44:27.9681646Z     "height": 1280,
package	Install and exercise coordinated candidate tarballs	2026-09-14T23:44:27.9681879Z     "minimum": 32,
package	Install and exercise coordinated candidate tarballs	2026-09-14T23:44:27.9682115Z     "coreError": {
package	Install and exercise coordinated candidate tarballs	2026-09-14T23:44:27.9682637Z       "message": "Slide content does not fit its composition.",
package	Install and exercise coordinated candidate tarballs	2026-09-14T23:44:27.9683235Z       "code": "layout-overflow"
package	Install and exercise coordinated candidate tarballs	2026-09-14T23:44:27.9683572Z     },
package	Install and exercise coordinated candidate tarballs	2026-09-14T23:44:27.9683849Z     "renderError": {
package	Install and exercise coordinated candidate tarballs	2026-09-14T23:44:27.9684197Z       "message": "Slide content does not fit its composition.",
package	Install and exercise coordinated candidate tarballs	2026-09-14T23:44:27.9684574Z       "code": "layout-overflow"
package	Install and exercise coordinated candidate tarballs	2026-09-14T23:44:27.9684817Z     }
package	Install and exercise coordinated candidate tarballs	2026-09-14T23:44:27.9685017Z   },
package	Install and exercise coordinated candidate tarballs	2026-09-14T23:44:27.9685189Z   {
package	Install and exercise coordinated candidate tarballs	2026-09-14T23:44:27.9685398Z     "count": 12,
package	Install and exercise coordinated candidate tarballs	2026-09-14T23:44:27.9685605Z     "width": 1280,
package	Install and exercise coordinated candidate tarballs	2026-09-14T23:44:27.9685830Z     "height": 720,
package	Install and exercise coordinated candidate tarballs	2026-09-14T23:44:27.9686063Z     "minimum": 16,
package	Install and exercise coordinated candidate tarballs	2026-09-14T23:44:27.9686286Z     "coreDiagnostics": [],
package	Install and exercise coordinated candidate tarballs	2026-09-14T23:44:27.9686548Z     "render": "passed"
package	Install and exercise coordinated candidate tarballs	2026-09-14T23:44:27.9687006Z   },
package	Install and exercise coordinated candidate tarballs	2026-09-14T23:44:27.9687197Z   {
package	Install and exercise coordinated candidate tarballs	2026-09-14T23:44:27.9687411Z     "count": 12,
package	Install and exercise coordinated candidate tarballs	2026-09-14T23:44:27.9687631Z     "width": 1280,
package	Install and exercise coordinated candidate tarballs	2026-09-14T23:44:27.9687846Z     "height": 720,
package	Install and exercise coordinated candidate tarballs	2026-09-14T23:44:27.9688071Z     "minimum": 32,
package	Install and exercise coordinated candidate tarballs	2026-09-14T23:44:27.9688300Z     "coreError": {
package	Install and exercise coordinated candidate tarballs	2026-09-14T23:44:27.9688654Z       "message": "Slide content does not fit its composition.",
package	Install and exercise coordinated candidate tarballs	2026-09-14T23:44:27.9689046Z       "code": "layout-overflow"
package	Install and exercise coordinated candidate tarballs	2026-09-14T23:44:27.9689303Z     },
package	Install and exercise coordinated candidate tarballs	2026-09-14T23:44:27.9689519Z     "renderError": {
package	Install and exercise coordinated candidate tarballs	2026-09-14T23:44:27.9689874Z       "message": "Slide content does not fit its composition.",
package	Install and exercise coordinated candidate tarballs	2026-09-14T23:44:27.9690257Z       "code": "layout-overflow"
package	Install and exercise coordinated candidate tarballs	2026-09-14T23:44:27.9690507Z     }
package	Install and exercise coordinated candidate tarballs	2026-09-14T23:44:27.9690708Z   },
package	Install and exercise coordinated candidate tarballs	2026-09-14T23:44:27.9690886Z   {
package	Install and exercise coordinated candidate tarballs	2026-09-14T23:44:27.9691088Z     "count": 12,
package	Install and exercise coordinated candidate tarballs	2026-09-14T23:44:27.9691309Z     "width": 720,
package	Install and exercise coordinated candidate tarballs	2026-09-14T23:44:27.9691743Z     "height": 1280,
package	Install and exercise coordinated candidate tarballs	2026-09-14T23:44:27.9691959Z     "minimum": 16,
package	Install and exercise coordinated candidate tarballs	2026-09-14T23:44:27.9692193Z     "coreDiagnostics": [],
package	Install and exercise coordinated candidate tarballs	2026-09-14T23:44:27.9692482Z     "render": "passed"
package	Install and exercise coordinated candidate tarballs	2026-09-14T23:44:27.9692702Z   },
package	Install and exercise coordinated candidate tarballs	2026-09-14T23:44:27.9692898Z   {
package	Install and exercise coordinated candidate tarballs	2026-09-14T23:44:27.9693100Z     "count": 12,
package	Install and exercise coordinated candidate tarballs	2026-09-14T23:44:27.9693321Z     "width": 720,
package	Install and exercise coordinated candidate tarballs	2026-09-14T23:44:27.9693543Z     "height": 1280,
package	Install and exercise coordinated candidate tarballs	2026-09-14T23:44:27.9693751Z     "minimum": 32,
package	Install and exercise coordinated candidate tarballs	2026-09-14T23:44:27.9693979Z     "coreError": {
package	Install and exercise coordinated candidate tarballs	2026-09-14T23:44:27.9694321Z       "message": "Slide content does not fit its composition.",
package	Install and exercise coordinated candidate tarballs	2026-09-14T23:44:27.9694696Z       "code": "layout-overflow"
package	Install and exercise coordinated candidate tarballs	2026-09-14T23:44:27.9694954Z     },
package	Install and exercise coordinated candidate tarballs	2026-09-14T23:44:27.9695165Z     "renderError": {
package	Install and exercise coordinated candidate tarballs	2026-09-14T23:44:27.9695493Z       "message": "Slide content does not fit its composition.",
package	Install and exercise coordinated candidate tarballs	2026-09-14T23:44:27.9695896Z       "code": "layout-overflow"
package	Install and exercise coordinated candidate tarballs	2026-09-14T23:44:27.9696154Z     }
package	Install and exercise coordinated candidate tarballs	2026-09-14T23:44:27.9696352Z   }
package	Install and exercise coordinated candidate tarballs	2026-09-14T23:44:27.9696543Z ]
package	Run npm pack --dry-run	﻿2026-09-14T23:44:27.9851881Z ##[group]Run npm pack --dry-run
package	Run npm pack --dry-run	2026-09-14T23:44:27.9852223Z ^[[36;1mnpm pack --dry-run^[[0m
package	Run npm pack --dry-run	2026-09-14T23:44:27.9852530Z shell: sh -e {0}
package	Run npm pack --dry-run	2026-09-14T23:44:27.9852734Z env:
package	Run npm pack --dry-run	2026-09-14T23:44:27.9853237Z   OPF_GOLDEN_BASELINE: /home/runner/work/opf-render/opf-render/opf-render/test/golden/opf-examples-png.furniture.sha256.json
package	Run npm pack --dry-run	2026-09-14T23:44:27.9853884Z   PNPM_HOME: /github/home/setup-pnpm/node_modules/.bin
package	Run npm pack --dry-run	2026-09-14T23:44:27.9854192Z ##[endgroup]
package	Run npm pack --dry-run	2026-09-14T23:44:28.2747813Z 
package	Run npm pack --dry-run	2026-09-14T23:44:28.2748560Z > @openpresentation/opf-render@0.7.0 prepack
package	Run npm pack --dry-run	2026-09-14T23:44:28.2749240Z > npm run build
package	Run npm pack --dry-run	2026-09-14T23:44:28.2749501Z 
package	Run npm pack --dry-run	2026-09-14T23:44:28.3768851Z 
package	Run npm pack --dry-run	2026-09-14T23:44:28.3769795Z > @openpresentation/opf-render@0.7.0 build
package	Run npm pack --dry-run	2026-09-14T23:44:28.3770229Z > node scripts/build.mjs
package	Run npm pack --dry-run	2026-09-14T23:44:28.3770406Z 
package	Run npm pack --dry-run	2026-09-14T23:44:28.6021238Z npm notice
package	Run npm pack --dry-run	2026-09-14T23:44:28.6023793Z npm notice 📦  @openpresentation/opf-render@0.7.0
package	Run npm pack --dry-run	2026-09-14T23:44:28.6024559Z npm notice Tarball Contents
package	Run npm pack --dry-run	2026-09-14T23:44:28.6031402Z npm notice 1.1kB LICENSE
package	Run npm pack --dry-run	2026-09-14T23:44:28.6032264Z npm notice 20.6kB README.md
package	Run npm pack --dry-run	2026-09-14T23:44:28.6033437Z npm notice 4.0kB dist/font-compatibility.js
package	Run npm pack --dry-run	2026-09-14T23:44:28.6034614Z npm notice 11.5kB dist/font-manifest.js
package	Run npm pack --dry-run	2026-09-14T23:44:28.6035975Z npm notice 448B dist/fonts-browser.d.ts
package	Run npm pack --dry-run	2026-09-14T23:44:28.6037594Z npm notice 2.2kB dist/fonts-browser.js
package	Run npm pack --dry-run	2026-09-14T23:44:28.6038324Z npm notice 1.2kB dist/fonts-node.d.ts
package	Run npm pack --dry-run	2026-09-14T23:44:28.6039627Z npm notice 3.8kB dist/fonts-node.js
package	Run npm pack --dry-run	2026-09-14T23:44:28.6040740Z npm notice 1.9kB dist/fonts.d.ts
package	Run npm pack --dry-run	2026-09-14T23:44:28.6041687Z npm notice 10.7kB dist/fonts.js
package	Run npm pack --dry-run	2026-09-14T23:44:28.6042316Z npm notice 4.0kB dist/index.d.ts
package	Run npm pack --dry-run	2026-09-14T23:44:28.6043130Z npm notice 73B dist/index.js
package	Run npm pack --dry-run	2026-09-14T23:44:28.6043749Z npm notice 4.1kB dist/raster-images.js
package	Run npm pack --dry-run	2026-09-14T23:44:28.6045065Z npm notice 5.9kB dist/raster.js
package	Run npm pack --dry-run	2026-09-14T23:44:28.6046082Z npm notice 3.9kB dist/svg.d.ts
package	Run npm pack --dry-run	2026-09-14T23:44:28.6046638Z npm notice 67.8kB dist/svg.js
package	Run npm pack --dry-run	2026-09-14T23:44:28.6047371Z npm notice 5.2kB package.json
package	Run npm pack --dry-run	2026-09-14T23:44:28.6047938Z npm notice Tarball Details
package	Run npm pack --dry-run	2026-09-14T23:44:28.6048575Z npm notice name: @openpresentation/opf-render
package	Run npm pack --dry-run	2026-09-14T23:44:28.6049208Z npm notice version: 0.7.0
package	Run npm pack --dry-run	2026-09-14T23:44:28.6049984Z npm notice filename: openpresentation-opf-render-0.7.0.tgz
package	Run npm pack --dry-run	2026-09-14T23:44:28.6050752Z npm notice package size: 42.7 kB
package	Run npm pack --dry-run	2026-09-14T23:44:28.6051328Z npm notice unpacked size: 148.6 kB
package	Run npm pack --dry-run	2026-09-14T23:44:28.6052078Z npm notice shasum: 514f3a85360675603a6a515f32e90ff33f637e09
package	Run npm pack --dry-run	2026-09-14T23:44:28.6053039Z npm notice integrity: sha512-Fuu+CD1BtruNN[...]gOC8PRqHQdMtw==
package	Run npm pack --dry-run	2026-09-14T23:44:28.6053788Z npm notice total files: 17
package	Run npm pack --dry-run	2026-09-14T23:44:28.6054257Z npm notice
package	Run npm pack --dry-run	2026-09-14T23:44:28.6054822Z openpresentation-opf-render-0.7.0.tgz
package	Preserve candidate and raster evidence	﻿2026-09-14T23:44:28.6249737Z ##[group]Run actions/upload-artifact@043fb46d1a93c77aae656e7c1c64a875d1fc6a0a
package	Preserve candidate and raster evidence	2026-09-14T23:44:28.6250173Z with:
package	Preserve candidate and raster evidence	2026-09-14T23:44:28.6250401Z   name: candidate-opf-render-Linux-node24
package	Preserve candidate and raster evidence	2026-09-14T23:44:28.6252566Z   path: opf/artifacts/editor/*report.json
package	Preserve candidate and raster evidence	opf/artifacts/editor/*failure.png
package	Preserve candidate and raster evidence	opf/artifacts/editor/*installed-code*.json
package	Preserve candidate and raster evidence	opf-render/artifacts/golden/**
package	Preserve candidate and raster evidence	opf-render/artifacts/font-preparation*.json
package	Preserve candidate and raster evidence	opf-render/artifacts/font-variants*.json
package	Preserve candidate and raster evidence	opf/artifacts/plain-whitespace-workflow/**
package	Preserve candidate and raster evidence	opf/artifacts/readability-browser/**
package	Preserve candidate and raster evidence	opf/artifacts/timeline-workflow/**
package	Preserve candidate and raster evidence	opf/artifacts/furniture-workflow/**
package	Preserve candidate and raster evidence	opf/artifacts/timeline-acceptance.json
package	Preserve candidate and raster evidence	opf-render/artifacts/plain-whitespace-browser/**
package	Preserve candidate and raster evidence	opf-render/artifacts/rich-flow-browser/**
package	Preserve candidate and raster evidence	opf-render/artifacts/rich-spacing-browser/**
package	Preserve candidate and raster evidence	
package	Preserve candidate and raster evidence	2026-09-14T23:44:28.6254916Z   retention-days: 7
package	Preserve candidate and raster evidence	2026-09-14T23:44:28.6255145Z   if-no-files-found: ignore
package	Preserve candidate and raster evidence	2026-09-14T23:44:28.6255389Z   compression-level: 6
package	Preserve candidate and raster evidence	2026-09-14T23:44:28.6255614Z   overwrite: false
package	Preserve candidate and raster evidence	2026-09-14T23:44:28.6255835Z   include-hidden-files: false
package	Preserve candidate and raster evidence	2026-09-14T23:44:28.6256107Z   archive: true
package	Preserve candidate and raster evidence	2026-09-14T23:44:28.6256297Z env:
package	Preserve candidate and raster evidence	2026-09-14T23:44:28.6257038Z   OPF_GOLDEN_BASELINE: /home/runner/work/opf-render/opf-render/opf-render/test/golden/opf-examples-png.furniture.sha256.json
package	Preserve candidate and raster evidence	2026-09-14T23:44:28.6257688Z   PNPM_HOME: /github/home/setup-pnpm/node_modules/.bin
package	Preserve candidate and raster evidence	2026-09-14T23:44:28.6257993Z ##[endgroup]
package	Preserve candidate and raster evidence	2026-09-14T23:44:28.6263460Z ##[command]/usr/bin/docker exec  dee33b14787caba5b5aeaa2760bc2732ee09ba2523b72a0b3567fc63e1c9e4b9 sh -c "cat /etc/*release | grep ^ID"
package	Preserve candidate and raster evidence	2026-09-14T23:44:28.8998218Z Multiple search paths detected. Calculating the least common ancestor of all paths
package	Preserve candidate and raster evidence	2026-09-14T23:44:28.9001444Z The least common ancestor is /__w/opf-render/opf-render. This will be the root directory of the artifact
package	Preserve candidate and raster evidence	2026-09-14T23:44:28.9002209Z With the provided path, there will be 101 files uploaded
package	Preserve candidate and raster evidence	2026-09-14T23:44:28.9004992Z Artifact name is valid!
package	Preserve candidate and raster evidence	2026-09-14T23:44:28.9005725Z Root directory input is valid!
package	Preserve candidate and raster evidence	2026-09-14T23:44:29.1075605Z Uploading artifact: candidate-opf-render-Linux-node24.zip
package	Preserve candidate and raster evidence	2026-09-14T23:44:29.1118223Z Beginning upload of artifact content to blob storage
package	Preserve candidate and raster evidence	2026-09-14T23:44:29.3436538Z Uploaded bytes 1860027
package	Preserve candidate and raster evidence	2026-09-14T23:44:29.3568802Z Finished uploading artifact content to blob storage!
package	Preserve candidate and raster evidence	2026-09-14T23:44:29.3572248Z SHA256 digest of uploaded artifact is 447afd65efdbdbf16772b103934924cca75bc83e1eff672682f1970f251dfb53
package	Preserve candidate and raster evidence	2026-09-14T23:44:29.3573757Z Finalizing artifact upload
package	Preserve candidate and raster evidence	2026-09-14T23:44:29.5458442Z Artifact candidate-opf-render-Linux-node24 successfully finalized. Artifact ID 10374366494
package	Preserve candidate and raster evidence	2026-09-14T23:44:29.5459702Z Artifact candidate-opf-render-Linux-node24 has been successfully uploaded! Final size is 1860027 bytes. Artifact ID is 10374366494
package	Preserve candidate and raster evidence	2026-09-14T23:44:29.5460739Z Artifact download URL: https://github.com/OpenPresentation/opf-render/actions/runs/34909957694/artifacts/10374366494
package	Post Run actions/setup-node@820762786026740c76f36085b0efc47a31fe5020	﻿2026-09-14T23:44:29.5658837Z Post job cleanup.
package	Post Run actions/setup-node@820762786026740c76f36085b0efc47a31fe5020	2026-09-14T23:44:29.5665653Z ##[command]/usr/bin/docker exec  dee33b14787caba5b5aeaa2760bc2732ee09ba2523b72a0b3567fc63e1c9e4b9 sh -c "cat /etc/*release | grep ^ID"
package	Post Run actions/setup-node@820762786026740c76f36085b0efc47a31fe5020	2026-09-14T23:44:29.7748261Z Cache hit occurred on the primary key node-cache-Linux-x64-npm-b3dd3c2aad4c323e185a66393235839cfcb570e5b57cc36adfbc117d1c7021c4, not saving cache.
package	Post Run pnpm/action-setup@ea17c68df8912ef543352723c149a84f56e3d413	﻿2026-09-14T23:44:29.7880884Z Post job cleanup.
package	Post Run pnpm/action-setup@ea17c68df8912ef543352723c149a84f56e3d413	2026-09-14T23:44:29.7884372Z ##[command]/usr/bin/docker exec  dee33b14787caba5b5aeaa2760bc2732ee09ba2523b72a0b3567fc63e1c9e4b9 sh -c "cat /etc/*release | grep ^ID"
package	Post Run pnpm/action-setup@ea17c68df8912ef543352723c149a84f56e3d413	2026-09-14T23:44:30.0347598Z Pruning is unnecessary.
package	Post Run actions/checkout@3d3c42e5aac5ba805825da76410c181273ba90b1	﻿2026-09-14T23:44:30.0569423Z Post job cleanup.
package	Post Run actions/checkout@3d3c42e5aac5ba805825da76410c181273ba90b1	2026-09-14T23:44:30.0583888Z ##[command]/usr/bin/docker exec  dee33b14787caba5b5aeaa2760bc2732ee09ba2523b72a0b3567fc63e1c9e4b9 sh -c "cat /etc/*release | grep ^ID"
package	Post Run actions/checkout@3d3c42e5aac5ba805825da76410c181273ba90b1	2026-09-14T23:44:30.2395215Z [command]/usr/bin/git version
package	Post Run actions/checkout@3d3c42e5aac5ba805825da76410c181273ba90b1	2026-09-14T23:44:30.2441704Z git version 2.43.0
package	Post Run actions/checkout@3d3c42e5aac5ba805825da76410c181273ba90b1	2026-09-14T23:44:30.2494505Z Temporarily overriding HOME='/__w/_temp/f9b1ec8d-54b0-4350-ab85-d50a9c322def' before making global git config changes
package	Post Run actions/checkout@3d3c42e5aac5ba805825da76410c181273ba90b1	2026-09-14T23:44:30.2495388Z Adding repository directory to the temporary git global config as a safe directory
package	Post Run actions/checkout@3d3c42e5aac5ba805825da76410c181273ba90b1	2026-09-14T23:44:30.2501999Z [command]/usr/bin/git config --global --add safe.directory /__w/opf-render/opf-render/opf-editor
package	Post Run actions/checkout@3d3c42e5aac5ba805825da76410c181273ba90b1	2026-09-14T23:44:30.2534095Z Removing SSH command configuration
package	Post Run actions/checkout@3d3c42e5aac5ba805825da76410c181273ba90b1	2026-09-14T23:44:30.2539440Z [command]/usr/bin/git config --local --name-only --get-regexp core\.sshCommand
package	Post Run actions/checkout@3d3c42e5aac5ba805825da76410c181273ba90b1	2026-09-14T23:44:30.2579311Z [command]/usr/bin/git submodule foreach --recursive sh -c "git config --local --name-only --get-regexp 'core\.sshCommand' && git config --local --unset-all 'core.sshCommand' || :"
package	Post Run actions/checkout@3d3c42e5aac5ba805825da76410c181273ba90b1	2026-09-14T23:44:30.2858375Z Removing HTTP extra header
package	Post Run actions/checkout@3d3c42e5aac5ba805825da76410c181273ba90b1	2026-09-14T23:44:30.2862687Z [command]/usr/bin/git config --local --name-only --get-regexp http\.https\:\/\/github\.com\/\.extraheader
package	Post Run actions/checkout@3d3c42e5aac5ba805825da76410c181273ba90b1	2026-09-14T23:44:30.2902156Z [command]/usr/bin/git submodule foreach --recursive sh -c "git config --local --name-only --get-regexp 'http\.https\:\/\/github\.com\/\.extraheader' && git config --local --unset-all 'http.https://github.com/.extraheader' || :"
package	Post Run actions/checkout@3d3c42e5aac5ba805825da76410c181273ba90b1	2026-09-14T23:44:30.3155200Z Removing includeIf entries pointing to credentials config files
package	Post Run actions/checkout@3d3c42e5aac5ba805825da76410c181273ba90b1	2026-09-14T23:44:30.3162546Z [command]/usr/bin/git config --local --name-only --get-regexp ^includeIf\.gitdir:
package	Post Run actions/checkout@3d3c42e5aac5ba805825da76410c181273ba90b1	2026-09-14T23:44:30.3193399Z [command]/usr/bin/git submodule foreach --recursive git config --local --show-origin --name-only --get-regexp remote.origin.url
package	Post Run actions/checkout@3d3c42e5aac5ba805825da76410c181273ba90b1	﻿2026-09-14T23:44:30.3728145Z Post job cleanup.
package	Post Run actions/checkout@3d3c42e5aac5ba805825da76410c181273ba90b1	2026-09-14T23:44:30.3744294Z ##[command]/usr/bin/docker exec  dee33b14787caba5b5aeaa2760bc2732ee09ba2523b72a0b3567fc63e1c9e4b9 sh -c "cat /etc/*release | grep ^ID"
package	Post Run actions/checkout@3d3c42e5aac5ba805825da76410c181273ba90b1	2026-09-14T23:44:30.5613456Z [command]/usr/bin/git version
package	Post Run actions/checkout@3d3c42e5aac5ba805825da76410c181273ba90b1	2026-09-14T23:44:30.5665153Z git version 2.43.0
package	Post Run actions/checkout@3d3c42e5aac5ba805825da76410c181273ba90b1	2026-09-14T23:44:30.5707626Z Temporarily overriding HOME='/__w/_temp/579bfd5c-ce42-45f1-8f57-a4e33a02aeae' before making global git config changes
package	Post Run actions/checkout@3d3c42e5aac5ba805825da76410c181273ba90b1	2026-09-14T23:44:30.5709150Z Adding repository directory to the temporary git global config as a safe directory
package	Post Run actions/checkout@3d3c42e5aac5ba805825da76410c181273ba90b1	2026-09-14T23:44:30.5712889Z [command]/usr/bin/git config --global --add safe.directory /__w/opf-render/opf-render/opf-pptx
package	Post Run actions/checkout@3d3c42e5aac5ba805825da76410c181273ba90b1	2026-09-14T23:44:30.5748509Z Removing SSH command configuration
package	Post Run actions/checkout@3d3c42e5aac5ba805825da76410c181273ba90b1	2026-09-14T23:44:30.5754013Z [command]/usr/bin/git config --local --name-only --get-regexp core\.sshCommand
package	Post Run actions/checkout@3d3c42e5aac5ba805825da76410c181273ba90b1	2026-09-14T23:44:30.5793915Z [command]/usr/bin/git submodule foreach --recursive sh -c "git config --local --name-only --get-regexp 'core\.sshCommand' && git config --local --unset-all 'core.sshCommand' || :"
package	Post Run actions/checkout@3d3c42e5aac5ba805825da76410c181273ba90b1	2026-09-14T23:44:30.6063097Z Removing HTTP extra header
package	Post Run actions/checkout@3d3c42e5aac5ba805825da76410c181273ba90b1	2026-09-14T23:44:30.6080726Z [command]/usr/bin/git config --local --name-only --get-regexp http\.https\:\/\/github\.com\/\.extraheader
package	Post Run actions/checkout@3d3c42e5aac5ba805825da76410c181273ba90b1	2026-09-14T23:44:30.6117469Z [command]/usr/bin/git submodule foreach --recursive sh -c "git config --local --name-only --get-regexp 'http\.https\:\/\/github\.com\/\.extraheader' && git config --local --unset-all 'http.https://github.com/.extraheader' || :"
package	Post Run actions/checkout@3d3c42e5aac5ba805825da76410c181273ba90b1	2026-09-14T23:44:30.6386335Z Removing includeIf entries pointing to credentials config files
package	Post Run actions/checkout@3d3c42e5aac5ba805825da76410c181273ba90b1	2026-09-14T23:44:30.6392603Z [command]/usr/bin/git config --local --name-only --get-regexp ^includeIf\.gitdir:
package	Post Run actions/checkout@3d3c42e5aac5ba805825da76410c181273ba90b1	2026-09-14T23:44:30.6434044Z [command]/usr/bin/git submodule foreach --recursive git config --local --show-origin --name-only --get-regexp remote.origin.url
package	Post Run actions/checkout@3d3c42e5aac5ba805825da76410c181273ba90b1	﻿2026-09-14T23:44:30.6885056Z Post job cleanup.
package	Post Run actions/checkout@3d3c42e5aac5ba805825da76410c181273ba90b1	2026-09-14T23:44:30.6893534Z ##[command]/usr/bin/docker exec  dee33b14787caba5b5aeaa2760bc2732ee09ba2523b72a0b3567fc63e1c9e4b9 sh -c "cat /etc/*release | grep ^ID"
package	Post Run actions/checkout@3d3c42e5aac5ba805825da76410c181273ba90b1	2026-09-14T23:44:30.8677868Z [command]/usr/bin/git version
package	Post Run actions/checkout@3d3c42e5aac5ba805825da76410c181273ba90b1	2026-09-14T23:44:30.8723685Z git version 2.43.0
package	Post Run actions/checkout@3d3c42e5aac5ba805825da76410c181273ba90b1	2026-09-14T23:44:30.8777043Z Temporarily overriding HOME='/__w/_temp/d879383e-6034-444d-aead-e61dce6fb2ad' before making global git config changes
package	Post Run actions/checkout@3d3c42e5aac5ba805825da76410c181273ba90b1	2026-09-14T23:44:30.8778576Z Adding repository directory to the temporary git global config as a safe directory
package	Post Run actions/checkout@3d3c42e5aac5ba805825da76410c181273ba90b1	2026-09-14T23:44:30.8781540Z [command]/usr/bin/git config --global --add safe.directory /__w/opf-render/opf-render/opf
package	Post Run actions/checkout@3d3c42e5aac5ba805825da76410c181273ba90b1	2026-09-14T23:44:30.8814070Z Removing SSH command configuration
package	Post Run actions/checkout@3d3c42e5aac5ba805825da76410c181273ba90b1	2026-09-14T23:44:30.8819404Z [command]/usr/bin/git config --local --name-only --get-regexp core\.sshCommand
package	Post Run actions/checkout@3d3c42e5aac5ba805825da76410c181273ba90b1	2026-09-14T23:44:30.8856850Z [command]/usr/bin/git submodule foreach --recursive sh -c "git config --local --name-only --get-regexp 'core\.sshCommand' && git config --local --unset-all 'core.sshCommand' || :"
package	Post Run actions/checkout@3d3c42e5aac5ba805825da76410c181273ba90b1	2026-09-14T23:44:30.9198584Z Removing HTTP extra header
package	Post Run actions/checkout@3d3c42e5aac5ba805825da76410c181273ba90b1	2026-09-14T23:44:30.9206174Z [command]/usr/bin/git config --local --name-only --get-regexp http\.https\:\/\/github\.com\/\.extraheader
package	Post Run actions/checkout@3d3c42e5aac5ba805825da76410c181273ba90b1	2026-09-14T23:44:30.9300652Z [command]/usr/bin/git submodule foreach --recursive sh -c "git config --local --name-only --get-regexp 'http\.https\:\/\/github\.com\/\.extraheader' && git config --local --unset-all 'http.https://github.com/.extraheader' || :"
package	Post Run actions/checkout@3d3c42e5aac5ba805825da76410c181273ba90b1	2026-09-14T23:44:30.9626590Z Removing includeIf entries pointing to credentials config files
package	Post Run actions/checkout@3d3c42e5aac5ba805825da76410c181273ba90b1	2026-09-14T23:44:30.9636829Z [command]/usr/bin/git config --local --name-only --get-regexp ^includeIf\.gitdir:
package	Post Run actions/checkout@3d3c42e5aac5ba805825da76410c181273ba90b1	2026-09-14T23:44:30.9693077Z [command]/usr/bin/git submodule foreach --recursive git config --local --show-origin --name-only --get-regexp remote.origin.url
package	Post Run actions/checkout@3d3c42e5aac5ba805825da76410c181273ba90b1	﻿2026-09-14T23:44:31.0307069Z Post job cleanup.
package	Post Run actions/checkout@3d3c42e5aac5ba805825da76410c181273ba90b1	2026-09-14T23:44:31.0320931Z ##[command]/usr/bin/docker exec  dee33b14787caba5b5aeaa2760bc2732ee09ba2523b72a0b3567fc63e1c9e4b9 sh -c "cat /etc/*release | grep ^ID"
package	Post Run actions/checkout@3d3c42e5aac5ba805825da76410c181273ba90b1	2026-09-14T23:44:31.2202185Z [command]/usr/bin/git version
package	Post Run actions/checkout@3d3c42e5aac5ba805825da76410c181273ba90b1	2026-09-14T23:44:31.2245178Z git version 2.43.0
package	Post Run actions/checkout@3d3c42e5aac5ba805825da76410c181273ba90b1	2026-09-14T23:44:31.2298278Z Temporarily overriding HOME='/__w/_temp/5fa7411e-388b-4c2e-b257-4288924d3282' before making global git config changes
package	Post Run actions/checkout@3d3c42e5aac5ba805825da76410c181273ba90b1	2026-09-14T23:44:31.2301269Z Adding repository directory to the temporary git global config as a safe directory
package	Post Run actions/checkout@3d3c42e5aac5ba805825da76410c181273ba90b1	2026-09-14T23:44:31.2317053Z [command]/usr/bin/git config --global --add safe.directory /__w/opf-render/opf-render/opf-render
package	Post Run actions/checkout@3d3c42e5aac5ba805825da76410c181273ba90b1	2026-09-14T23:44:31.2336461Z Removing SSH command configuration
package	Post Run actions/checkout@3d3c42e5aac5ba805825da76410c181273ba90b1	2026-09-14T23:44:31.2342807Z [command]/usr/bin/git config --local --name-only --get-regexp core\.sshCommand
package	Post Run actions/checkout@3d3c42e5aac5ba805825da76410c181273ba90b1	2026-09-14T23:44:31.2382624Z [command]/usr/bin/git submodule foreach --recursive sh -c "git config --local --name-only --get-regexp 'core\.sshCommand' && git config --local --unset-all 'core.sshCommand' || :"
package	Post Run actions/checkout@3d3c42e5aac5ba805825da76410c181273ba90b1	2026-09-14T23:44:31.2650501Z Removing HTTP extra header
package	Post Run actions/checkout@3d3c42e5aac5ba805825da76410c181273ba90b1	2026-09-14T23:44:31.2656276Z [command]/usr/bin/git config --local --name-only --get-regexp http\.https\:\/\/github\.com\/\.extraheader
package	Post Run actions/checkout@3d3c42e5aac5ba805825da76410c181273ba90b1	2026-09-14T23:44:31.2703713Z [command]/usr/bin/git submodule foreach --recursive sh -c "git config --local --name-only --get-regexp 'http\.https\:\/\/github\.com\/\.extraheader' && git config --local --unset-all 'http.https://github.com/.extraheader' || :"
package	Post Run actions/checkout@3d3c42e5aac5ba805825da76410c181273ba90b1	2026-09-14T23:44:31.2975125Z Removing includeIf entries pointing to credentials config files
package	Post Run actions/checkout@3d3c42e5aac5ba805825da76410c181273ba90b1	2026-09-14T23:44:31.2981904Z [command]/usr/bin/git config --local --name-only --get-regexp ^includeIf\.gitdir:
package	Post Run actions/checkout@3d3c42e5aac5ba805825da76410c181273ba90b1	2026-09-14T23:44:31.3023365Z [command]/usr/bin/git submodule foreach --recursive git config --local --show-origin --name-only --get-regexp remote.origin.url
package	Stop containers	﻿2026-09-14T23:44:31.3432258Z Stop and remove container: a0724502d0e4410faca3c2e3834dd886_mcrmicrosoftcomplaywrightv1630noblesha256eff16c30e6f3f4af0a03fa4b706120d5e9b0891c344a27d64559aff5900a4a27_b03ab7
package	Stop containers	2026-09-14T23:44:31.3438121Z ##[command]/usr/bin/docker rm --force dee33b14787caba5b5aeaa2760bc2732ee09ba2523b72a0b3567fc63e1c9e4b9
package	Stop containers	2026-09-14T23:44:31.4565573Z dee33b14787caba5b5aeaa2760bc2732ee09ba2523b72a0b3567fc63e1c9e4b9
package	Stop containers	2026-09-14T23:44:31.4596305Z Remove container network: github_network_9ff18c16a4ac4699983554c6ee824c1b
package	Stop containers	2026-09-14T23:44:31.4601167Z ##[command]/usr/bin/docker network rm github_network_9ff18c16a4ac4699983554c6ee824c1b
package	Stop containers	2026-09-14T23:44:31.5743350Z github_network_9ff18c16a4ac4699983554c6ee824c1b
package	Complete job	﻿2026-09-14T23:44:31.5814847Z Cleaning up orphan processes
