cli (windows-latest)	Set up job	﻿2026-09-14T23:40:22.6414993Z Current runner version: '2.337.0'
cli (windows-latest)	Set up job	2026-09-14T23:40:22.6452987Z ##[group]Runner Image Provisioner
cli (windows-latest)	Set up job	2026-09-14T23:40:22.6453856Z Hosted Compute Agent
cli (windows-latest)	Set up job	2026-09-14T23:40:22.6454345Z Version: 20260828.587
cli (windows-latest)	Set up job	2026-09-14T23:40:22.6454882Z Commit: abac92662cab4cc7352de4f9f9d2e2419aad9c29
cli (windows-latest)	Set up job	2026-09-14T23:40:22.6455519Z Build Date: 2026-08-28T16:44:25Z
cli (windows-latest)	Set up job	2026-09-14T23:40:22.6456086Z Worker ID: {940a6b0a-e937-4f86-a235-29c4cc74590b}
cli (windows-latest)	Set up job	2026-09-14T23:40:22.6456695Z Azure Region: centralus
cli (windows-latest)	Set up job	2026-09-14T23:40:22.6457173Z ##[endgroup]
cli (windows-latest)	Set up job	2026-09-14T23:40:22.6458242Z ##[group]Operating System
cli (windows-latest)	Set up job	2026-09-14T23:40:22.6458832Z Microsoft Windows Server 2025
cli (windows-latest)	Set up job	2026-09-14T23:40:22.6459343Z 10.0.26100
cli (windows-latest)	Set up job	2026-09-14T23:40:22.6459779Z Datacenter
cli (windows-latest)	Set up job	2026-09-14T23:40:22.6460220Z ##[endgroup]
cli (windows-latest)	Set up job	2026-09-14T23:40:22.6460651Z ##[group]Runner Image
cli (windows-latest)	Set up job	2026-09-14T23:40:22.6461167Z Image: windows-2025-vs2026
cli (windows-latest)	Set up job	2026-09-14T23:40:22.6461672Z Version: 20260907.229.1
cli (windows-latest)	Set up job	2026-09-14T23:40:22.6462620Z Included Software: https://github.com/actions/runner-images/blob/win25-vs2026/20260907.229/images/windows/Windows2025-VS2026-Readme.md
cli (windows-latest)	Set up job	2026-09-14T23:40:22.6464381Z Image Release: https://github.com/actions/runner-images/releases/tag/win25-vs2026%2F20260907.229
cli (windows-latest)	Set up job	2026-09-14T23:40:22.6465218Z ##[endgroup]
cli (windows-latest)	Set up job	2026-09-14T23:40:22.6466142Z ##[group]GITHUB_TOKEN Permissions
cli (windows-latest)	Set up job	2026-09-14T23:40:22.6467711Z Contents: read
cli (windows-latest)	Set up job	2026-09-14T23:40:22.6468186Z Metadata: read
cli (windows-latest)	Set up job	2026-09-14T23:40:22.6468631Z ##[endgroup]
cli (windows-latest)	Set up job	2026-09-14T23:40:22.6470413Z Secret source: Actions
cli (windows-latest)	Set up job	2026-09-14T23:40:22.6471592Z Cache mode: write
cli (windows-latest)	Set up job	2026-09-14T23:40:22.6472291Z Prepare workflow directory
cli (windows-latest)	Set up job	2026-09-14T23:40:22.6805324Z Prepare all required actions
cli (windows-latest)	Set up job	2026-09-14T23:40:22.6861552Z Getting action download info
cli (windows-latest)	Set up job	2026-09-14T23:40:22.9039105Z Download action repository 'actions/checkout@3d3c42e5aac5ba805825da76410c181273ba90b1' (SHA:3d3c42e5aac5ba805825da76410c181273ba90b1)
cli (windows-latest)	Set up job	2026-09-14T23:40:23.0011079Z Download action repository 'pnpm/action-setup@ea17c68df8912ef543352723c149a84f56e3d413' (SHA:ea17c68df8912ef543352723c149a84f56e3d413)
cli (windows-latest)	Set up job	2026-09-14T23:40:23.2614408Z Download action repository 'actions/setup-node@820762786026740c76f36085b0efc47a31fe5020' (SHA:820762786026740c76f36085b0efc47a31fe5020)
cli (windows-latest)	Set up job	2026-09-14T23:40:23.4959216Z Complete job name: cli (windows-latest)
cli (windows-latest)	Run actions/checkout@3d3c42e5aac5ba805825da76410c181273ba90b1	﻿2026-09-14T23:40:23.6245770Z ##[group]Run actions/checkout@3d3c42e5aac5ba805825da76410c181273ba90b1
cli (windows-latest)	Run actions/checkout@3d3c42e5aac5ba805825da76410c181273ba90b1	2026-09-14T23:40:23.6247252Z with:
cli (windows-latest)	Run actions/checkout@3d3c42e5aac5ba805825da76410c181273ba90b1	2026-09-14T23:40:23.6247685Z   persist-credentials: false
cli (windows-latest)	Run actions/checkout@3d3c42e5aac5ba805825da76410c181273ba90b1	2026-09-14T23:40:23.6248244Z   repository: OpenPresentation/opf
cli (windows-latest)	Run actions/checkout@3d3c42e5aac5ba805825da76410c181273ba90b1	2026-09-14T23:40:23.6251622Z   token: ***
cli (windows-latest)	Run actions/checkout@3d3c42e5aac5ba805825da76410c181273ba90b1	2026-09-14T23:40:23.6252044Z   ssh-strict: true
cli (windows-latest)	Run actions/checkout@3d3c42e5aac5ba805825da76410c181273ba90b1	2026-09-14T23:40:23.6252469Z   ssh-user: git
cli (windows-latest)	Run actions/checkout@3d3c42e5aac5ba805825da76410c181273ba90b1	2026-09-14T23:40:23.6252922Z   clean: true
cli (windows-latest)	Run actions/checkout@3d3c42e5aac5ba805825da76410c181273ba90b1	2026-09-14T23:40:23.6253375Z   sparse-checkout-cone-mode: true
cli (windows-latest)	Run actions/checkout@3d3c42e5aac5ba805825da76410c181273ba90b1	2026-09-14T23:40:23.6253877Z   fetch-depth: 1
cli (windows-latest)	Run actions/checkout@3d3c42e5aac5ba805825da76410c181273ba90b1	2026-09-14T23:40:23.6254290Z   fetch-tags: false
cli (windows-latest)	Run actions/checkout@3d3c42e5aac5ba805825da76410c181273ba90b1	2026-09-14T23:40:23.6254781Z   show-progress: true
cli (windows-latest)	Run actions/checkout@3d3c42e5aac5ba805825da76410c181273ba90b1	2026-09-14T23:40:23.6255226Z   lfs: false
cli (windows-latest)	Run actions/checkout@3d3c42e5aac5ba805825da76410c181273ba90b1	2026-09-14T23:40:23.6256133Z   submodules: false
cli (windows-latest)	Run actions/checkout@3d3c42e5aac5ba805825da76410c181273ba90b1	2026-09-14T23:40:23.6256620Z   set-safe-directory: true
cli (windows-latest)	Run actions/checkout@3d3c42e5aac5ba805825da76410c181273ba90b1	2026-09-14T23:40:23.6257102Z   allow-unsafe-pr-checkout: false
cli (windows-latest)	Run actions/checkout@3d3c42e5aac5ba805825da76410c181273ba90b1	2026-09-14T23:40:23.6257884Z ##[endgroup]
cli (windows-latest)	Run actions/checkout@3d3c42e5aac5ba805825da76410c181273ba90b1	2026-09-14T23:40:23.7661663Z Syncing repository: OpenPresentation/opf
cli (windows-latest)	Run actions/checkout@3d3c42e5aac5ba805825da76410c181273ba90b1	2026-09-14T23:40:23.7663373Z ##[group]Getting Git version info
cli (windows-latest)	Run actions/checkout@3d3c42e5aac5ba805825da76410c181273ba90b1	2026-09-14T23:40:23.7664069Z Working directory is 'D:\a\opf\opf'
cli (windows-latest)	Run actions/checkout@3d3c42e5aac5ba805825da76410c181273ba90b1	2026-09-14T23:40:23.8339928Z [command]"C:\Program Files\Git\bin\git.exe" version
cli (windows-latest)	Run actions/checkout@3d3c42e5aac5ba805825da76410c181273ba90b1	2026-09-14T23:40:24.1955711Z git version 2.55.0.windows.5
cli (windows-latest)	Run actions/checkout@3d3c42e5aac5ba805825da76410c181273ba90b1	2026-09-14T23:40:24.1998155Z ##[endgroup]
cli (windows-latest)	Run actions/checkout@3d3c42e5aac5ba805825da76410c181273ba90b1	2026-09-14T23:40:24.2013307Z Temporarily overriding HOME='D:\a\_temp\cddba60c-9b8c-4c68-a139-d99d5db680d0' before making global git config changes
cli (windows-latest)	Run actions/checkout@3d3c42e5aac5ba805825da76410c181273ba90b1	2026-09-14T23:40:24.2014862Z Adding repository directory to the temporary git global config as a safe directory
cli (windows-latest)	Run actions/checkout@3d3c42e5aac5ba805825da76410c181273ba90b1	2026-09-14T23:40:24.2021598Z [command]"C:\Program Files\Git\bin\git.exe" config --global --add safe.directory D:\a\opf\opf
cli (windows-latest)	Run actions/checkout@3d3c42e5aac5ba805825da76410c181273ba90b1	2026-09-14T23:40:24.2651409Z Deleting the contents of 'D:\a\opf\opf'
cli (windows-latest)	Run actions/checkout@3d3c42e5aac5ba805825da76410c181273ba90b1	2026-09-14T23:40:24.2656133Z ##[group]Determining repository object format
cli (windows-latest)	Run actions/checkout@3d3c42e5aac5ba805825da76410c181273ba90b1	2026-09-14T23:40:24.2659753Z ##[endgroup]
cli (windows-latest)	Run actions/checkout@3d3c42e5aac5ba805825da76410c181273ba90b1	2026-09-14T23:40:24.2660752Z ##[group]Initializing the repository
cli (windows-latest)	Run actions/checkout@3d3c42e5aac5ba805825da76410c181273ba90b1	2026-09-14T23:40:24.2665097Z [command]"C:\Program Files\Git\bin\git.exe" init D:\a\opf\opf
cli (windows-latest)	Run actions/checkout@3d3c42e5aac5ba805825da76410c181273ba90b1	2026-09-14T23:40:24.3474606Z Initialized empty Git repository in D:/a/opf/opf/.git/
cli (windows-latest)	Run actions/checkout@3d3c42e5aac5ba805825da76410c181273ba90b1	2026-09-14T23:40:24.3516129Z [command]"C:\Program Files\Git\bin\git.exe" remote add origin https://github.com/OpenPresentation/opf
cli (windows-latest)	Run actions/checkout@3d3c42e5aac5ba805825da76410c181273ba90b1	2026-09-14T23:40:24.4090164Z ##[endgroup]
cli (windows-latest)	Run actions/checkout@3d3c42e5aac5ba805825da76410c181273ba90b1	2026-09-14T23:40:24.4092004Z ##[group]Disabling automatic garbage collection
cli (windows-latest)	Run actions/checkout@3d3c42e5aac5ba805825da76410c181273ba90b1	2026-09-14T23:40:24.4098410Z [command]"C:\Program Files\Git\bin\git.exe" config --local gc.auto 0
cli (windows-latest)	Run actions/checkout@3d3c42e5aac5ba805825da76410c181273ba90b1	2026-09-14T23:40:24.4393805Z ##[endgroup]
cli (windows-latest)	Run actions/checkout@3d3c42e5aac5ba805825da76410c181273ba90b1	2026-09-14T23:40:24.4395304Z ##[group]Setting up auth
cli (windows-latest)	Run actions/checkout@3d3c42e5aac5ba805825da76410c181273ba90b1	2026-09-14T23:40:24.4396390Z Removing SSH command configuration
cli (windows-latest)	Run actions/checkout@3d3c42e5aac5ba805825da76410c181273ba90b1	2026-09-14T23:40:24.4402000Z [command]"C:\Program Files\Git\bin\git.exe" config --local --name-only --get-regexp core\.sshCommand
cli (windows-latest)	Run actions/checkout@3d3c42e5aac5ba805825da76410c181273ba90b1	2026-09-14T23:40:24.4647745Z [command]"C:\Program Files\Git\bin\git.exe" submodule foreach --recursive "sh -c \"git config --local --name-only --get-regexp 'core\.sshCommand' && git config --local --unset-all 'core.sshCommand' || :\""
cli (windows-latest)	Run actions/checkout@3d3c42e5aac5ba805825da76410c181273ba90b1	2026-09-14T23:40:25.8817861Z Removing HTTP extra header
cli (windows-latest)	Run actions/checkout@3d3c42e5aac5ba805825da76410c181273ba90b1	2026-09-14T23:40:25.8827996Z [command]"C:\Program Files\Git\bin\git.exe" config --local --name-only --get-regexp http\.https\:\/\/github\.com\/\.extraheader
cli (windows-latest)	Run actions/checkout@3d3c42e5aac5ba805825da76410c181273ba90b1	2026-09-14T23:40:25.9077365Z [command]"C:\Program Files\Git\bin\git.exe" submodule foreach --recursive "sh -c \"git config --local --name-only --get-regexp 'http\.https\:\/\/github\.com\/\.extraheader' && git config --local --unset-all 'http.https://github.com/.extraheader' || :\""
cli (windows-latest)	Run actions/checkout@3d3c42e5aac5ba805825da76410c181273ba90b1	2026-09-14T23:40:26.3529413Z Removing includeIf entries pointing to credentials config files
cli (windows-latest)	Run actions/checkout@3d3c42e5aac5ba805825da76410c181273ba90b1	2026-09-14T23:40:26.3540572Z [command]"C:\Program Files\Git\bin\git.exe" config --local --name-only --get-regexp ^includeIf\.gitdir:
cli (windows-latest)	Run actions/checkout@3d3c42e5aac5ba805825da76410c181273ba90b1	2026-09-14T23:40:26.3796360Z [command]"C:\Program Files\Git\bin\git.exe" submodule foreach --recursive "git config --local --show-origin --name-only --get-regexp remote.origin.url"
cli (windows-latest)	Run actions/checkout@3d3c42e5aac5ba805825da76410c181273ba90b1	2026-09-14T23:40:26.8284067Z [command]"C:\Program Files\Git\bin\git.exe" config --file D:\a\_temp\git-credentials-4505da68-1a66-4c11-88b1-a4dd8519000c.config http.https://github.com/.extraheader "AUTHORIZATION: basic ***"
cli (windows-latest)	Run actions/checkout@3d3c42e5aac5ba805825da76410c181273ba90b1	2026-09-14T23:40:26.8549886Z [command]"C:\Program Files\Git\bin\git.exe" config --local includeIf.gitdir:D:/a/opf/opf/.git.path D:\a\_temp\git-credentials-4505da68-1a66-4c11-88b1-a4dd8519000c.config
cli (windows-latest)	Run actions/checkout@3d3c42e5aac5ba805825da76410c181273ba90b1	2026-09-14T23:40:26.8802234Z [command]"C:\Program Files\Git\bin\git.exe" config --local includeIf.gitdir:D:/a/opf/opf/.git/worktrees/*.path D:\a\_temp\git-credentials-4505da68-1a66-4c11-88b1-a4dd8519000c.config
cli (windows-latest)	Run actions/checkout@3d3c42e5aac5ba805825da76410c181273ba90b1	2026-09-14T23:40:26.9105459Z [command]"C:\Program Files\Git\bin\git.exe" config --local includeIf.gitdir:/github/workspace/.git.path /github/runner_temp/git-credentials-4505da68-1a66-4c11-88b1-a4dd8519000c.config
cli (windows-latest)	Run actions/checkout@3d3c42e5aac5ba805825da76410c181273ba90b1	2026-09-14T23:40:26.9386309Z [command]"C:\Program Files\Git\bin\git.exe" config --local includeIf.gitdir:/github/workspace/.git/worktrees/*.path /github/runner_temp/git-credentials-4505da68-1a66-4c11-88b1-a4dd8519000c.config
cli (windows-latest)	Run actions/checkout@3d3c42e5aac5ba805825da76410c181273ba90b1	2026-09-14T23:40:26.9644249Z ##[endgroup]
cli (windows-latest)	Run actions/checkout@3d3c42e5aac5ba805825da76410c181273ba90b1	2026-09-14T23:40:26.9645044Z ##[group]Fetching the repository
cli (windows-latest)	Run actions/checkout@3d3c42e5aac5ba805825da76410c181273ba90b1	2026-09-14T23:40:26.9660176Z [command]"C:\Program Files\Git\bin\git.exe" -c protocol.version=2 fetch --no-tags --prune --no-recurse-submodules --depth=1 origin +a2409d0daa564633d86511a7153668a357ae2fb5:refs/remotes/pull/79/merge
cli (windows-latest)	Run actions/checkout@3d3c42e5aac5ba805825da76410c181273ba90b1	2026-09-14T23:40:29.5858387Z From https://github.com/OpenPresentation/opf
cli (windows-latest)	Run actions/checkout@3d3c42e5aac5ba805825da76410c181273ba90b1	2026-09-14T23:40:29.5901371Z  * [new ref]         a2409d0daa564633d86511a7153668a357ae2fb5 -> pull/79/merge
cli (windows-latest)	Run actions/checkout@3d3c42e5aac5ba805825da76410c181273ba90b1	2026-09-14T23:40:29.5903482Z ##[endgroup]
cli (windows-latest)	Run actions/checkout@3d3c42e5aac5ba805825da76410c181273ba90b1	2026-09-14T23:40:29.5904235Z ##[group]Determining the checkout info
cli (windows-latest)	Run actions/checkout@3d3c42e5aac5ba805825da76410c181273ba90b1	2026-09-14T23:40:29.5904926Z ##[endgroup]
cli (windows-latest)	Run actions/checkout@3d3c42e5aac5ba805825da76410c181273ba90b1	2026-09-14T23:40:29.5912446Z [command]"C:\Program Files\Git\bin\git.exe" sparse-checkout disable
cli (windows-latest)	Run actions/checkout@3d3c42e5aac5ba805825da76410c181273ba90b1	2026-09-14T23:40:29.6339395Z [command]"C:\Program Files\Git\bin\git.exe" config --local --unset-all extensions.worktreeConfig
cli (windows-latest)	Run actions/checkout@3d3c42e5aac5ba805825da76410c181273ba90b1	2026-09-14T23:40:29.6587457Z ##[group]Checking out the ref
cli (windows-latest)	Run actions/checkout@3d3c42e5aac5ba805825da76410c181273ba90b1	2026-09-14T23:40:29.6593907Z [command]"C:\Program Files\Git\bin\git.exe" checkout --progress --force refs/remotes/pull/79/merge
cli (windows-latest)	Run actions/checkout@3d3c42e5aac5ba805825da76410c181273ba90b1	2026-09-14T23:40:31.0821008Z Updating files:  45% (4775/10448)
cli (windows-latest)	Run actions/checkout@3d3c42e5aac5ba805825da76410c181273ba90b1	2026-09-14T23:40:31.1083433Z Updating files:  46% (4807/10448)
cli (windows-latest)	Run actions/checkout@3d3c42e5aac5ba805825da76410c181273ba90b1	2026-09-14T23:40:31.1526795Z Updating files:  47% (4911/10448)
cli (windows-latest)	Run actions/checkout@3d3c42e5aac5ba805825da76410c181273ba90b1	2026-09-14T23:40:31.1684395Z Updating files:  48% (5016/10448)
cli (windows-latest)	Run actions/checkout@3d3c42e5aac5ba805825da76410c181273ba90b1	2026-09-14T23:40:31.1885223Z Updating files:  49% (5120/10448)
cli (windows-latest)	Run actions/checkout@3d3c42e5aac5ba805825da76410c181273ba90b1	2026-09-14T23:40:31.2093610Z Updating files:  50% (5224/10448)
cli (windows-latest)	Run actions/checkout@3d3c42e5aac5ba805825da76410c181273ba90b1	2026-09-14T23:40:31.2241189Z Updating files:  51% (5329/10448)
cli (windows-latest)	Run actions/checkout@3d3c42e5aac5ba805825da76410c181273ba90b1	2026-09-14T23:40:31.2459487Z Updating files:  52% (5433/10448)
cli (windows-latest)	Run actions/checkout@3d3c42e5aac5ba805825da76410c181273ba90b1	2026-09-14T23:40:31.2640493Z Updating files:  53% (5538/10448)
cli (windows-latest)	Run actions/checkout@3d3c42e5aac5ba805825da76410c181273ba90b1	2026-09-14T23:40:31.2843932Z Updating files:  54% (5642/10448)
cli (windows-latest)	Run actions/checkout@3d3c42e5aac5ba805825da76410c181273ba90b1	2026-09-14T23:40:31.3016196Z Updating files:  55% (5747/10448)
cli (windows-latest)	Run actions/checkout@3d3c42e5aac5ba805825da76410c181273ba90b1	2026-09-14T23:40:31.3178737Z Updating files:  56% (5851/10448)
cli (windows-latest)	Run actions/checkout@3d3c42e5aac5ba805825da76410c181273ba90b1	2026-09-14T23:40:31.3348972Z Updating files:  57% (5956/10448)
cli (windows-latest)	Run actions/checkout@3d3c42e5aac5ba805825da76410c181273ba90b1	2026-09-14T23:40:31.3525784Z Updating files:  58% (6060/10448)
cli (windows-latest)	Run actions/checkout@3d3c42e5aac5ba805825da76410c181273ba90b1	2026-09-14T23:40:31.3695047Z Updating files:  59% (6165/10448)
cli (windows-latest)	Run actions/checkout@3d3c42e5aac5ba805825da76410c181273ba90b1	2026-09-14T23:40:31.3882003Z Updating files:  60% (6269/10448)
cli (windows-latest)	Run actions/checkout@3d3c42e5aac5ba805825da76410c181273ba90b1	2026-09-14T23:40:31.4073336Z Updating files:  61% (6374/10448)
cli (windows-latest)	Run actions/checkout@3d3c42e5aac5ba805825da76410c181273ba90b1	2026-09-14T23:40:31.4260006Z Updating files:  62% (6478/10448)
cli (windows-latest)	Run actions/checkout@3d3c42e5aac5ba805825da76410c181273ba90b1	2026-09-14T23:40:31.4401389Z Updating files:  63% (6583/10448)
cli (windows-latest)	Run actions/checkout@3d3c42e5aac5ba805825da76410c181273ba90b1	2026-09-14T23:40:31.4535675Z Updating files:  64% (6687/10448)
cli (windows-latest)	Run actions/checkout@3d3c42e5aac5ba805825da76410c181273ba90b1	2026-09-14T23:40:31.4701699Z Updating files:  65% (6792/10448)
cli (windows-latest)	Run actions/checkout@3d3c42e5aac5ba805825da76410c181273ba90b1	2026-09-14T23:40:31.4840775Z Updating files:  66% (6896/10448)
cli (windows-latest)	Run actions/checkout@3d3c42e5aac5ba805825da76410c181273ba90b1	2026-09-14T23:40:31.4974710Z Updating files:  67% (7001/10448)
cli (windows-latest)	Run actions/checkout@3d3c42e5aac5ba805825da76410c181273ba90b1	2026-09-14T23:40:31.5259415Z Updating files:  68% (7105/10448)
cli (windows-latest)	Run actions/checkout@3d3c42e5aac5ba805825da76410c181273ba90b1	2026-09-14T23:40:31.5656631Z Updating files:  69% (7210/10448)
cli (windows-latest)	Run actions/checkout@3d3c42e5aac5ba805825da76410c181273ba90b1	2026-09-14T23:40:31.5919195Z Updating files:  70% (7314/10448)
cli (windows-latest)	Run actions/checkout@3d3c42e5aac5ba805825da76410c181273ba90b1	2026-09-14T23:40:31.6080900Z Updating files:  71% (7419/10448)
cli (windows-latest)	Run actions/checkout@3d3c42e5aac5ba805825da76410c181273ba90b1	2026-09-14T23:40:31.6233015Z Updating files:  72% (7523/10448)
cli (windows-latest)	Run actions/checkout@3d3c42e5aac5ba805825da76410c181273ba90b1	2026-09-14T23:40:31.6516858Z Updating files:  73% (7628/10448)
cli (windows-latest)	Run actions/checkout@3d3c42e5aac5ba805825da76410c181273ba90b1	2026-09-14T23:40:31.6664105Z Updating files:  74% (7732/10448)
cli (windows-latest)	Run actions/checkout@3d3c42e5aac5ba805825da76410c181273ba90b1	2026-09-14T23:40:31.6814682Z Updating files:  75% (7836/10448)
cli (windows-latest)	Run actions/checkout@3d3c42e5aac5ba805825da76410c181273ba90b1	2026-09-14T23:40:31.6969479Z Updating files:  76% (7941/10448)
cli (windows-latest)	Run actions/checkout@3d3c42e5aac5ba805825da76410c181273ba90b1	2026-09-14T23:40:31.7271553Z Updating files:  77% (8045/10448)
cli (windows-latest)	Run actions/checkout@3d3c42e5aac5ba805825da76410c181273ba90b1	2026-09-14T23:40:31.7302568Z Updating files:  78% (8150/10448)
cli (windows-latest)	Run actions/checkout@3d3c42e5aac5ba805825da76410c181273ba90b1	2026-09-14T23:40:31.7440335Z Updating files:  78% (8171/10448)
cli (windows-latest)	Run actions/checkout@3d3c42e5aac5ba805825da76410c181273ba90b1	2026-09-14T23:40:31.7663364Z Updating files:  79% (8254/10448)
cli (windows-latest)	Run actions/checkout@3d3c42e5aac5ba805825da76410c181273ba90b1	2026-09-14T23:40:31.7808715Z Updating files:  80% (8359/10448)
cli (windows-latest)	Run actions/checkout@3d3c42e5aac5ba805825da76410c181273ba90b1	2026-09-14T23:40:31.7975945Z Updating files:  81% (8463/10448)
cli (windows-latest)	Run actions/checkout@3d3c42e5aac5ba805825da76410c181273ba90b1	2026-09-14T23:40:31.8159008Z Updating files:  82% (8568/10448)
cli (windows-latest)	Run actions/checkout@3d3c42e5aac5ba805825da76410c181273ba90b1	2026-09-14T23:40:31.8309937Z Updating files:  83% (8672/10448)
cli (windows-latest)	Run actions/checkout@3d3c42e5aac5ba805825da76410c181273ba90b1	2026-09-14T23:40:31.8437401Z Updating files:  84% (8777/10448)
cli (windows-latest)	Run actions/checkout@3d3c42e5aac5ba805825da76410c181273ba90b1	2026-09-14T23:40:31.8592111Z Updating files:  85% (8881/10448)
cli (windows-latest)	Run actions/checkout@3d3c42e5aac5ba805825da76410c181273ba90b1	2026-09-14T23:40:31.8961843Z Updating files:  86% (8986/10448)
cli (windows-latest)	Run actions/checkout@3d3c42e5aac5ba805825da76410c181273ba90b1	2026-09-14T23:40:31.9192306Z Updating files:  87% (9090/10448)
cli (windows-latest)	Run actions/checkout@3d3c42e5aac5ba805825da76410c181273ba90b1	2026-09-14T23:40:31.9323659Z Updating files:  88% (9195/10448)
cli (windows-latest)	Run actions/checkout@3d3c42e5aac5ba805825da76410c181273ba90b1	2026-09-14T23:40:31.9555159Z Updating files:  89% (9299/10448)
cli (windows-latest)	Run actions/checkout@3d3c42e5aac5ba805825da76410c181273ba90b1	2026-09-14T23:40:31.9955863Z Updating files:  90% (9404/10448)
cli (windows-latest)	Run actions/checkout@3d3c42e5aac5ba805825da76410c181273ba90b1	2026-09-14T23:40:32.0190275Z Updating files:  91% (9508/10448)
cli (windows-latest)	Run actions/checkout@3d3c42e5aac5ba805825da76410c181273ba90b1	2026-09-14T23:40:32.0516738Z Updating files:  92% (9613/10448)
cli (windows-latest)	Run actions/checkout@3d3c42e5aac5ba805825da76410c181273ba90b1	2026-09-14T23:40:32.0705106Z Updating files:  93% (9717/10448)
cli (windows-latest)	Run actions/checkout@3d3c42e5aac5ba805825da76410c181273ba90b1	2026-09-14T23:40:32.6184122Z Updating files:  94% (9822/10448)
cli (windows-latest)	Run actions/checkout@3d3c42e5aac5ba805825da76410c181273ba90b1	2026-09-14T23:40:32.6338321Z Updating files:  95% (9926/10448)
cli (windows-latest)	Run actions/checkout@3d3c42e5aac5ba805825da76410c181273ba90b1	2026-09-14T23:40:32.6453970Z Updating files:  96% (10031/10448)
cli (windows-latest)	Run actions/checkout@3d3c42e5aac5ba805825da76410c181273ba90b1	2026-09-14T23:40:32.6563464Z Updating files:  97% (10135/10448)
cli (windows-latest)	Run actions/checkout@3d3c42e5aac5ba805825da76410c181273ba90b1	2026-09-14T23:40:32.6697474Z Updating files:  98% (10240/10448)
cli (windows-latest)	Run actions/checkout@3d3c42e5aac5ba805825da76410c181273ba90b1	2026-09-14T23:40:32.6831062Z Updating files:  99% (10344/10448)
cli (windows-latest)	Run actions/checkout@3d3c42e5aac5ba805825da76410c181273ba90b1	2026-09-14T23:40:32.6831728Z Updating files: 100% (10448/10448)
cli (windows-latest)	Run actions/checkout@3d3c42e5aac5ba805825da76410c181273ba90b1	2026-09-14T23:40:32.6832199Z Updating files: 100% (10448/10448), done.
cli (windows-latest)	Run actions/checkout@3d3c42e5aac5ba805825da76410c181273ba90b1	2026-09-14T23:40:32.7006581Z Note: switching to 'refs/remotes/pull/79/merge'.
cli (windows-latest)	Run actions/checkout@3d3c42e5aac5ba805825da76410c181273ba90b1	2026-09-14T23:40:32.7007221Z 
cli (windows-latest)	Run actions/checkout@3d3c42e5aac5ba805825da76410c181273ba90b1	2026-09-14T23:40:32.7007575Z You are in 'detached HEAD' state. You can look around, make experimental
cli (windows-latest)	Run actions/checkout@3d3c42e5aac5ba805825da76410c181273ba90b1	2026-09-14T23:40:32.7008673Z changes and commit them, and you can discard any commits you make in this
cli (windows-latest)	Run actions/checkout@3d3c42e5aac5ba805825da76410c181273ba90b1	2026-09-14T23:40:32.7009349Z state without impacting any branches by switching back to a branch.
cli (windows-latest)	Run actions/checkout@3d3c42e5aac5ba805825da76410c181273ba90b1	2026-09-14T23:40:32.7009692Z 
cli (windows-latest)	Run actions/checkout@3d3c42e5aac5ba805825da76410c181273ba90b1	2026-09-14T23:40:32.7009991Z If you want to create a new branch to retain commits you create, you may
cli (windows-latest)	Run actions/checkout@3d3c42e5aac5ba805825da76410c181273ba90b1	2026-09-14T23:40:32.7010640Z do so (now or later) by using -c with the switch command. Example:
cli (windows-latest)	Run actions/checkout@3d3c42e5aac5ba805825da76410c181273ba90b1	2026-09-14T23:40:32.7011004Z 
cli (windows-latest)	Run actions/checkout@3d3c42e5aac5ba805825da76410c181273ba90b1	2026-09-14T23:40:32.7011203Z   git switch -c <new-branch-name>
cli (windows-latest)	Run actions/checkout@3d3c42e5aac5ba805825da76410c181273ba90b1	2026-09-14T23:40:32.7011773Z 
cli (windows-latest)	Run actions/checkout@3d3c42e5aac5ba805825da76410c181273ba90b1	2026-09-14T23:40:32.7011914Z Or undo this operation with:
cli (windows-latest)	Run actions/checkout@3d3c42e5aac5ba805825da76410c181273ba90b1	2026-09-14T23:40:32.7012200Z 
cli (windows-latest)	Run actions/checkout@3d3c42e5aac5ba805825da76410c181273ba90b1	2026-09-14T23:40:32.7012319Z   git switch -
cli (windows-latest)	Run actions/checkout@3d3c42e5aac5ba805825da76410c181273ba90b1	2026-09-14T23:40:32.7012524Z 
cli (windows-latest)	Run actions/checkout@3d3c42e5aac5ba805825da76410c181273ba90b1	2026-09-14T23:40:32.7012826Z Turn off this advice by setting config variable advice.detachedHead to false
cli (windows-latest)	Run actions/checkout@3d3c42e5aac5ba805825da76410c181273ba90b1	2026-09-14T23:40:32.7013192Z 
cli (windows-latest)	Run actions/checkout@3d3c42e5aac5ba805825da76410c181273ba90b1	2026-09-14T23:40:32.7013693Z HEAD is now at a2409d0 Merge 8a322c13884f2f1634fd3a207d1e0a662e3ad460 into a3ab4784ed22caffdad8c4e306f9a51b1e954ae9
cli (windows-latest)	Run actions/checkout@3d3c42e5aac5ba805825da76410c181273ba90b1	2026-09-14T23:40:32.7143546Z ##[endgroup]
cli (windows-latest)	Run actions/checkout@3d3c42e5aac5ba805825da76410c181273ba90b1	2026-09-14T23:40:32.7437061Z [command]"C:\Program Files\Git\bin\git.exe" log -1 --format=%H
cli (windows-latest)	Run actions/checkout@3d3c42e5aac5ba805825da76410c181273ba90b1	2026-09-14T23:40:32.7668188Z a2409d0daa564633d86511a7153668a357ae2fb5
cli (windows-latest)	Run actions/checkout@3d3c42e5aac5ba805825da76410c181273ba90b1	2026-09-14T23:40:32.7707524Z ##[group]Removing auth
cli (windows-latest)	Run actions/checkout@3d3c42e5aac5ba805825da76410c181273ba90b1	2026-09-14T23:40:32.7707995Z Removing SSH command configuration
cli (windows-latest)	Run actions/checkout@3d3c42e5aac5ba805825da76410c181273ba90b1	2026-09-14T23:40:32.7714248Z [command]"C:\Program Files\Git\bin\git.exe" config --local --name-only --get-regexp core\.sshCommand
cli (windows-latest)	Run actions/checkout@3d3c42e5aac5ba805825da76410c181273ba90b1	2026-09-14T23:40:32.7966273Z [command]"C:\Program Files\Git\bin\git.exe" submodule foreach --recursive "sh -c \"git config --local --name-only --get-regexp 'core\.sshCommand' && git config --local --unset-all 'core.sshCommand' || :\""
cli (windows-latest)	Run actions/checkout@3d3c42e5aac5ba805825da76410c181273ba90b1	2026-09-14T23:40:33.2386647Z Removing HTTP extra header
cli (windows-latest)	Run actions/checkout@3d3c42e5aac5ba805825da76410c181273ba90b1	2026-09-14T23:40:33.2395109Z [command]"C:\Program Files\Git\bin\git.exe" config --local --name-only --get-regexp http\.https\:\/\/github\.com\/\.extraheader
cli (windows-latest)	Run actions/checkout@3d3c42e5aac5ba805825da76410c181273ba90b1	2026-09-14T23:40:33.2650911Z [command]"C:\Program Files\Git\bin\git.exe" submodule foreach --recursive "sh -c \"git config --local --name-only --get-regexp 'http\.https\:\/\/github\.com\/\.extraheader' && git config --local --unset-all 'http.https://github.com/.extraheader' || :\""
cli (windows-latest)	Run actions/checkout@3d3c42e5aac5ba805825da76410c181273ba90b1	2026-09-14T23:40:33.7472344Z Removing includeIf entries pointing to credentials config files
cli (windows-latest)	Run actions/checkout@3d3c42e5aac5ba805825da76410c181273ba90b1	2026-09-14T23:40:33.7473547Z [command]"C:\Program Files\Git\bin\git.exe" config --local --name-only --get-regexp ^includeIf\.gitdir:
cli (windows-latest)	Run actions/checkout@3d3c42e5aac5ba805825da76410c181273ba90b1	2026-09-14T23:40:33.7688777Z includeif.gitdir:D:/a/opf/opf/.git.path
cli (windows-latest)	Run actions/checkout@3d3c42e5aac5ba805825da76410c181273ba90b1	2026-09-14T23:40:33.7689633Z includeif.gitdir:D:/a/opf/opf/.git/worktrees/*.path
cli (windows-latest)	Run actions/checkout@3d3c42e5aac5ba805825da76410c181273ba90b1	2026-09-14T23:40:33.7690130Z includeif.gitdir:/github/workspace/.git.path
cli (windows-latest)	Run actions/checkout@3d3c42e5aac5ba805825da76410c181273ba90b1	2026-09-14T23:40:33.7690586Z includeif.gitdir:/github/workspace/.git/worktrees/*.path
cli (windows-latest)	Run actions/checkout@3d3c42e5aac5ba805825da76410c181273ba90b1	2026-09-14T23:40:33.7727923Z [command]"C:\Program Files\Git\bin\git.exe" config --local --get-all includeif.gitdir:D:/a/opf/opf/.git.path
cli (windows-latest)	Run actions/checkout@3d3c42e5aac5ba805825da76410c181273ba90b1	2026-09-14T23:40:33.7940278Z D:\a\_temp\git-credentials-4505da68-1a66-4c11-88b1-a4dd8519000c.config
cli (windows-latest)	Run actions/checkout@3d3c42e5aac5ba805825da76410c181273ba90b1	2026-09-14T23:40:33.7979948Z [command]"C:\Program Files\Git\bin\git.exe" config --local --unset includeif.gitdir:D:/a/opf/opf/.git.path D\:\\a\\_temp\\git\-credentials\-4505da68\-1a66\-4c11\-88b1\-a4dd8519000c\.config
cli (windows-latest)	Run actions/checkout@3d3c42e5aac5ba805825da76410c181273ba90b1	2026-09-14T23:40:33.8232917Z [command]"C:\Program Files\Git\bin\git.exe" config --local --get-all includeif.gitdir:D:/a/opf/opf/.git/worktrees/*.path
cli (windows-latest)	Run actions/checkout@3d3c42e5aac5ba805825da76410c181273ba90b1	2026-09-14T23:40:33.8439888Z D:\a\_temp\git-credentials-4505da68-1a66-4c11-88b1-a4dd8519000c.config
cli (windows-latest)	Run actions/checkout@3d3c42e5aac5ba805825da76410c181273ba90b1	2026-09-14T23:40:33.8484655Z [command]"C:\Program Files\Git\bin\git.exe" config --local --unset includeif.gitdir:D:/a/opf/opf/.git/worktrees/*.path D\:\\a\\_temp\\git\-credentials\-4505da68\-1a66\-4c11\-88b1\-a4dd8519000c\.config
cli (windows-latest)	Run actions/checkout@3d3c42e5aac5ba805825da76410c181273ba90b1	2026-09-14T23:40:33.8738019Z [command]"C:\Program Files\Git\bin\git.exe" config --local --get-all includeif.gitdir:/github/workspace/.git.path
cli (windows-latest)	Run actions/checkout@3d3c42e5aac5ba805825da76410c181273ba90b1	2026-09-14T23:40:33.8949013Z /github/runner_temp/git-credentials-4505da68-1a66-4c11-88b1-a4dd8519000c.config
cli (windows-latest)	Run actions/checkout@3d3c42e5aac5ba805825da76410c181273ba90b1	2026-09-14T23:40:33.8986686Z [command]"C:\Program Files\Git\bin\git.exe" config --local --unset includeif.gitdir:/github/workspace/.git.path \/github\/runner_temp\/git\-credentials\-4505da68\-1a66\-4c11\-88b1\-a4dd8519000c\.config
cli (windows-latest)	Run actions/checkout@3d3c42e5aac5ba805825da76410c181273ba90b1	2026-09-14T23:40:33.9233203Z [command]"C:\Program Files\Git\bin\git.exe" config --local --get-all includeif.gitdir:/github/workspace/.git/worktrees/*.path
cli (windows-latest)	Run actions/checkout@3d3c42e5aac5ba805825da76410c181273ba90b1	2026-09-14T23:40:33.9438992Z /github/runner_temp/git-credentials-4505da68-1a66-4c11-88b1-a4dd8519000c.config
cli (windows-latest)	Run actions/checkout@3d3c42e5aac5ba805825da76410c181273ba90b1	2026-09-14T23:40:33.9473532Z [command]"C:\Program Files\Git\bin\git.exe" config --local --unset includeif.gitdir:/github/workspace/.git/worktrees/*.path \/github\/runner_temp\/git\-credentials\-4505da68\-1a66\-4c11\-88b1\-a4dd8519000c\.config
cli (windows-latest)	Run actions/checkout@3d3c42e5aac5ba805825da76410c181273ba90b1	2026-09-14T23:40:33.9722476Z [command]"C:\Program Files\Git\bin\git.exe" submodule foreach --recursive "git config --local --show-origin --name-only --get-regexp remote.origin.url"
cli (windows-latest)	Run actions/checkout@3d3c42e5aac5ba805825da76410c181273ba90b1	2026-09-14T23:40:34.4105043Z Removing credentials config 'D:\a\_temp\git-credentials-4505da68-1a66-4c11-88b1-a4dd8519000c.config'
cli (windows-latest)	Run actions/checkout@3d3c42e5aac5ba805825da76410c181273ba90b1	2026-09-14T23:40:34.4115283Z ##[endgroup]
cli (windows-latest)	Run pnpm/action-setup@ea17c68df8912ef543352723c149a84f56e3d413	﻿2026-09-14T23:40:34.4465077Z ##[group]Run pnpm/action-setup@ea17c68df8912ef543352723c149a84f56e3d413
cli (windows-latest)	Run pnpm/action-setup@ea17c68df8912ef543352723c149a84f56e3d413	2026-09-14T23:40:34.4465577Z with:
cli (windows-latest)	Run pnpm/action-setup@ea17c68df8912ef543352723c149a84f56e3d413	2026-09-14T23:40:34.4465858Z   dest: ~/setup-pnpm
cli (windows-latest)	Run pnpm/action-setup@ea17c68df8912ef543352723c149a84f56e3d413	2026-09-14T23:40:34.4466118Z   run_install: null
cli (windows-latest)	Run pnpm/action-setup@ea17c68df8912ef543352723c149a84f56e3d413	2026-09-14T23:40:34.4466396Z   cache: false
cli (windows-latest)	Run pnpm/action-setup@ea17c68df8912ef543352723c149a84f56e3d413	2026-09-14T23:40:34.4466676Z   cache_dependency_path: pnpm-lock.yaml
cli (windows-latest)	Run pnpm/action-setup@ea17c68df8912ef543352723c149a84f56e3d413	2026-09-14T23:40:34.4466988Z   package_json_file: package.json
cli (windows-latest)	Run pnpm/action-setup@ea17c68df8912ef543352723c149a84f56e3d413	2026-09-14T23:40:34.4467282Z   standalone: false
cli (windows-latest)	Run pnpm/action-setup@ea17c68df8912ef543352723c149a84f56e3d413	2026-09-14T23:40:34.4467530Z ##[endgroup]
cli (windows-latest)	Run pnpm/action-setup@ea17c68df8912ef543352723c149a84f56e3d413	2026-09-14T23:40:34.6133876Z ##[group]Running self-installer...
cli (windows-latest)	Run pnpm/action-setup@ea17c68df8912ef543352723c149a84f56e3d413	2026-09-14T23:40:34.6214238Z (node:5076) [DEP0190] DeprecationWarning: Passing args to a child process with shell option true can lead to security vulnerabilities, as the arguments are not escaped, only concatenated.
cli (windows-latest)	Run pnpm/action-setup@ea17c68df8912ef543352723c149a84f56e3d413	2026-09-14T23:40:34.6215894Z (Use `node --trace-deprecation ...` to show where the warning was created)
cli (windows-latest)	Run pnpm/action-setup@ea17c68df8912ef543352723c149a84f56e3d413	2026-09-14T23:40:46.6423723Z 
cli (windows-latest)	Run pnpm/action-setup@ea17c68df8912ef543352723c149a84f56e3d413	2026-09-14T23:40:46.6424890Z added 1 package, and audited 2 packages in 6s
cli (windows-latest)	Run pnpm/action-setup@ea17c68df8912ef543352723c149a84f56e3d413	2026-09-14T23:40:46.6425287Z 
cli (windows-latest)	Run pnpm/action-setup@ea17c68df8912ef543352723c149a84f56e3d413	2026-09-14T23:40:46.6425614Z 1 package is looking for funding
cli (windows-latest)	Run pnpm/action-setup@ea17c68df8912ef543352723c149a84f56e3d413	2026-09-14T23:40:46.6425985Z   run `npm fund` for details
cli (windows-latest)	Run pnpm/action-setup@ea17c68df8912ef543352723c149a84f56e3d413	2026-09-14T23:40:46.6431299Z 
cli (windows-latest)	Run pnpm/action-setup@ea17c68df8912ef543352723c149a84f56e3d413	2026-09-14T23:40:46.6431715Z found 0 vulnerabilities
cli (windows-latest)	Run pnpm/action-setup@ea17c68df8912ef543352723c149a84f56e3d413	2026-09-14T23:40:48.5201161Z Checking for updates...
cli (windows-latest)	Run pnpm/action-setup@ea17c68df8912ef543352723c149a84f56e3d413	2026-09-14T23:40:48.7215212Z Switching pnpm from v11.25.0 to v10.33.2...
cli (windows-latest)	Run pnpm/action-setup@ea17c68df8912ef543352723c149a84f56e3d413	2026-09-14T23:40:49.2812197Z .../21e0-1a0a24b7454-97cd106915c58e1a    | Progress: resolved 1, reused 0, downloaded 0, added 0
cli (windows-latest)	Run pnpm/action-setup@ea17c68df8912ef543352723c149a84f56e3d413	2026-09-14T23:40:49.2829317Z .../21e0-1a0a24b7454-97cd106915c58e1a    |   +1 +
cli (windows-latest)	Run pnpm/action-setup@ea17c68df8912ef543352723c149a84f56e3d413	2026-09-14T23:40:50.6969367Z .../21e0-1a0a24b7454-97cd106915c58e1a    | Progress: resolved 1, reused 0, downloaded 1, added 0
cli (windows-latest)	Run pnpm/action-setup@ea17c68df8912ef543352723c149a84f56e3d413	2026-09-14T23:40:51.0498857Z .../21e0-1a0a24b7454-97cd106915c58e1a    | Progress: resolved 1, reused 0, downloaded 1, added 1, done
cli (windows-latest)	Run pnpm/action-setup@ea17c68df8912ef543352723c149a84f56e3d413	2026-09-14T23:40:51.7739182Z [WARN] Detected a pnpm v10 installation layout at PNPM_HOME. The pnpm shims at PNPM_HOME have been refreshed so the new version is active, but pnpm v11 expects bins in PNPM_HOME/bin. Run "pnpm setup" to migrate your PATH to the v11 layout.
cli (windows-latest)	Run pnpm/action-setup@ea17c68df8912ef543352723c149a84f56e3d413	2026-09-14T23:40:51.7781523Z Successfully updated pnpm to v10.33.2
cli (windows-latest)	Run pnpm/action-setup@ea17c68df8912ef543352723c149a84f56e3d413	2026-09-14T23:40:51.8396898Z ##[endgroup]
cli (windows-latest)	Run pnpm/action-setup@ea17c68df8912ef543352723c149a84f56e3d413	2026-09-14T23:40:51.8397398Z Installation Completed!
cli (windows-latest)	Run actions/setup-node@820762786026740c76f36085b0efc47a31fe5020	﻿2026-09-14T23:40:51.8730967Z ##[group]Run actions/setup-node@820762786026740c76f36085b0efc47a31fe5020
cli (windows-latest)	Run actions/setup-node@820762786026740c76f36085b0efc47a31fe5020	2026-09-14T23:40:51.8731570Z with:
cli (windows-latest)	Run actions/setup-node@820762786026740c76f36085b0efc47a31fe5020	2026-09-14T23:40:51.8731866Z   node-version: 24
cli (windows-latest)	Run actions/setup-node@820762786026740c76f36085b0efc47a31fe5020	2026-09-14T23:40:51.8732165Z   cache: pnpm
cli (windows-latest)	Run actions/setup-node@820762786026740c76f36085b0efc47a31fe5020	2026-09-14T23:40:51.8732406Z   check-latest: false
cli (windows-latest)	Run actions/setup-node@820762786026740c76f36085b0efc47a31fe5020	2026-09-14T23:40:51.8734367Z   token: ***
cli (windows-latest)	Run actions/setup-node@820762786026740c76f36085b0efc47a31fe5020	2026-09-14T23:40:51.8734626Z   package-manager-cache: true
cli (windows-latest)	Run actions/setup-node@820762786026740c76f36085b0efc47a31fe5020	2026-09-14T23:40:51.8734914Z env:
cli (windows-latest)	Run actions/setup-node@820762786026740c76f36085b0efc47a31fe5020	2026-09-14T23:40:51.8735228Z   PNPM_HOME: C:\Users\runneradmin\setup-pnpm\node_modules\.bin
cli (windows-latest)	Run actions/setup-node@820762786026740c76f36085b0efc47a31fe5020	2026-09-14T23:40:51.8735608Z ##[endgroup]
cli (windows-latest)	Run actions/setup-node@820762786026740c76f36085b0efc47a31fe5020	2026-09-14T23:40:52.0364200Z Found in cache @ C:\hostedtoolcache\windows\node\24.20.0\x64
cli (windows-latest)	Run actions/setup-node@820762786026740c76f36085b0efc47a31fe5020	2026-09-14T23:40:52.0369884Z ##[group]Environment details
cli (windows-latest)	Run actions/setup-node@820762786026740c76f36085b0efc47a31fe5020	2026-09-14T23:40:57.0901583Z node: v24.20.0
cli (windows-latest)	Run actions/setup-node@820762786026740c76f36085b0efc47a31fe5020	2026-09-14T23:40:57.0902117Z npm: 11.19.0
cli (windows-latest)	Run actions/setup-node@820762786026740c76f36085b0efc47a31fe5020	2026-09-14T23:40:57.0902466Z yarn: 1.22.22
cli (windows-latest)	Run actions/setup-node@820762786026740c76f36085b0efc47a31fe5020	2026-09-14T23:40:57.0904602Z ##[endgroup]
cli (windows-latest)	Run actions/setup-node@820762786026740c76f36085b0efc47a31fe5020	2026-09-14T23:40:57.1677146Z [command]C:\Windows\system32\cmd.exe /D /S /C "C:\Users\runneradmin\setup-pnpm\node_modules\.bin\bin\pnpm.CMD store path --silent"
cli (windows-latest)	Run actions/setup-node@820762786026740c76f36085b0efc47a31fe5020	2026-09-14T23:40:57.8598363Z D:\.pnpm-store\v10
cli (windows-latest)	Run actions/setup-node@820762786026740c76f36085b0efc47a31fe5020	2026-09-14T23:40:58.1154569Z Cache hit for: node-cache-Windows-x64-pnpm-1b7795a64b3f5c9935c6c77059dc5dc948c44ab49ad3fca4f0a4e0d836589833
cli (windows-latest)	Run actions/setup-node@820762786026740c76f36085b0efc47a31fe5020	2026-09-14T23:40:58.9319794Z Received 51388128 of 51388128 (100.0%), 72.7 MBs/sec
cli (windows-latest)	Run actions/setup-node@820762786026740c76f36085b0efc47a31fe5020	2026-09-14T23:40:58.9322289Z Cache Size: ~49 MB (51388128 B)
cli (windows-latest)	Run actions/setup-node@820762786026740c76f36085b0efc47a31fe5020	2026-09-14T23:40:58.9352713Z [command]"C:\Program Files\Git\usr\bin\tar.exe" -xf D:/a/_temp/ded25498-cf19-491d-82a4-dce41cc2c956/cache.tzst -P -C D:/a/opf/opf --force-local --use-compress-program "zstd -d"
cli (windows-latest)	Run actions/setup-node@820762786026740c76f36085b0efc47a31fe5020	2026-09-14T23:41:00.0775776Z Cache restored successfully
cli (windows-latest)	Run actions/setup-node@820762786026740c76f36085b0efc47a31fe5020	2026-09-14T23:41:00.0848645Z Cache restored from key: node-cache-Windows-x64-pnpm-1b7795a64b3f5c9935c6c77059dc5dc948c44ab49ad3fca4f0a4e0d836589833
cli (windows-latest)	Run pnpm install --frozen-lockfile	﻿2026-09-14T23:41:00.1216040Z ##[group]Run pnpm install --frozen-lockfile
cli (windows-latest)	Run pnpm install --frozen-lockfile	2026-09-14T23:41:00.1216745Z ^[[36;1mpnpm install --frozen-lockfile^[[0m
cli (windows-latest)	Run pnpm install --frozen-lockfile	2026-09-14T23:41:00.1876670Z shell: C:\Program Files\PowerShell\7\pwsh.EXE -command ". '{0}'"
cli (windows-latest)	Run pnpm install --frozen-lockfile	2026-09-14T23:41:00.1877089Z env:
cli (windows-latest)	Run pnpm install --frozen-lockfile	2026-09-14T23:41:00.1877422Z   PNPM_HOME: C:\Users\runneradmin\setup-pnpm\node_modules\.bin
cli (windows-latest)	Run pnpm install --frozen-lockfile	2026-09-14T23:41:00.1877800Z ##[endgroup]
cli (windows-latest)	Run pnpm install --frozen-lockfile	2026-09-14T23:41:00.7684251Z Scope: all 3 workspace projects
cli (windows-latest)	Run pnpm install --frozen-lockfile	2026-09-14T23:41:00.8079162Z Lockfile is up to date, resolution step is skipped
cli (windows-latest)	Run pnpm install --frozen-lockfile	2026-09-14T23:41:00.8250917Z Progress: resolved 1, reused 0, downloaded 0, added 0
cli (windows-latest)	Run pnpm install --frozen-lockfile	2026-09-14T23:41:00.8393719Z Packages: +73
cli (windows-latest)	Run pnpm install --frozen-lockfile	2026-09-14T23:41:00.8398337Z +++++++++++++++++++++++++++++++++++++++++++++++++++++++++++++++++++++++++
cli (windows-latest)	Run pnpm install --frozen-lockfile	2026-09-14T23:41:01.4496086Z Progress: resolved 73, reused 73, downloaded 0, added 73, done
cli (windows-latest)	Run pnpm install --frozen-lockfile	2026-09-14T23:41:01.5628375Z 
cli (windows-latest)	Run pnpm install --frozen-lockfile	2026-09-14T23:41:01.5629166Z devDependencies:
cli (windows-latest)	Run pnpm install --frozen-lockfile	2026-09-14T23:41:01.5629879Z + @biomejs/biome 2.5.12
cli (windows-latest)	Run pnpm install --frozen-lockfile	2026-09-14T23:41:01.5630496Z + @typescript/native <- typescript 7.0.2
cli (windows-latest)	Run pnpm install --frozen-lockfile	2026-09-14T23:41:01.5631019Z 
cli (windows-latest)	Run pnpm install --frozen-lockfile	2026-09-14T23:41:01.5844293Z ╭ Warning ─────────────────────────────────────────────────────────────────────╮
cli (windows-latest)	Run pnpm install --frozen-lockfile	2026-09-14T23:41:01.5845131Z │                                                                              │
cli (windows-latest)	Run pnpm install --frozen-lockfile	2026-09-14T23:41:01.5845794Z │   Ignored build scripts: esbuild@0.28.2.                                     │
cli (windows-latest)	Run pnpm install --frozen-lockfile	2026-09-14T23:41:01.5846759Z │   Run "pnpm approve-builds" to pick which dependencies should be allowed     │
cli (windows-latest)	Run pnpm install --frozen-lockfile	2026-09-14T23:41:01.5847888Z │   to run scripts.                                                            │
cli (windows-latest)	Run pnpm install --frozen-lockfile	2026-09-14T23:41:01.5848499Z │                                                                              │
cli (windows-latest)	Run pnpm install --frozen-lockfile	2026-09-14T23:41:01.5849151Z ╰──────────────────────────────────────────────────────────────────────────────╯
cli (windows-latest)	Run pnpm install --frozen-lockfile	2026-09-14T23:41:01.5952260Z Done in 1s using pnpm v10.33.2
cli (windows-latest)	Run pnpm typecheck	﻿2026-09-14T23:41:01.7342258Z ##[group]Run pnpm typecheck
cli (windows-latest)	Run pnpm typecheck	2026-09-14T23:41:01.7342696Z ^[[36;1mpnpm typecheck^[[0m
cli (windows-latest)	Run pnpm typecheck	2026-09-14T23:41:01.7400733Z shell: C:\Program Files\PowerShell\7\pwsh.EXE -command ". '{0}'"
cli (windows-latest)	Run pnpm typecheck	2026-09-14T23:41:01.7401213Z env:
cli (windows-latest)	Run pnpm typecheck	2026-09-14T23:41:01.7401537Z   PNPM_HOME: C:\Users\runneradmin\setup-pnpm\node_modules\.bin
cli (windows-latest)	Run pnpm typecheck	2026-09-14T23:41:01.7401900Z ##[endgroup]
cli (windows-latest)	Run pnpm typecheck	2026-09-14T23:41:02.2582493Z 
cli (windows-latest)	Run pnpm typecheck	2026-09-14T23:41:02.2583549Z > openpresentation-workspace@ typecheck D:\a\opf\opf
cli (windows-latest)	Run pnpm typecheck	2026-09-14T23:41:02.2584465Z > pnpm --filter @openpresentation/opf typecheck && pnpm --filter @openpresentation/cli typecheck
cli (windows-latest)	Run pnpm typecheck	2026-09-14T23:41:02.2584921Z 
cli (windows-latest)	Run pnpm typecheck	2026-09-14T23:41:02.6080755Z 
cli (windows-latest)	Run pnpm typecheck	2026-09-14T23:41:02.6081696Z > @openpresentation/opf@0.9.0 typecheck D:\a\opf\opf\packages\javascript
cli (windows-latest)	Run pnpm typecheck	2026-09-14T23:41:02.6082468Z > pnpm run generate && node ../../scripts/typecheck.mjs --noEmit
cli (windows-latest)	Run pnpm typecheck	2026-09-14T23:41:02.6083025Z 
cli (windows-latest)	Run pnpm typecheck	2026-09-14T23:41:02.9155334Z 
cli (windows-latest)	Run pnpm typecheck	2026-09-14T23:41:02.9156737Z > @openpresentation/opf@0.9.0 generate D:\a\opf\opf\packages\javascript
cli (windows-latest)	Run pnpm typecheck	2026-09-14T23:41:02.9158604Z > node scripts/generate.mjs && node scripts/generate-previews.mjs && node scripts/generate-content.mjs
cli (windows-latest)	Run pnpm typecheck	2026-09-14T23:41:02.9159149Z 
cli (windows-latest)	Run pnpm typecheck	2026-09-14T23:41:03.4387586Z Generated src/generated/previews.ts (70 previews)
cli (windows-latest)	Run pnpm typecheck	2026-09-14T23:41:03.5730300Z Generated src/generated/examples.ts (126 examples, 7 galleries)
cli (windows-latest)	Run pnpm typecheck	2026-09-14T23:41:03.5841986Z Generated src/generated/docs.ts (28 docs)
cli (windows-latest)	Run pnpm typecheck	2026-09-14T23:41:03.5851333Z Generated src/generated/repo-readme.ts (11388 bytes)
cli (windows-latest)	Run pnpm typecheck	2026-09-14T23:41:05.4667584Z 
cli (windows-latest)	Run pnpm typecheck	2026-09-14T23:41:05.4669040Z > @openpresentation/cli@0.7.0 typecheck D:\a\opf\opf\packages\cli
cli (windows-latest)	Run pnpm typecheck	2026-09-14T23:41:05.4670324Z > pnpm --filter @openpresentation/opf build && node ../../scripts/typecheck.mjs --noEmit
cli (windows-latest)	Run pnpm typecheck	2026-09-14T23:41:05.4670915Z 
cli (windows-latest)	Run pnpm typecheck	2026-09-14T23:41:05.7716670Z 
cli (windows-latest)	Run pnpm typecheck	2026-09-14T23:41:05.7717756Z > @openpresentation/opf@0.9.0 build D:\a\opf\opf\packages\javascript
cli (windows-latest)	Run pnpm typecheck	2026-09-14T23:41:05.7718720Z > pnpm run generate && tsup && node scripts/copy-spec.mjs
cli (windows-latest)	Run pnpm typecheck	2026-09-14T23:41:05.7719083Z 
cli (windows-latest)	Run pnpm typecheck	2026-09-14T23:41:06.0710559Z 
cli (windows-latest)	Run pnpm typecheck	2026-09-14T23:41:06.0711737Z > @openpresentation/opf@0.9.0 generate D:\a\opf\opf\packages\javascript
cli (windows-latest)	Run pnpm typecheck	2026-09-14T23:41:06.0712718Z > node scripts/generate.mjs && node scripts/generate-previews.mjs && node scripts/generate-content.mjs
cli (windows-latest)	Run pnpm typecheck	2026-09-14T23:41:06.0713162Z 
cli (windows-latest)	Run pnpm typecheck	2026-09-14T23:41:06.5936252Z Generated src/generated/previews.ts (70 previews)
cli (windows-latest)	Run pnpm typecheck	2026-09-14T23:41:06.7285776Z Generated src/generated/examples.ts (126 examples, 7 galleries)
cli (windows-latest)	Run pnpm typecheck	2026-09-14T23:41:06.7398957Z Generated src/generated/docs.ts (28 docs)
cli (windows-latest)	Run pnpm typecheck	2026-09-14T23:41:06.7406790Z Generated src/generated/repo-readme.ts (11388 bytes)
cli (windows-latest)	Run pnpm typecheck	2026-09-14T23:41:07.3433328Z ^[[34mCLI^[[39m Building entry: {"data":"src/data.ts","pagination":"src/pagination.ts","composition":"src/composition.ts","index":"src/index.ts","schemas":"src/schemas.ts","catalogs":"src/catalogs.ts","validator":"src/validator.ts","types":"src/types.ts","spec-files":"src/spec-files.ts","previews":"src/previews.ts","examples":"src/examples.ts","docs":"src/docs.ts","repo-readme":"src/repo-readme.ts"}
cli (windows-latest)	Run pnpm typecheck	2026-09-14T23:41:07.3435140Z ^[[34mCLI^[[39m Using tsconfig: tsconfig.json
cli (windows-latest)	Run pnpm typecheck	2026-09-14T23:41:07.3436374Z ^[[34mCLI^[[39m tsup v8.5.1
cli (windows-latest)	Run pnpm typecheck	2026-09-14T23:41:07.3437223Z ^[[34mCLI^[[39m Using tsup config: D:\a\opf\opf\packages\javascript\tsup.config.ts
cli (windows-latest)	Run pnpm typecheck	2026-09-14T23:41:07.3476107Z ^[[34mCLI^[[39m Target: es2022
cli (windows-latest)	Run pnpm typecheck	2026-09-14T23:41:07.3519879Z ^[[34mCLI^[[39m Cleaning output folder
cli (windows-latest)	Run pnpm typecheck	2026-09-14T23:41:07.3530318Z ^[[34mESM^[[39m Build start
cli (windows-latest)	Run pnpm typecheck	2026-09-14T23:41:07.8641721Z Generated an empty chunk: "types".
cli (windows-latest)	Run pnpm typecheck	2026-09-14T23:41:08.2094118Z ^[[34mDTS^[[39m Build start
cli (windows-latest)	Run pnpm typecheck	2026-09-14T23:41:08.2250823Z ^[[32mESM^[[39m ^[[1mdist\previews.js       ^[[22m^[[32m130.00 B^[[39m
cli (windows-latest)	Run pnpm typecheck	2026-09-14T23:41:08.2252131Z ^[[32mESM^[[39m ^[[1mdist\spec-files.js     ^[[22m^[[32m85.00 B^[[39m
cli (windows-latest)	Run pnpm typecheck	2026-09-14T23:41:08.2253580Z ^[[32mESM^[[39m ^[[1mdist\data.js           ^[[22m^[[32m95.00 B^[[39m
cli (windows-latest)	Run pnpm typecheck	2026-09-14T23:41:08.2254886Z ^[[32mESM^[[39m ^[[1mdist\composition.js    ^[[22m^[[32m437.00 B^[[39m
cli (windows-latest)	Run pnpm typecheck	2026-09-14T23:41:08.2255910Z ^[[32mESM^[[39m ^[[1mdist\pagination.js     ^[[22m^[[32m215.00 B^[[39m
cli (windows-latest)	Run pnpm typecheck	2026-09-14T23:41:08.2258406Z ^[[32mESM^[[39m ^[[1mdist\index.js          ^[[22m^[[32m1.38 KB^[[39m
cli (windows-latest)	Run pnpm typecheck	2026-09-14T23:41:08.2259060Z ^[[32mESM^[[39m ^[[1mdist\chunk-OZULJBSG.js ^[[22m^[[32m117.86 KB^[[39m
cli (windows-latest)	Run pnpm typecheck	2026-09-14T23:41:08.2259818Z ^[[32mESM^[[39m ^[[1mdist\chunk-PIQXLBBJ.js ^[[22m^[[32m108.89 KB^[[39m
cli (windows-latest)	Run pnpm typecheck	2026-09-14T23:41:08.2260306Z ^[[32mESM^[[39m ^[[1mdist\catalogs.js       ^[[22m^[[32m238.00 B^[[39m
cli (windows-latest)	Run pnpm typecheck	2026-09-14T23:41:08.2260859Z ^[[32mESM^[[39m ^[[1mdist\schemas.js        ^[[22m^[[32m202.00 B^[[39m
cli (windows-latest)	Run pnpm typecheck	2026-09-14T23:41:08.2261542Z ^[[32mESM^[[39m ^[[1mdist\chunk-SOSOBKQ2.js ^[[22m^[[32m6.52 KB^[[39m
cli (windows-latest)	Run pnpm typecheck	2026-09-14T23:41:08.2262452Z ^[[32mESM^[[39m ^[[1mdist\validator.js      ^[[22m^[[32m267.00 B^[[39m
cli (windows-latest)	Run pnpm typecheck	2026-09-14T23:41:08.2263152Z ^[[32mESM^[[39m ^[[1mdist\chunk-F7ZUBA4H.js ^[[22m^[[32m14.23 KB^[[39m
cli (windows-latest)	Run pnpm typecheck	2026-09-14T23:41:08.2264252Z ^[[32mESM^[[39m ^[[1mdist\chunk-JANDGUGA.js ^[[22m^[[32m27.16 KB^[[39m
cli (windows-latest)	Run pnpm typecheck	2026-09-14T23:41:08.2264969Z ^[[32mESM^[[39m ^[[1mdist\chunk-GQSK3T7X.js ^[[22m^[[32m219.58 KB^[[39m
cli (windows-latest)	Run pnpm typecheck	2026-09-14T23:41:08.2265671Z ^[[32mESM^[[39m ^[[1mdist\chunk-7IWTWUNU.js ^[[22m^[[32m93.98 KB^[[39m
cli (windows-latest)	Run pnpm typecheck	2026-09-14T23:41:08.2266350Z ^[[32mESM^[[39m ^[[1mdist\repo-readme.js    ^[[22m^[[32m11.47 KB^[[39m
cli (windows-latest)	Run pnpm typecheck	2026-09-14T23:41:08.2269089Z ^[[32mESM^[[39m ^[[1mdist\types.js          ^[[22m^[[32m1.00 B^[[39m
cli (windows-latest)	Run pnpm typecheck	2026-09-14T23:41:08.2270966Z ^[[32mESM^[[39m ^[[1mdist\chunk-TWMRZ43O.js ^[[22m^[[32m499.00 KB^[[39m
cli (windows-latest)	Run pnpm typecheck	2026-09-14T23:41:08.2271878Z ^[[32mESM^[[39m ^[[1mdist\docs.js           ^[[22m^[[32m526.61 KB^[[39m
cli (windows-latest)	Run pnpm typecheck	2026-09-14T23:41:08.2272743Z ^[[32mESM^[[39m ^[[1mdist\examples.js       ^[[22m^[[32m3.48 MB^[[39m
cli (windows-latest)	Run pnpm typecheck	2026-09-14T23:41:08.2273627Z ^[[32mESM^[[39m ⚡️ Build success in 872ms
cli (windows-latest)	Run pnpm typecheck	2026-09-14T23:41:13.2314803Z ^[[32mDTS^[[39m ⚡️ Build success in 5353ms
cli (windows-latest)	Run pnpm typecheck	2026-09-14T23:41:13.2318623Z ^[[32mDTS^[[39m ^[[1mdist\index.d.ts                 ^[[22m^[[32m3.16 KB^[[39m
cli (windows-latest)	Run pnpm typecheck	2026-09-14T23:41:13.2320275Z ^[[32mDTS^[[39m ^[[1mdist\data.d.ts                  ^[[22m^[[32m1005.00 B^[[39m
cli (windows-latest)	Run pnpm typecheck	2026-09-14T23:41:13.2321749Z ^[[32mDTS^[[39m ^[[1mdist\pagination.d.ts            ^[[22m^[[32m2.40 KB^[[39m
cli (windows-latest)	Run pnpm typecheck	2026-09-14T23:41:13.2322830Z ^[[32mDTS^[[39m ^[[1mdist\previews.d.ts              ^[[22m^[[32m1.71 KB^[[39m
cli (windows-latest)	Run pnpm typecheck	2026-09-14T23:41:13.2323798Z ^[[32mDTS^[[39m ^[[1mdist\repo-readme.d.ts           ^[[22m^[[32m139.00 B^[[39m
cli (windows-latest)	Run pnpm typecheck	2026-09-14T23:41:13.2324657Z ^[[32mDTS^[[39m ^[[1mdist\examples.d.ts              ^[[22m^[[32m2.09 KB^[[39m
cli (windows-latest)	Run pnpm typecheck	2026-09-14T23:41:13.2325219Z ^[[32mDTS^[[39m ^[[1mdist\docs.d.ts                  ^[[22m^[[32m671.00 B^[[39m
cli (windows-latest)	Run pnpm typecheck	2026-09-14T23:41:13.2325714Z ^[[32mDTS^[[39m ^[[1mdist\composition.d.ts           ^[[22m^[[32m25.02 KB^[[39m
cli (windows-latest)	Run pnpm typecheck	2026-09-14T23:41:13.2326237Z ^[[32mDTS^[[39m ^[[1mdist\validator.d.ts             ^[[22m^[[32m1.54 KB^[[39m
cli (windows-latest)	Run pnpm typecheck	2026-09-14T23:41:13.2327019Z ^[[32mDTS^[[39m ^[[1mdist\spec-files.d.ts            ^[[22m^[[32m19.57 KB^[[39m
cli (windows-latest)	Run pnpm typecheck	2026-09-14T23:41:13.2327554Z ^[[32mDTS^[[39m ^[[1mdist\schemas.d.ts               ^[[22m^[[32m314.00 B^[[39m
cli (windows-latest)	Run pnpm typecheck	2026-09-14T23:41:13.2328056Z ^[[32mDTS^[[39m ^[[1mdist\catalogs.d.ts              ^[[22m^[[32m454.00 B^[[39m
cli (windows-latest)	Run pnpm typecheck	2026-09-14T23:41:13.2328576Z ^[[32mDTS^[[39m ^[[1mdist\types.d.ts                 ^[[22m^[[32m416.00 B^[[39m
cli (windows-latest)	Run pnpm typecheck	2026-09-14T23:41:13.2329115Z ^[[32mDTS^[[39m ^[[1mdist\presentation-BMTdX6O1.d.ts ^[[22m^[[32m113.38 KB^[[39m
cli (windows-latest)	Run pnpm typecheck	2026-09-14T23:41:13.2329755Z ^[[32mDTS^[[39m ^[[1mdist\schemas--QRVBhU1.d.ts      ^[[22m^[[32m8.84 KB^[[39m
cli (windows-latest)	Run pnpm typecheck	2026-09-14T23:41:13.2330382Z ^[[32mDTS^[[39m ^[[1mdist\catalogs-BnnkUX9O.d.ts     ^[[22m^[[32m46.31 KB^[[39m
cli (windows-latest)	Run pnpm --filter @openpresentation/opf test	﻿2026-09-14T23:41:14.0475640Z ##[group]Run pnpm --filter @openpresentation/opf test
cli (windows-latest)	Run pnpm --filter @openpresentation/opf test	2026-09-14T23:41:14.0476164Z ^[[36;1mpnpm --filter @openpresentation/opf test^[[0m
cli (windows-latest)	Run pnpm --filter @openpresentation/opf test	2026-09-14T23:41:14.0532924Z shell: C:\Program Files\PowerShell\7\pwsh.EXE -command ". '{0}'"
cli (windows-latest)	Run pnpm --filter @openpresentation/opf test	2026-09-14T23:41:14.0533335Z env:
cli (windows-latest)	Run pnpm --filter @openpresentation/opf test	2026-09-14T23:41:14.0533708Z   PNPM_HOME: C:\Users\runneradmin\setup-pnpm\node_modules\.bin
cli (windows-latest)	Run pnpm --filter @openpresentation/opf test	2026-09-14T23:41:14.0534068Z ##[endgroup]
cli (windows-latest)	Run pnpm --filter @openpresentation/opf test	2026-09-14T23:41:14.5845766Z 
cli (windows-latest)	Run pnpm --filter @openpresentation/opf test	2026-09-14T23:41:14.5847514Z > @openpresentation/opf@0.9.0 test D:\a\opf\opf\packages\javascript
cli (windows-latest)	Run pnpm --filter @openpresentation/opf test	2026-09-14T23:41:14.5849208Z > pnpm run build && node ../../scripts/run-node-tests.mjs && node test/composition.mjs && node test/pagination.mjs && node test/data.mjs && node test/rich-text.mjs && node test/lists.mjs
cli (windows-latest)	Run pnpm --filter @openpresentation/opf test	2026-09-14T23:41:14.5850078Z 
cli (windows-latest)	Run pnpm --filter @openpresentation/opf test	2026-09-14T23:41:14.8827233Z 
cli (windows-latest)	Run pnpm --filter @openpresentation/opf test	2026-09-14T23:41:14.8828203Z > @openpresentation/opf@0.9.0 build D:\a\opf\opf\packages\javascript
cli (windows-latest)	Run pnpm --filter @openpresentation/opf test	2026-09-14T23:41:14.8829113Z > pnpm run generate && tsup && node scripts/copy-spec.mjs
cli (windows-latest)	Run pnpm --filter @openpresentation/opf test	2026-09-14T23:41:14.8829746Z 
cli (windows-latest)	Run pnpm --filter @openpresentation/opf test	2026-09-14T23:41:15.1912641Z 
cli (windows-latest)	Run pnpm --filter @openpresentation/opf test	2026-09-14T23:41:15.1913657Z > @openpresentation/opf@0.9.0 generate D:\a\opf\opf\packages\javascript
cli (windows-latest)	Run pnpm --filter @openpresentation/opf test	2026-09-14T23:41:15.1914752Z > node scripts/generate.mjs && node scripts/generate-previews.mjs && node scripts/generate-content.mjs
cli (windows-latest)	Run pnpm --filter @openpresentation/opf test	2026-09-14T23:41:15.1915347Z 
cli (windows-latest)	Run pnpm --filter @openpresentation/opf test	2026-09-14T23:41:15.7677220Z Generated src/generated/previews.ts (70 previews)
cli (windows-latest)	Run pnpm --filter @openpresentation/opf test	2026-09-14T23:41:15.9168952Z Generated src/generated/examples.ts (126 examples, 7 galleries)
cli (windows-latest)	Run pnpm --filter @openpresentation/opf test	2026-09-14T23:41:15.9309349Z Generated src/generated/docs.ts (28 docs)
cli (windows-latest)	Run pnpm --filter @openpresentation/opf test	2026-09-14T23:41:15.9319250Z Generated src/generated/repo-readme.ts (11388 bytes)
cli (windows-latest)	Run pnpm --filter @openpresentation/opf test	2026-09-14T23:41:16.4423710Z ^[[34mCLI^[[39m Building entry: {"data":"src/data.ts","pagination":"src/pagination.ts","composition":"src/composition.ts","index":"src/index.ts","schemas":"src/schemas.ts","catalogs":"src/catalogs.ts","validator":"src/validator.ts","types":"src/types.ts","spec-files":"src/spec-files.ts","previews":"src/previews.ts","examples":"src/examples.ts","docs":"src/docs.ts","repo-readme":"src/repo-readme.ts"}
cli (windows-latest)	Run pnpm --filter @openpresentation/opf test	2026-09-14T23:41:16.4426790Z ^[[34mCLI^[[39m Using tsconfig: tsconfig.json
cli (windows-latest)	Run pnpm --filter @openpresentation/opf test	2026-09-14T23:41:16.4427485Z ^[[34mCLI^[[39m tsup v8.5.1
cli (windows-latest)	Run pnpm --filter @openpresentation/opf test	2026-09-14T23:41:16.4428259Z ^[[34mCLI^[[39m Using tsup config: D:\a\opf\opf\packages\javascript\tsup.config.ts
cli (windows-latest)	Run pnpm --filter @openpresentation/opf test	2026-09-14T23:41:16.4466727Z ^[[34mCLI^[[39m Target: es2022
cli (windows-latest)	Run pnpm --filter @openpresentation/opf test	2026-09-14T23:41:16.4857018Z ^[[34mCLI^[[39m Cleaning output folder
cli (windows-latest)	Run pnpm --filter @openpresentation/opf test	2026-09-14T23:41:16.4869408Z ^[[34mESM^[[39m Build start
cli (windows-latest)	Run pnpm --filter @openpresentation/opf test	2026-09-14T23:41:16.9037476Z Generated an empty chunk: "types".
cli (windows-latest)	Run pnpm --filter @openpresentation/opf test	2026-09-14T23:41:17.4399455Z ^[[34mDTS^[[39m Build start
cli (windows-latest)	Run pnpm --filter @openpresentation/opf test	2026-09-14T23:41:17.4625373Z ^[[32mESM^[[39m ^[[1mdist\spec-files.js     ^[[22m^[[32m85.00 B^[[39m
cli (windows-latest)	Run pnpm --filter @openpresentation/opf test	2026-09-14T23:41:17.4626673Z ^[[32mESM^[[39m ^[[1mdist\previews.js       ^[[22m^[[32m130.00 B^[[39m
cli (windows-latest)	Run pnpm --filter @openpresentation/opf test	2026-09-14T23:41:17.4627507Z ^[[32mESM^[[39m ^[[1mdist\pagination.js     ^[[22m^[[32m215.00 B^[[39m
cli (windows-latest)	Run pnpm --filter @openpresentation/opf test	2026-09-14T23:41:17.4628781Z ^[[32mESM^[[39m ^[[1mdist\composition.js    ^[[22m^[[32m437.00 B^[[39m
cli (windows-latest)	Run pnpm --filter @openpresentation/opf test	2026-09-14T23:41:17.4629914Z ^[[32mESM^[[39m ^[[1mdist\index.js          ^[[22m^[[32m1.38 KB^[[39m
cli (windows-latest)	Run pnpm --filter @openpresentation/opf test	2026-09-14T23:41:17.4630713Z ^[[32mESM^[[39m ^[[1mdist\data.js           ^[[22m^[[32m95.00 B^[[39m
cli (windows-latest)	Run pnpm --filter @openpresentation/opf test	2026-09-14T23:41:17.4631433Z ^[[32mESM^[[39m ^[[1mdist\repo-readme.js    ^[[22m^[[32m11.47 KB^[[39m
cli (windows-latest)	Run pnpm --filter @openpresentation/opf test	2026-09-14T23:41:17.4632123Z ^[[32mESM^[[39m ^[[1mdist\chunk-OZULJBSG.js ^[[22m^[[32m117.86 KB^[[39m
cli (windows-latest)	Run pnpm --filter @openpresentation/opf test	2026-09-14T23:41:17.4632806Z ^[[32mESM^[[39m ^[[1mdist\schemas.js        ^[[22m^[[32m202.00 B^[[39m
cli (windows-latest)	Run pnpm --filter @openpresentation/opf test	2026-09-14T23:41:17.4633270Z ^[[32mESM^[[39m ^[[1mdist\catalogs.js       ^[[22m^[[32m238.00 B^[[39m
cli (windows-latest)	Run pnpm --filter @openpresentation/opf test	2026-09-14T23:41:17.4634131Z ^[[32mESM^[[39m ^[[1mdist\chunk-PIQXLBBJ.js ^[[22m^[[32m108.89 KB^[[39m
cli (windows-latest)	Run pnpm --filter @openpresentation/opf test	2026-09-14T23:41:17.4634802Z ^[[32mESM^[[39m ^[[1mdist\validator.js      ^[[22m^[[32m267.00 B^[[39m
cli (windows-latest)	Run pnpm --filter @openpresentation/opf test	2026-09-14T23:41:17.4635305Z ^[[32mESM^[[39m ^[[1mdist\chunk-F7ZUBA4H.js ^[[22m^[[32m14.23 KB^[[39m
cli (windows-latest)	Run pnpm --filter @openpresentation/opf test	2026-09-14T23:41:17.4635832Z ^[[32mESM^[[39m ^[[1mdist\chunk-JANDGUGA.js ^[[22m^[[32m27.16 KB^[[39m
cli (windows-latest)	Run pnpm --filter @openpresentation/opf test	2026-09-14T23:41:17.4636580Z ^[[32mESM^[[39m ^[[1mdist\types.js          ^[[22m^[[32m1.00 B^[[39m
cli (windows-latest)	Run pnpm --filter @openpresentation/opf test	2026-09-14T23:41:17.4637144Z ^[[32mESM^[[39m ^[[1mdist\chunk-GQSK3T7X.js ^[[22m^[[32m219.58 KB^[[39m
cli (windows-latest)	Run pnpm --filter @openpresentation/opf test	2026-09-14T23:41:17.4639467Z ^[[32mESM^[[39m ^[[1mdist\chunk-SOSOBKQ2.js ^[[22m^[[32m6.52 KB^[[39m
cli (windows-latest)	Run pnpm --filter @openpresentation/opf test	2026-09-14T23:41:17.4639933Z ^[[32mESM^[[39m ^[[1mdist\chunk-7IWTWUNU.js ^[[22m^[[32m93.98 KB^[[39m
cli (windows-latest)	Run pnpm --filter @openpresentation/opf test	2026-09-14T23:41:17.4640405Z ^[[32mESM^[[39m ^[[1mdist\chunk-TWMRZ43O.js ^[[22m^[[32m499.00 KB^[[39m
cli (windows-latest)	Run pnpm --filter @openpresentation/opf test	2026-09-14T23:41:17.4640883Z ^[[32mESM^[[39m ^[[1mdist\docs.js           ^[[22m^[[32m526.61 KB^[[39m
cli (windows-latest)	Run pnpm --filter @openpresentation/opf test	2026-09-14T23:41:17.4641399Z ^[[32mESM^[[39m ^[[1mdist\examples.js       ^[[22m^[[32m3.48 MB^[[39m
cli (windows-latest)	Run pnpm --filter @openpresentation/opf test	2026-09-14T23:41:17.4641987Z ^[[32mESM^[[39m ⚡️ Build success in 976ms
cli (windows-latest)	Run pnpm --filter @openpresentation/opf test	2026-09-14T23:41:22.5871255Z ^[[32mDTS^[[39m ⚡️ Build success in 5592ms
cli (windows-latest)	Run pnpm --filter @openpresentation/opf test	2026-09-14T23:41:22.5874426Z ^[[32mDTS^[[39m ^[[1mdist\index.d.ts                 ^[[22m^[[32m3.16 KB^[[39m
cli (windows-latest)	Run pnpm --filter @openpresentation/opf test	2026-09-14T23:41:22.5875413Z ^[[32mDTS^[[39m ^[[1mdist\data.d.ts                  ^[[22m^[[32m1005.00 B^[[39m
cli (windows-latest)	Run pnpm --filter @openpresentation/opf test	2026-09-14T23:41:22.5876774Z ^[[32mDTS^[[39m ^[[1mdist\pagination.d.ts            ^[[22m^[[32m2.40 KB^[[39m
cli (windows-latest)	Run pnpm --filter @openpresentation/opf test	2026-09-14T23:41:22.5877719Z ^[[32mDTS^[[39m ^[[1mdist\previews.d.ts              ^[[22m^[[32m1.71 KB^[[39m
cli (windows-latest)	Run pnpm --filter @openpresentation/opf test	2026-09-14T23:41:22.5878596Z ^[[32mDTS^[[39m ^[[1mdist\repo-readme.d.ts           ^[[22m^[[32m139.00 B^[[39m
cli (windows-latest)	Run pnpm --filter @openpresentation/opf test	2026-09-14T23:41:22.5879449Z ^[[32mDTS^[[39m ^[[1mdist\examples.d.ts              ^[[22m^[[32m2.09 KB^[[39m
cli (windows-latest)	Run pnpm --filter @openpresentation/opf test	2026-09-14T23:41:22.5880218Z ^[[32mDTS^[[39m ^[[1mdist\docs.d.ts                  ^[[22m^[[32m671.00 B^[[39m
cli (windows-latest)	Run pnpm --filter @openpresentation/opf test	2026-09-14T23:41:22.5880993Z ^[[32mDTS^[[39m ^[[1mdist\composition.d.ts           ^[[22m^[[32m25.02 KB^[[39m
cli (windows-latest)	Run pnpm --filter @openpresentation/opf test	2026-09-14T23:41:22.5881769Z ^[[32mDTS^[[39m ^[[1mdist\validator.d.ts             ^[[22m^[[32m1.54 KB^[[39m
cli (windows-latest)	Run pnpm --filter @openpresentation/opf test	2026-09-14T23:41:22.5882518Z ^[[32mDTS^[[39m ^[[1mdist\spec-files.d.ts            ^[[22m^[[32m19.57 KB^[[39m
cli (windows-latest)	Run pnpm --filter @openpresentation/opf test	2026-09-14T23:41:22.5883296Z ^[[32mDTS^[[39m ^[[1mdist\schemas.d.ts               ^[[22m^[[32m314.00 B^[[39m
cli (windows-latest)	Run pnpm --filter @openpresentation/opf test	2026-09-14T23:41:22.5884401Z ^[[32mDTS^[[39m ^[[1mdist\catalogs.d.ts              ^[[22m^[[32m454.00 B^[[39m
cli (windows-latest)	Run pnpm --filter @openpresentation/opf test	2026-09-14T23:41:22.5886406Z ^[[32mDTS^[[39m ^[[1mdist\types.d.ts                 ^[[22m^[[32m416.00 B^[[39m
cli (windows-latest)	Run pnpm --filter @openpresentation/opf test	2026-09-14T23:41:22.5887243Z ^[[32mDTS^[[39m ^[[1mdist\presentation-BMTdX6O1.d.ts ^[[22m^[[32m113.38 KB^[[39m
cli (windows-latest)	Run pnpm --filter @openpresentation/opf test	2026-09-14T23:41:22.5888010Z ^[[32mDTS^[[39m ^[[1mdist\schemas--QRVBhU1.d.ts      ^[[22m^[[32m8.84 KB^[[39m
cli (windows-latest)	Run pnpm --filter @openpresentation/opf test	2026-09-14T23:41:22.5888676Z ^[[32mDTS^[[39m ^[[1mdist\catalogs-BnnkUX9O.d.ts     ^[[22m^[[32m46.31 KB^[[39m
cli (windows-latest)	Run pnpm --filter @openpresentation/opf test	2026-09-14T23:41:23.6601211Z ✔ cards preserve outer tracks, regions and headings while measuring a rounded inner box (15.9654ms)
cli (windows-latest)	Run pnpm --filter @openpresentation/opf test	2026-09-14T23:41:23.6603254Z ✔ slide false overrides host cards; nested leaves receive one inset and preserve group geometry (3.8822ms)
cli (windows-latest)	Run pnpm --filter @openpresentation/opf test	2026-09-14T23:41:23.6604966Z ✔ card padding participates in automatic score, strict overflow and whole-document pagination (288.6586ms)
cli (windows-latest)	Run pnpm --filter @openpresentation/opf test	2026-09-14T23:41:24.2667953Z ✔ accepted code uses rounded cells and preserves body compatibility without repeated explanation measurements (8.2629ms)
cli (windows-latest)	Run pnpm --filter @openpresentation/opf test	2026-09-14T23:41:24.2676012Z ✔ candidate penalties include complete code metadata and charge overflowing leaves once (15.7359ms)
cli (windows-latest)	Run pnpm --filter @openpresentation/opf test	2026-09-14T23:41:24.2692331Z ✔ strict ancestors reject code metadata paths and cannot be weakened by descendants (306.8318ms)
cli (windows-latest)	Run pnpm --filter @openpresentation/opf test	2026-09-14T23:41:24.2698792Z ✔ explicit code placement and weights remain authoritative even when metadata overflows (13.6067ms)
cli (windows-latest)	Run pnpm --filter @openpresentation/opf test	2026-09-14T23:41:24.2700466Z ✔ pagination preserves exact code bytes, metadata, ranges and floors across wide and portrait slides (314.4132ms)
cli (windows-latest)	Run pnpm --filter @openpresentation/opf test	2026-09-14T23:41:24.2702020Z ✔ irreducible code metadata rejects pagination even after earlier content or with an empty body (250.072ms)
cli (windows-latest)	Run pnpm --filter @openpresentation/opf test	2026-09-14T23:41:24.2894738Z ✔ complete code parts preserve exact filename, language, body, whitespace and hard line boundaries (10.5719ms)
cli (windows-latest)	Run pnpm --filter @openpresentation/opf test	2026-09-14T23:41:24.2896682Z ✔ shorthand, empty source and absent metadata retain their source and generated-label distinction (2.0409ms)
cli (windows-latest)	Run pnpm --filter @openpresentation/opf test	2026-09-14T23:41:24.2898281Z ✔ long language labels and filenames are measured within their cell before allocating the body (15.844ms)
cli (windows-latest)	Run pnpm --filter @openpresentation/opf test	2026-09-14T23:41:24.2900028Z ✔ wrapped whitespace and graphemes retain contiguous source offsets, including CRLF and blank final lines (2.1102ms)
cli (windows-latest)	Run pnpm --filter @openpresentation/opf test	2026-09-14T23:41:24.2903043Z ✔ tabs use measured space stops and never send control tabs to the font-width provider (1.5704ms)
cli (windows-latest)	Run pnpm --filter @openpresentation/opf test	2026-09-14T23:41:24.2904392Z ✔ readability floors scale once and body shrinking preserves all code content (0.982ms)
cli (windows-latest)	Run pnpm --filter @openpresentation/opf test	2026-09-14T23:41:24.2905761Z ✔ irreducible body and metadata failures remain explicit; strict mode does not return partial output (12.8963ms)
cli (windows-latest)	Run pnpm --filter @openpresentation/opf test	2026-09-14T23:41:24.2921183Z ✔ invalid inner boxes never become invented one-pixel fits; malformed options reject (0.6638ms)
cli (windows-latest)	Run pnpm --filter @openpresentation/opf test	2026-09-14T23:41:24.2922701Z ✔ font trials stay bounded independently of canvas scale (15.0606ms)
cli (windows-latest)	Run pnpm --filter @openpresentation/opf test	2026-09-14T23:41:24.2923703Z ✔ opaque contrast follows unrounded sRGB luminance thresholds (1.1151ms)
cli (windows-latest)	Run pnpm --filter @openpresentation/opf test	2026-09-14T23:41:24.2924844Z ✔ chart marks retain passing colors and brighten/darken failing opaque palettes (12.2394ms)
cli (windows-latest)	Run pnpm --filter @openpresentation/opf test	2026-09-14T23:41:24.2925984Z ✔ bright and dark fills select readable inherited text without guessing alpha backdrops (0.2576ms)
cli (windows-latest)	Run pnpm --filter @openpresentation/opf test	2026-09-14T23:41:25.2739522Z ✔ explanation preserves geometry, source values and measurement calls (34.3046ms)
cli (windows-latest)	Run pnpm --filter @openpresentation/opf test	2026-09-14T23:41:25.2743997Z ✔ candidate penalties account for the score and report the selected flow (24.5045ms)
cli (windows-latest)	Run pnpm --filter @openpresentation/opf test	2026-09-14T23:41:25.2756079Z ✔ fixed modes and promoted regions retain placement with no invented search (1.6586ms)
cli (windows-latest)	Run pnpm --filter @openpresentation/opf test	2026-09-14T23:41:25.2757897Z ✔ reserved slots, candidate caps and empty slides are explicit (134.9129ms)
cli (windows-latest)	Run pnpm --filter @openpresentation/opf test	2026-09-14T23:41:25.2772665Z ✔ equal scores retain the first, lower-column candidate (2.2094ms)
cli (windows-latest)	Run pnpm --filter @openpresentation/opf test	2026-09-14T23:41:25.2774240Z ✔ unsupported internal fit stays visible and strict failures retain their explanation (1208.3829ms)
cli (windows-latest)	Run pnpm --filter @openpresentation/opf test	2026-09-14T23:41:25.3016970Z ▶ example catalog sanity
cli (windows-latest)	Run pnpm --filter @openpresentation/opf test	2026-09-14T23:41:25.3017967Z   ✔ has at least one example (0.8818ms)
cli (windows-latest)	Run pnpm --filter @openpresentation/opf test	2026-09-14T23:41:25.3019016Z   ✔ has at least one gallery (0.4808ms)
cli (windows-latest)	Run pnpm --filter @openpresentation/opf test	2026-09-14T23:41:25.3019889Z   ✔ example categories include 'gallery' (0.2114ms)
cli (windows-latest)	Run pnpm --filter @openpresentation/opf test	2026-09-14T23:41:25.3021242Z ✔ example catalog sanity (3.0241ms)
cli (windows-latest)	Run pnpm --filter @openpresentation/opf test	2026-09-14T23:41:25.3022106Z ▶ every bundled example validates cleanly
cli (windows-latest)	Run pnpm --filter @openpresentation/opf test	2026-09-14T23:41:25.3023314Z   ✔ example 'compliance-readiness-review' has the expected shape and validates without warnings (346.7878ms)
cli (windows-latest)	Run pnpm --filter @openpresentation/opf test	2026-09-14T23:41:25.3024644Z   ✔ example 'contract-cycle-time-brief' has the expected shape and validates without warnings (2.333ms)
cli (windows-latest)	Run pnpm --filter @openpresentation/opf test	2026-09-14T23:41:25.3025947Z   ✔ example 'data-platform-migration-plan' has the expected shape and validates without warnings (1.4481ms)
cli (windows-latest)	Run pnpm --filter @openpresentation/opf test	2026-09-14T23:41:25.3027228Z   ✔ example 'defect-escape-reduction-review' has the expected shape and validates without warnings (0.7526ms)
cli (windows-latest)	Run pnpm --filter @openpresentation/opf test	2026-09-14T23:41:25.3028240Z   ✔ example 'demand-generation-campaign-brief' has the expected shape and validates without warnings (3.5072ms)
cli (windows-latest)	Run pnpm --filter @openpresentation/opf test	2026-09-14T23:41:25.3031257Z   ✔ example 'employee-town-hall-run-of-show' has the expected shape and validates without warnings (1.3039ms)
cli (windows-latest)	Run pnpm --filter @openpresentation/opf test	2026-09-14T23:41:25.3033891Z   ✔ example 'engineering-capacity-planning' has the expected shape and validates without warnings (0.792ms)
cli (windows-latest)	Run pnpm --filter @openpresentation/opf test	2026-09-14T23:41:25.3035243Z   ✔ example 'enterprise-account-expansion-plan' has the expected shape and validates without warnings (0.5509ms)
cli (windows-latest)	Run pnpm --filter @openpresentation/opf test	2026-09-14T23:41:25.3047405Z   ✔ example 'field-enablement-certification' has the expected shape and validates without warnings (0.7083ms)
cli (windows-latest)	Run pnpm --filter @openpresentation/opf test	2026-09-14T23:41:25.3049109Z   ✔ example 'fy27-budget-tradeoff-deck' has the expected shape and validates without warnings (0.3715ms)
cli (windows-latest)	Run pnpm --filter @openpresentation/opf test	2026-09-14T23:41:25.3050422Z   ✔ example 'identity-incident-executive-brief' has the expected shape and validates without warnings (0.452ms)
cli (windows-latest)	Run pnpm --filter @openpresentation/opf test	2026-09-14T23:41:25.3051568Z   ✔ example 'investor-relations-update' has the expected shape and validates without warnings (0.739ms)
cli (windows-latest)	Run pnpm --filter @openpresentation/opf test	2026-09-14T23:41:25.3052619Z   ✔ example 'model-governance-review' has the expected shape and validates without warnings (0.4915ms)
cli (windows-latest)	Run pnpm --filter @openpresentation/opf test	2026-09-14T23:41:25.3053716Z   ✔ example 'onboarding-experience-redesign' has the expected shape and validates without warnings (0.14ms)
cli (windows-latest)	Run pnpm --filter @openpresentation/opf test	2026-09-14T23:41:25.3054875Z   ✔ example 'partner-ecosystem-launch-kit' has the expected shape and validates without warnings (0.0928ms)
cli (windows-latest)	Run pnpm --filter @openpresentation/opf test	2026-09-14T23:41:25.3056408Z   ✔ example 'pricing-and-packaging-decision' has the expected shape and validates without warnings (0.3982ms)
cli (windows-latest)	Run pnpm --filter @openpresentation/opf test	2026-09-14T23:41:25.3057556Z   ✔ example 'product-roadmap-decision-review' has the expected shape and validates without warnings (0.6006ms)
cli (windows-latest)	Run pnpm --filter @openpresentation/opf test	2026-09-14T23:41:25.3058669Z   ✔ example 'renewal-save-plan' has the expected shape and validates without warnings (0.3363ms)
cli (windows-latest)	Run pnpm --filter @openpresentation/opf test	2026-09-14T23:41:25.3059802Z   ✔ example 'revenue-forecast-inspection' has the expected shape and validates without warnings (0.5674ms)
cli (windows-latest)	Run pnpm --filter @openpresentation/opf test	2026-09-14T23:41:25.3060939Z   ✔ example 's-and-op-exception-review' has the expected shape and validates without warnings (0.6017ms)
cli (windows-latest)	Run pnpm --filter @openpresentation/opf test	2026-09-14T23:41:25.3062087Z   ✔ example 'scope-3-reporting-readiness' has the expected shape and validates without warnings (0.491ms)
cli (windows-latest)	Run pnpm --filter @openpresentation/opf test	2026-09-14T23:41:25.3063228Z   ✔ example 'strategy-offsite-pre-read' has the expected shape and validates without warnings (0.6235ms)
cli (windows-latest)	Run pnpm --filter @openpresentation/opf test	2026-09-14T23:41:25.3064269Z   ✔ example 'supplier-risk-heatmap' has the expected shape and validates without warnings (0.728ms)
cli (windows-latest)	Run pnpm --filter @openpresentation/opf test	2026-09-14T23:41:25.3065285Z   ✔ example 'support-deflection-program' has the expected shape and validates without warnings (0.4377ms)
cli (windows-latest)	Run pnpm --filter @openpresentation/opf test	2026-09-14T23:41:25.3066338Z   ✔ example 'workplace-occupancy-reset' has the expected shape and validates without warnings (0.5525ms)
cli (windows-latest)	Run pnpm --filter @openpresentation/opf test	2026-09-14T23:41:25.3067404Z   ✔ example 'data-storytelling-atlas' has the expected shape and validates without warnings (0.5717ms)
cli (windows-latest)	Run pnpm --filter @openpresentation/opf test	2026-09-14T23:41:25.3068444Z   ✔ example 'kiosk-orientation-deck' has the expected shape and validates without warnings (0.6149ms)
cli (windows-latest)	Run pnpm --filter @openpresentation/opf test	2026-09-14T23:41:25.3069855Z   ✔ example 'photo-essay-portfolio' has the expected shape and validates without warnings (0.5522ms)
cli (windows-latest)	Run pnpm --filter @openpresentation/opf test	2026-09-14T23:41:25.3070988Z   ✔ example 'video-demo-sales-narrative' has the expected shape and validates without warnings (0.7209ms)
cli (windows-latest)	Run pnpm --filter @openpresentation/opf test	2026-09-14T23:41:25.3072447Z   ✔ example 'visual-brand-system-sampler' has the expected shape and validates without warnings (0.3448ms)
cli (windows-latest)	Run pnpm --filter @openpresentation/opf test	2026-09-14T23:41:25.3073767Z   ✔ example 'advising-retention-review' has the expected shape and validates without warnings (0.4311ms)
cli (windows-latest)	Run pnpm --filter @openpresentation/opf test	2026-09-14T23:41:25.3074900Z   ✔ example 'alumni-giving-campaign' has the expected shape and validates without warnings (0.3578ms)
cli (windows-latest)	Run pnpm --filter @openpresentation/opf test	2026-09-14T23:41:25.3076038Z   ✔ example 'apprenticeship-partnership-deck' has the expected shape and validates without warnings (0.3559ms)
cli (windows-latest)	Run pnpm --filter @openpresentation/opf test	2026-09-14T23:41:25.3077202Z   ✔ example 'athletics-budget-review' has the expected shape and validates without warnings (0.5982ms)
cli (windows-latest)	Run pnpm --filter @openpresentation/opf test	2026-09-14T23:41:25.3078384Z   ✔ example 'campus-energy-action-brief' has the expected shape and validates without warnings (0.3627ms)
cli (windows-latest)	Run pnpm --filter @openpresentation/opf test	2026-09-14T23:41:25.3079490Z   ✔ example 'curriculum-approval-brief' has the expected shape and validates without warnings (0.3312ms)
cli (windows-latest)	Run pnpm --filter @openpresentation/opf test	2026-09-14T23:41:25.3080777Z   ✔ example 'district-literacy-acceleration-plan' has the expected shape and validates without warnings (0.1408ms)
cli (windows-latest)	Run pnpm --filter @openpresentation/opf test	2026-09-14T23:41:25.3082023Z   ✔ example 'library-modernization-roadmap' has the expected shape and validates without warnings (0.3127ms)
cli (windows-latest)	Run pnpm --filter @openpresentation/opf test	2026-09-14T23:41:25.3083234Z   ✔ example 'online-program-launch-plan' has the expected shape and validates without warnings (0.1912ms)
cli (windows-latest)	Run pnpm --filter @openpresentation/opf test	2026-09-14T23:41:25.3084397Z   ✔ example 'research-grant-pitch' has the expected shape and validates without warnings (0.2114ms)
cli (windows-latest)	Run pnpm --filter @openpresentation/opf test	2026-09-14T23:41:25.3104361Z   ✔ example 'school-safety-preparedness-brief' has the expected shape and validates without warnings (0.0995ms)
cli (windows-latest)	Run pnpm --filter @openpresentation/opf test	2026-09-14T23:41:25.3108522Z   ✔ example 'special-education-services-plan' has the expected shape and validates without warnings (0.0782ms)
cli (windows-latest)	Run pnpm --filter @openpresentation/opf test	2026-09-14T23:41:25.3110079Z   ✔ example 'stem-lab-funding-proposal' has the expected shape and validates without warnings (0.0722ms)
cli (windows-latest)	Run pnpm --filter @openpresentation/opf test	2026-09-14T23:41:25.3111354Z   ✔ example 'student-mental-health-capacity-review' has the expected shape and validates without warnings (0.2433ms)
cli (windows-latest)	Run pnpm --filter @openpresentation/opf test	2026-09-14T23:41:25.3112606Z   ✔ example 'workforce-pathway-partnership' has the expected shape and validates without warnings (0.5564ms)
cli (windows-latest)	Run pnpm --filter @openpresentation/opf test	2026-09-14T23:41:25.3114184Z   ✔ example 'broadband-public-hearing-deck' has the expected shape and validates without warnings (0.4974ms)
cli (windows-latest)	Run pnpm --filter @openpresentation/opf test	2026-09-14T23:41:25.3115473Z   ✔ example 'court-backlog-reduction-plan' has the expected shape and validates without warnings (0.3953ms)
cli (windows-latest)	Run pnpm --filter @openpresentation/opf test	2026-09-14T23:41:25.3116630Z   ✔ example 'digital-services-modernization' has the expected shape and validates without warnings (0.2045ms)
cli (windows-latest)	Run pnpm --filter @openpresentation/opf test	2026-09-14T23:41:25.3117745Z   ✔ example 'grant-equity-review' has the expected shape and validates without warnings (0.2146ms)
cli (windows-latest)	Run pnpm --filter @openpresentation/opf test	2026-09-14T23:41:25.3118957Z   ✔ example 'housing-zoning-council-brief' has the expected shape and validates without warnings (0.5912ms)
cli (windows-latest)	Run pnpm --filter @openpresentation/opf test	2026-09-14T23:41:25.3123895Z   ✔ example 'parks-master-plan-workshop' has the expected shape and validates without warnings (0.3611ms)
cli (windows-latest)	Run pnpm --filter @openpresentation/opf test	2026-09-14T23:41:25.3125067Z   ✔ example 'police-training-program-update' has the expected shape and validates without warnings (0.3538ms)
cli (windows-latest)	Run pnpm --filter @openpresentation/opf test	2026-09-14T23:41:25.3126300Z   ✔ example 'recycling-participation-campaign' has the expected shape and validates without warnings (2.6581ms)
cli (windows-latest)	Run pnpm --filter @openpresentation/opf test	2026-09-14T23:41:25.3127324Z   ✔ example 'regulatory-risk-brief' has the expected shape and validates without warnings (0.4369ms)
cli (windows-latest)	Run pnpm --filter @openpresentation/opf test	2026-09-14T23:41:25.3128391Z   ✔ example 'tax-portal-modernization' has the expected shape and validates without warnings (0.5015ms)
cli (windows-latest)	Run pnpm --filter @openpresentation/opf test	2026-09-14T23:41:25.3129496Z   ✔ example 'transit-corridor-alternatives' has the expected shape and validates without warnings (0.4767ms)
cli (windows-latest)	Run pnpm --filter @openpresentation/opf test	2026-09-14T23:41:25.3130766Z   ✔ example 'vaccination-outreach-briefing' has the expected shape and validates without warnings (0.6799ms)
cli (windows-latest)	Run pnpm --filter @openpresentation/opf test	2026-09-14T23:41:25.3131883Z   ✔ example 'water-utility-capital-plan' has the expected shape and validates without warnings (0.6688ms)
cli (windows-latest)	Run pnpm --filter @openpresentation/opf test	2026-09-14T23:41:25.3133008Z   ✔ example 'wildfire-evacuation-preparedness' has the expected shape and validates without warnings (0.4858ms)
cli (windows-latest)	Run pnpm --filter @openpresentation/opf test	2026-09-14T23:41:25.3137780Z   ✔ example 'workforce-reskilling-initiative' has the expected shape and validates without warnings (0.5149ms)
cli (windows-latest)	Run pnpm --filter @openpresentation/opf test	2026-09-14T23:41:25.3139770Z   ✔ example 'airline-disruption-recovery-review' has the expected shape and validates without warnings (0.4956ms)
cli (windows-latest)	Run pnpm --filter @openpresentation/opf test	2026-09-14T23:41:25.3170123Z   ✔ example 'ambulatory-access-recovery-plan' has the expected shape and validates without warnings (0.1499ms)
cli (windows-latest)	Run pnpm --filter @openpresentation/opf test	2026-09-14T23:41:25.3178181Z   ✔ example 'battery-line-supplier-readiness' has the expected shape and validates without warnings (0.3858ms)
cli (windows-latest)	Run pnpm --filter @openpresentation/opf test	2026-09-14T23:41:25.3179628Z   ✔ example 'boutique-hotel-revenue-recovery' has the expected shape and validates without warnings (0.4659ms)
cli (windows-latest)	Run pnpm --filter @openpresentation/opf test	2026-09-14T23:41:25.3180983Z   ✔ example 'branch-modernization-investment-case' has the expected shape and validates without warnings (0.2277ms)
cli (windows-latest)	Run pnpm --filter @openpresentation/opf test	2026-09-14T23:41:25.3182235Z   ✔ example 'claims-triage-operating-model' has the expected shape and validates without warnings (0.135ms)
cli (windows-latest)	Run pnpm --filter @openpresentation/opf test	2026-09-14T23:41:25.3183544Z   ✔ example 'cold-chain-waste-reduction-review' has the expected shape and validates without warnings (0.2961ms)
cli (windows-latest)	Run pnpm --filter @openpresentation/opf test	2026-09-14T23:41:25.3184786Z   ✔ example 'construction-safety-stand-down' has the expected shape and validates without warnings (0.488ms)
cli (windows-latest)	Run pnpm --filter @openpresentation/opf test	2026-09-14T23:41:25.3186008Z   ✔ example 'consulting-margin-recovery-plan' has the expected shape and validates without warnings (0.3194ms)
cli (windows-latest)	Run pnpm --filter @openpresentation/opf test	2026-09-14T23:41:25.3187360Z   ✔ example 'drive-thru-throughput-playbook' has the expected shape and validates without warnings (0.3172ms)
cli (windows-latest)	Run pnpm --filter @openpresentation/opf test	2026-09-14T23:41:25.3188555Z   ✔ example 'fan-experience-operations-brief' has the expected shape and validates without warnings (0.2662ms)
cli (windows-latest)	Run pnpm --filter @openpresentation/opf test	2026-09-14T23:41:25.3189859Z   ✔ example 'food-bank-distribution-capacity-plan' has the expected shape and validates without warnings (0.1349ms)
cli (windows-latest)	Run pnpm --filter @openpresentation/opf test	2026-09-14T23:41:25.3190976Z   ✔ example 'grid-resilience-capital-plan' has the expected shape and validates without warnings (0.2963ms)
cli (windows-latest)	Run pnpm --filter @openpresentation/opf test	2026-09-14T23:41:25.3192195Z   ✔ example 'managed-detection-market-update' has the expected shape and validates without warnings (0.1582ms)
cli (windows-latest)	Run pnpm --filter @openpresentation/opf test	2026-09-14T23:41:25.3201604Z   ✔ example 'mixed-use-leasing-pipeline-review' has the expected shape and validates without warnings (0.4305ms)
cli (windows-latest)	Run pnpm --filter @openpresentation/opf test	2026-09-14T23:41:25.3203205Z   ✔ example 'port-dwell-time-improvement-plan' has the expected shape and validates without warnings (0.4423ms)
cli (windows-latest)	Run pnpm --filter @openpresentation/opf test	2026-09-14T23:41:25.3204397Z   ✔ example 'retail-launch-readiness-deck' has the expected shape and validates without warnings (0.2876ms)
cli (windows-latest)	Run pnpm --filter @openpresentation/opf test	2026-09-14T23:41:25.3205560Z   ✔ example 'robotics-quality-escape-briefing' has the expected shape and validates without warnings (0.2484ms)
cli (windows-latest)	Run pnpm --filter @openpresentation/opf test	2026-09-14T23:41:25.3206824Z   ✔ example 'rural-broadband-expansion-proposal' has the expected shape and validates without warnings (0.1929ms)
cli (windows-latest)	Run pnpm --filter @openpresentation/opf test	2026-09-14T23:41:25.3209842Z   ✔ example 'satellite-maintenance-readiness-review' has the expected shape and validates without warnings (0.2695ms)
cli (windows-latest)	Run pnpm --filter @openpresentation/opf test	2026-09-14T23:41:25.3211301Z   ✔ example 'streaming-churn-winback-strategy' has the expected shape and validates without warnings (0.2351ms)
cli (windows-latest)	Run pnpm --filter @openpresentation/opf test	2026-09-14T23:41:25.3213350Z   ✔ example 'tailings-monitoring-investment-brief' has the expected shape and validates without warnings (0.4574ms)
cli (windows-latest)	Run pnpm --filter @openpresentation/opf test	2026-09-14T23:41:25.3218625Z   ✔ example 'trial-enrollment-rescue-plan' has the expected shape and validates without warnings (0.3705ms)
cli (windows-latest)	Run pnpm --filter @openpresentation/opf test	2026-09-14T23:41:25.3219892Z   ✔ example 'veterinary-staffing-stabilization' has the expected shape and validates without warnings (0.3088ms)
cli (windows-latest)	Run pnpm --filter @openpresentation/opf test	2026-09-14T23:41:25.3221154Z   ✔ example 'water-stewardship-grower-brief' has the expected shape and validates without warnings (0.535ms)
cli (windows-latest)	Run pnpm --filter @openpresentation/opf test	2026-09-14T23:41:25.3222427Z   ✔ example 'arabic-digital-services-brief' has the expected shape and validates without warnings (0.3032ms)
cli (windows-latest)	Run pnpm --filter @openpresentation/opf test	2026-09-14T23:41:25.3223681Z   ✔ example 'brazil-climate-adaptation-brief' has the expected shape and validates without warnings (0.2926ms)
cli (windows-latest)	Run pnpm --filter @openpresentation/opf test	2026-09-14T23:41:25.3224770Z   ✔ example 'german-works-council-update' has the expected shape and validates without warnings (0.2579ms)
cli (windows-latest)	Run pnpm --filter @openpresentation/opf test	2026-09-14T23:41:25.3226305Z   ✔ example 'india-rural-payments-pilot' has the expected shape and validates without warnings (0.145ms)
cli (windows-latest)	Run pnpm --filter @openpresentation/opf test	2026-09-14T23:41:25.3227415Z   ✔ example 'japan-market-entry-readout' has the expected shape and validates without warnings (0.3406ms)
cli (windows-latest)	Run pnpm --filter @openpresentation/opf test	2026-09-14T23:41:25.3228490Z   ✔ example 'customer-qbr-renewal-deck' has the expected shape and validates without warnings (0.3532ms)
cli (windows-latest)	Run pnpm --filter @openpresentation/opf test	2026-09-14T23:41:25.3229562Z   ✔ example 'data-incident-postmortem' has the expected shape and validates without warnings (0.368ms)
cli (windows-latest)	Run pnpm --filter @openpresentation/opf test	2026-09-14T23:41:25.3230603Z   ✔ example 'developer-conference-talk' has the expected shape and validates without warnings (0.3181ms)
cli (windows-latest)	Run pnpm --filter @openpresentation/opf test	2026-09-14T23:41:25.3231726Z   ✔ example 'executive-workshop-facilitation' has the expected shape and validates without warnings (0.3362ms)
cli (windows-latest)	Run pnpm --filter @openpresentation/opf test	2026-09-14T23:41:25.3232817Z   ✔ example 'manager-training-deck' has the expected shape and validates without warnings (0.5315ms)
cli (windows-latest)	Run pnpm --filter @openpresentation/opf test	2026-09-14T23:41:25.3233840Z   ✔ example 'monthly-board-update' has the expected shape and validates without warnings (0.175ms)
cli (windows-latest)	Run pnpm --filter @openpresentation/opf test	2026-09-14T23:41:25.3235273Z   ✔ example 'policy-briefing-for-advisors' has the expected shape and validates without warnings (0.4142ms)
cli (windows-latest)	Run pnpm --filter @openpresentation/opf test	2026-09-14T23:41:25.3236592Z   ✔ example 'product-launch-narrative' has the expected shape and validates without warnings (0.3999ms)
cli (windows-latest)	Run pnpm --filter @openpresentation/opf test	2026-09-14T23:41:25.3237670Z   ✔ example 'research-findings-report' has the expected shape and validates without warnings (0.3914ms)
cli (windows-latest)	Run pnpm --filter @openpresentation/opf test	2026-09-14T23:41:25.3238812Z   ✔ example 'seed-pitch-for-climate-risk-api' has the expected shape and validates without warnings (0.1344ms)
cli (windows-latest)	Run pnpm --filter @openpresentation/opf test	2026-09-14T23:41:25.3239934Z   ✔ example 'asset-source-forms' has the expected shape and validates without warnings (0.4987ms)
cli (windows-latest)	Run pnpm --filter @openpresentation/opf test	2026-09-14T23:41:25.3240900Z   ✔ example 'block-composition' has the expected shape and validates without warnings (0.2718ms)
cli (windows-latest)	Run pnpm --filter @openpresentation/opf test	2026-09-14T23:41:25.3241862Z   ✔ example 'catalog-overrides' has the expected shape and validates without warnings (0.349ms)
cli (windows-latest)	Run pnpm --filter @openpresentation/opf test	2026-09-14T23:41:25.3242962Z   ✔ example 'chart-data-sources' has the expected shape and validates without warnings (0.1182ms)
cli (windows-latest)	Run pnpm --filter @openpresentation/opf test	2026-09-14T23:41:25.3244310Z   ✔ example 'chart-type-sampler' has the expected shape and validates without warnings (0.2061ms)
cli (windows-latest)	Run pnpm --filter @openpresentation/opf test	2026-09-14T23:41:25.3245260Z   ✔ example 'columns' has the expected shape and validates without warnings (0.3993ms)
cli (windows-latest)	Run pnpm --filter @openpresentation/opf test	2026-09-14T23:41:25.3256490Z   ✔ example 'content-payload-matrix' has the expected shape and validates without warnings (0.6579ms)
cli (windows-latest)	Run pnpm --filter @openpresentation/opf test	2026-09-14T23:41:25.3261796Z   ✔ example 'design-backgrounds' has the expected shape and validates without warnings (0.4892ms)
cli (windows-latest)	Run pnpm --filter @openpresentation/opf test	2026-09-14T23:41:25.3262934Z   ✔ example 'dynamic-composition' has the expected shape and validates without warnings (0.4951ms)
cli (windows-latest)	Run pnpm --filter @openpresentation/opf test	2026-09-14T23:41:25.3264075Z   ✔ example 'full-feature-tour' has the expected shape and validates without warnings (2.3011ms)
cli (windows-latest)	Run pnpm --filter @openpresentation/opf test	2026-09-14T23:41:25.3265063Z   ✔ example 'grid-spans' has the expected shape and validates without warnings (0.3155ms)
cli (windows-latest)	Run pnpm --filter @openpresentation/opf test	2026-09-14T23:41:25.3266234Z   ✔ example 'header-footer-logo-set' has the expected shape and validates without warnings (0.2951ms)
cli (windows-latest)	Run pnpm --filter @openpresentation/opf test	2026-09-14T23:41:25.3267336Z   ✔ example 'language-and-writing' has the expected shape and validates without warnings (0.116ms)
cli (windows-latest)	Run pnpm --filter @openpresentation/opf test	2026-09-14T23:41:25.3268409Z   ✔ example 'media-and-follow-up' has the expected shape and validates without warnings (0.2347ms)
cli (windows-latest)	Run pnpm --filter @openpresentation/opf test	2026-09-14T23:41:25.3269517Z   ✔ example 'metadata-array-forms' has the expected shape and validates without warnings (0.1035ms)
cli (windows-latest)	Run pnpm --filter @openpresentation/opf test	2026-09-14T23:41:25.3270604Z   ✔ example 'metrics-quotes-timeline' has the expected shape and validates without warnings (0.1445ms)
cli (windows-latest)	Run pnpm --filter @openpresentation/opf test	2026-09-14T23:41:25.3271690Z   ✔ example 'minimal' has the expected shape and validates without warnings (0.1145ms)
cli (windows-latest)	Run pnpm --filter @openpresentation/opf test	2026-09-14T23:41:25.3272655Z   ✔ example 'narrative-beats' has the expected shape and validates without warnings (0.137ms)
cli (windows-latest)	Run pnpm --filter @openpresentation/opf test	2026-09-14T23:41:25.3273729Z   ✔ example 'promoted-region-grid' has the expected shape and validates without warnings (0.3299ms)
cli (windows-latest)	Run pnpm --filter @openpresentation/opf test	2026-09-14T23:41:25.3275606Z   ✔ example 'rich-text-runs' has the expected shape and validates without warnings (0.2939ms)
cli (windows-latest)	Run pnpm --filter @openpresentation/opf test	2026-09-14T23:41:25.3276982Z   ✔ example 'root-content' has the expected shape and validates without warnings (0.1502ms)
cli (windows-latest)	Run pnpm --filter @openpresentation/opf test	2026-09-14T23:41:25.3278200Z   ✔ example 'rows-chart' has the expected shape and validates without warnings (0.2013ms)
cli (windows-latest)	Run pnpm --filter @openpresentation/opf test	2026-09-14T23:41:25.3279330Z   ✔ example 'slide-design-overrides' has the expected shape and validates without warnings (0.2592ms)
cli (windows-latest)	Run pnpm --filter @openpresentation/opf test	2026-09-14T23:41:25.3280407Z   ✔ example 'slide-sections' has the expected shape and validates without warnings (0.2261ms)
cli (windows-latest)	Run pnpm --filter @openpresentation/opf test	2026-09-14T23:41:25.3281439Z   ✔ example 'table-and-code' has the expected shape and validates without warnings (0.2495ms)
cli (windows-latest)	Run pnpm --filter @openpresentation/opf test	2026-09-14T23:41:25.3282483Z   ✔ example 'table-cell-types' has the expected shape and validates without warnings (0.1804ms)
cli (windows-latest)	Run pnpm --filter @openpresentation/opf test	2026-09-14T23:41:25.3283325Z ✔ every bundled example validates cleanly (410.8168ms)
cli (windows-latest)	Run pnpm --filter @openpresentation/opf test	2026-09-14T23:41:25.3283919Z ▶ galleries
cli (windows-latest)	Run pnpm --filter @openpresentation/opf test	2026-09-14T23:41:25.3284482Z   ✔ gallery 'business-functions' is well-formed (0.1777ms)
cli (windows-latest)	Run pnpm --filter @openpresentation/opf test	2026-09-14T23:41:25.3285126Z   ✔ gallery 'design-and-media' is well-formed (0.0365ms)
cli (windows-latest)	Run pnpm --filter @openpresentation/opf test	2026-09-14T23:41:25.3285905Z   ✔ gallery 'education' is well-formed (0.0305ms)
cli (windows-latest)	Run pnpm --filter @openpresentation/opf test	2026-09-14T23:41:25.3286518Z   ✔ gallery 'government' is well-formed (0.0323ms)
cli (windows-latest)	Run pnpm --filter @openpresentation/opf test	2026-09-14T23:41:25.3287157Z   ✔ gallery 'industries' is well-formed (0.1123ms)
cli (windows-latest)	Run pnpm --filter @openpresentation/opf test	2026-09-14T23:41:25.3287846Z   ✔ gallery 'international' is well-formed (0.0341ms)
cli (windows-latest)	Run pnpm --filter @openpresentation/opf test	2026-09-14T23:41:25.3288500Z   ✔ gallery 'presentation-types' is well-formed (0.0471ms)
cli (windows-latest)	Run pnpm --filter @openpresentation/opf test	2026-09-14T23:41:25.3289374Z   ✔ getExamplesByGallery matches gallery.examples length for the first gallery (0.1424ms)
cli (windows-latest)	Run pnpm --filter @openpresentation/opf test	2026-09-14T23:41:25.3290365Z   ✔ getGallery resolves a known slug and returns undefined for a bogus one (0.0803ms)
cli (windows-latest)	Run pnpm --filter @openpresentation/opf test	2026-09-14T23:41:25.3291038Z ✔ galleries (0.931ms)
cli (windows-latest)	Run pnpm --filter @openpresentation/opf test	2026-09-14T23:41:25.3291566Z ✔ getExample resolves a known slug (0.1395ms)
cli (windows-latest)	Run pnpm --filter @openpresentation/opf test	2026-09-14T23:41:25.3292337Z ✔ getExamplesByCategory returns results for a known category (0.1045ms)
cli (windows-latest)	Run pnpm --filter @openpresentation/opf test	2026-09-14T23:41:25.3292898Z ▶ bundled docs
cli (windows-latest)	Run pnpm --filter @openpresentation/opf test	2026-09-14T23:41:25.3293301Z   ✔ has at least one doc (0.3456ms)
cli (windows-latest)	Run pnpm --filter @openpresentation/opf test	2026-09-14T23:41:25.3294449Z   ✔ doc 'agent-skills' has required fields (0.0858ms)
cli (windows-latest)	Run pnpm --filter @openpresentation/opf test	2026-09-14T23:41:25.3295162Z   ✔ doc 'catalog-schema-reference' has required fields (0.0351ms)
cli (windows-latest)	Run pnpm --filter @openpresentation/opf test	2026-09-14T23:41:25.3296048Z   ✔ doc 'content-item-design-overrides' has required fields (0.0331ms)
cli (windows-latest)	Run pnpm --filter @openpresentation/opf test	2026-09-14T23:41:25.3296796Z   ✔ doc 'content-payloads' has required fields (0.0657ms)
cli (windows-latest)	Run pnpm --filter @openpresentation/opf test	2026-09-14T23:41:25.3297417Z   ✔ doc 'data-import' has required fields (0.0321ms)
cli (windows-latest)	Run pnpm --filter @openpresentation/opf test	2026-09-14T23:41:25.3298118Z   ✔ doc 'design-resolution' has required fields (0.0519ms)
cli (windows-latest)	Run pnpm --filter @openpresentation/opf test	2026-09-14T23:41:25.3298829Z   ✔ doc 'dynamic-composition' has required fields (0.0333ms)
cli (windows-latest)	Run pnpm --filter @openpresentation/opf test	2026-09-14T23:41:25.3299627Z   ✔ doc 'ecosystem-development' has required fields (0.03ms)
cli (windows-latest)	Run pnpm --filter @openpresentation/opf test	2026-09-14T23:41:25.3304942Z   ✔ doc 'evidence-2026-09-08-windows' has required fields (0.0331ms)
cli (windows-latest)	Run pnpm --filter @openpresentation/opf test	2026-09-14T23:41:25.3305800Z   ✔ doc 'examples' has required fields (0.0381ms)
cli (windows-latest)	Run pnpm --filter @openpresentation/opf test	2026-09-14T23:41:25.3306508Z   ✔ doc 'font-fidelity' has required fields (0.0329ms)
cli (windows-latest)	Run pnpm --filter @openpresentation/opf test	2026-09-14T23:41:25.3307264Z   ✔ doc 'handoff-2026-09-08' has required fields (0.0308ms)
cli (windows-latest)	Run pnpm --filter @openpresentation/opf test	2026-09-14T23:41:25.3308092Z   ✔ doc 'handoff-2026-09-10-wrap-up' has required fields (0.0291ms)
cli (windows-latest)	Run pnpm --filter @openpresentation/opf test	2026-09-14T23:41:25.3309294Z   ✔ doc 'handoff-mac-owner-2026-09-10' has required fields (0.0299ms)
cli (windows-latest)	Run pnpm --filter @openpresentation/opf test	2026-09-14T23:41:25.3310243Z   ✔ doc 'handoff-windows-native-2026-09-10' has required fields (0.0301ms)
cli (windows-latest)	Run pnpm --filter @openpresentation/opf test	2026-09-14T23:41:25.3310963Z   ✔ doc 'handoff' has required fields (0.0297ms)
cli (windows-latest)	Run pnpm --filter @openpresentation/opf test	2026-09-14T23:41:25.3311591Z   ✔ doc 'how-opf-works' has required fields (0.0316ms)
cli (windows-latest)	Run pnpm --filter @openpresentation/opf test	2026-09-14T23:41:25.3312324Z   ✔ doc 'live-editor' has required fields (0.0303ms)
cli (windows-latest)	Run pnpm --filter @openpresentation/opf test	2026-09-14T23:41:25.3312954Z   ✔ doc 'llm-authoring' has required fields (0.0297ms)
cli (windows-latest)	Run pnpm --filter @openpresentation/opf test	2026-09-14T23:41:25.3313757Z   ✔ doc 'native-content-release-2026-09-09' has required fields (0.0301ms)
cli (windows-latest)	Run pnpm --filter @openpresentation/opf test	2026-09-14T23:41:25.3314649Z   ✔ doc 'native-feature-matrix-2026-09-09' has required fields (0.0312ms)
cli (windows-latest)	Run pnpm --filter @openpresentation/opf test	2026-09-14T23:41:25.3328904Z   ✔ doc 'open-ecosystem' has required fields (0.0421ms)
cli (windows-latest)	Run pnpm --filter @openpresentation/opf test	2026-09-14T23:41:25.3329693Z   ✔ doc 'pr-backlog-2026-09-09' has required fields (0.0304ms)
cli (windows-latest)	Run pnpm --filter @openpresentation/opf test	2026-09-14T23:41:25.3330467Z   ✔ doc 'release-process' has required fields (0.0303ms)
cli (windows-latest)	Run pnpm --filter @openpresentation/opf test	2026-09-14T23:41:25.3331141Z   ✔ doc 'rich-text' has required fields (0.0292ms)
cli (windows-latest)	Run pnpm --filter @openpresentation/opf test	2026-09-14T23:41:25.3331774Z   ✔ doc 'schema-reference' has required fields (0.0724ms)
cli (windows-latest)	Run pnpm --filter @openpresentation/opf test	2026-09-14T23:41:25.3332403Z   ✔ doc 'security-2026-09-09' has required fields (0.5234ms)
cli (windows-latest)	Run pnpm --filter @openpresentation/opf test	2026-09-14T23:41:25.3334191Z   ✔ doc 'table-text-colors' has required fields (0.0999ms)
cli (windows-latest)	Run pnpm --filter @openpresentation/opf test	2026-09-14T23:41:25.3335036Z   ✔ doc slugs include 'schema-reference' and getDoc resolves known/unknown slugs (0.1692ms)
cli (windows-latest)	Run pnpm --filter @openpresentation/opf test	2026-09-14T23:41:25.3335796Z ✔ bundled docs (2.7626ms)
cli (windows-latest)	Run pnpm --filter @openpresentation/opf test	2026-09-14T23:41:25.3336377Z ▶ fenced JSON presentation examples embedded in docs
cli (windows-latest)	Run pnpm --filter @openpresentation/opf test	2026-09-14T23:41:25.3337265Z   ✔ doc 'design-resolution' fenced JSON example #0 validates cleanly (0.3372ms)
cli (windows-latest)	Run pnpm --filter @openpresentation/opf test	2026-09-14T23:41:25.3338179Z   ✔ doc 'design-resolution' fenced JSON example #1 validates cleanly (0.1612ms)
cli (windows-latest)	Run pnpm --filter @openpresentation/opf test	2026-09-14T23:41:25.3339128Z   ✔ doc 'dynamic-composition' fenced JSON example #0 validates cleanly (0.1263ms)
cli (windows-latest)	Run pnpm --filter @openpresentation/opf test	2026-09-14T23:41:25.3340068Z   ✔ doc 'how-opf-works' fenced JSON example #0 validates cleanly (0.0721ms)
cli (windows-latest)	Run pnpm --filter @openpresentation/opf test	2026-09-14T23:41:25.3340909Z   ✔ doc 'how-opf-works' fenced JSON example #1 validates cleanly (0.2021ms)
cli (windows-latest)	Run pnpm --filter @openpresentation/opf test	2026-09-14T23:41:25.3341756Z   ✔ doc 'how-opf-works' fenced JSON example #2 validates cleanly (0.078ms)
cli (windows-latest)	Run pnpm --filter @openpresentation/opf test	2026-09-14T23:41:25.3342621Z   ✔ doc 'how-opf-works' fenced JSON example #3 validates cleanly (0.3489ms)
cli (windows-latest)	Run pnpm --filter @openpresentation/opf test	2026-09-14T23:41:25.3343456Z   ✔ doc 'llm-authoring' fenced JSON example #0 validates cleanly (0.1382ms)
cli (windows-latest)	Run pnpm --filter @openpresentation/opf test	2026-09-14T23:41:25.3344317Z   ✔ at least 5 presentation examples are validated across docs (0.0838ms)
cli (windows-latest)	Run pnpm --filter @openpresentation/opf test	2026-09-14T23:41:25.3345582Z ✔ fenced JSON presentation examples embedded in docs (1.8338ms)
cli (windows-latest)	Run pnpm --filter @openpresentation/opf test	2026-09-14T23:41:25.3346170Z ▶ schema $ids
cli (windows-latest)	Run pnpm --filter @openpresentation/opf test	2026-09-14T23:41:25.3346732Z   ✔ presentation schema has the canonical $id (0.827ms)
cli (windows-latest)	Run pnpm --filter @openpresentation/opf test	2026-09-14T23:41:25.3347433Z   ✔ audience schema has the canonical $id (0.2303ms)
cli (windows-latest)	Run pnpm --filter @openpresentation/opf test	2026-09-14T23:41:25.3348105Z   ✔ socialPlatform schema has the canonical $id (0.1401ms)
cli (windows-latest)	Run pnpm --filter @openpresentation/opf test	2026-09-14T23:41:25.3349047Z ✔ schema $ids (2.4583ms)
cli (windows-latest)	Run pnpm --filter @openpresentation/opf test	2026-09-14T23:41:25.3349508Z ▶ catalog export shapes
cli (windows-latest)	Run pnpm --filter @openpresentation/opf test	2026-09-14T23:41:25.3351123Z   ✔ audiences catalog is non-empty (0.3971ms)
cli (windows-latest)	Run pnpm --filter @openpresentation/opf test	2026-09-14T23:41:25.3351699Z   ✔ tones catalog is non-empty (0.1325ms)
cli (windows-latest)	Run pnpm --filter @openpresentation/opf test	2026-09-14T23:41:25.3352289Z   ✔ socialPlatforms catalog is non-empty (0.108ms)
cli (windows-latest)	Run pnpm --filter @openpresentation/opf test	2026-09-14T23:41:25.3352984Z   ✔ catalogs.audiences matches the audiences export length (0.4233ms)
cli (windows-latest)	Run pnpm --filter @openpresentation/opf test	2026-09-14T23:41:25.3353830Z   ✔ catalogs.socialPlatforms matches the socialPlatforms export length (0.2033ms)
cli (windows-latest)	Run pnpm --filter @openpresentation/opf test	2026-09-14T23:41:25.3354536Z   ✔ catalogs.chartTypes is non-empty (0.1538ms)
cli (windows-latest)	Run pnpm --filter @openpresentation/opf test	2026-09-14T23:41:25.3355300Z   ✔ chartTypes catalog keeps 'united-kingdom' and drops the removed typo id (0.2679ms)
cli (windows-latest)	Run pnpm --filter @openpresentation/opf test	2026-09-14T23:41:25.3356305Z   ✔ chartTypes catalogEntries entry has the expected schemaName and files (0.2173ms)
cli (windows-latest)	Run pnpm --filter @openpresentation/opf test	2026-09-14T23:41:25.3357269Z   ✔ socialPlatforms catalogEntries entry has the expected schemaName (0.1772ms)
cli (windows-latest)	Run pnpm --filter @openpresentation/opf test	2026-09-14T23:41:25.3358003Z   ✔ purposes catalog is non-empty (0.2546ms)
cli (windows-latest)	Run pnpm --filter @openpresentation/opf test	2026-09-14T23:41:25.3358875Z   ✔ languages catalog includes English (US) and English (GB) with correct bcp47 tags (0.1309ms)
cli (windows-latest)	Run pnpm --filter @openpresentation/opf test	2026-09-14T23:41:25.3359661Z ✔ catalog export shapes (3.1393ms)
cli (windows-latest)	Run pnpm --filter @openpresentation/opf test	2026-09-14T23:41:25.3360157Z ▶ catalog entries validate
cli (windows-latest)	Run pnpm --filter @openpresentation/opf test	2026-09-14T23:41:25.3360902Z   ✔ catalog 'audiences' has records and its first record validates (63.9457ms)
cli (windows-latest)	Run pnpm --filter @openpresentation/opf test	2026-09-14T23:41:25.3361740Z   ✔ catalog 'purposes' has records and its first record validates (4.0147ms)
cli (windows-latest)	Run pnpm --filter @openpresentation/opf test	2026-09-14T23:41:25.3362660Z   ✔ catalog 'tones' has records and its first record validates (3.7783ms)
cli (windows-latest)	Run pnpm --filter @openpresentation/opf test	2026-09-14T23:41:25.3363511Z   ✔ catalog 'themes' has records and its first record validates (3.9565ms)
cli (windows-latest)	Run pnpm --filter @openpresentation/opf test	2026-09-14T23:41:25.3364336Z   ✔ catalog 'layouts' has records and its first record validates (9.165ms)
cli (windows-latest)	Run pnpm --filter @openpresentation/opf test	2026-09-14T23:41:25.3365776Z   ✔ catalog 'chartTypes' has records and its first record validates (12.5431ms)
cli (windows-latest)	Run pnpm --filter @openpresentation/opf test	2026-09-14T23:41:25.3367062Z   ✔ catalog 'narratives' has records and its first record validates (5.8352ms)
cli (windows-latest)	Run pnpm --filter @openpresentation/opf test	2026-09-14T23:41:25.3367920Z   ✔ catalog 'socialPlatforms' has records and its first record validates (6.6097ms)
cli (windows-latest)	Run pnpm --filter @openpresentation/opf test	2026-09-14T23:41:25.3368796Z   ✔ catalog 'languages' has records and its first record validates (4.5142ms)
cli (windows-latest)	Run pnpm --filter @openpresentation/opf test	2026-09-14T23:41:25.3369697Z   ✔ catalog 'colorSchemes' has records and its first record validates (4.0954ms)
cli (windows-latest)	Run pnpm --filter @openpresentation/opf test	2026-09-14T23:41:25.3370562Z   ✔ catalog 'fontSchemes' has records and its first record validates (4.8471ms)
cli (windows-latest)	Run pnpm --filter @openpresentation/opf test	2026-09-14T23:41:25.3371388Z ✔ catalog entries validate (124.4496ms)
cli (windows-latest)	Run pnpm --filter @openpresentation/opf test	2026-09-14T23:41:25.3371976Z ▶ catalog cross-links resolve
cli (windows-latest)	Run pnpm --filter @openpresentation/opf test	2026-09-14T23:41:25.3372594Z   ✔ audiences/executives has no broken cross-links (0.4535ms)
cli (windows-latest)	Run pnpm --filter @openpresentation/opf test	2026-09-14T23:41:25.3373303Z   ✔ audiences/board has no broken cross-links (0.1038ms)
cli (windows-latest)	Run pnpm --filter @openpresentation/opf test	2026-09-14T23:41:25.3375504Z   ✔ audiences/engineering-team has no broken cross-links (0.0588ms)
cli (windows-latest)	Run pnpm --filter @openpresentation/opf test	2026-09-14T23:41:25.3376834Z   ✔ audiences/investors has no broken cross-links (0.0511ms)
cli (windows-latest)	Run pnpm --filter @openpresentation/opf test	2026-09-14T23:41:25.3377647Z   ✔ audiences/customers has no broken cross-links (0.2077ms)
cli (windows-latest)	Run pnpm --filter @openpresentation/opf test	2026-09-14T23:41:25.3383258Z   ✔ audiences/sales-team has no broken cross-links (0.1379ms)
cli (windows-latest)	Run pnpm --filter @openpresentation/opf test	2026-09-14T23:41:25.3384329Z   ✔ audiences/marketing-team has no broken cross-links (0.0662ms)
cli (windows-latest)	Run pnpm --filter @openpresentation/opf test	2026-09-14T23:41:25.3385056Z   ✔ audiences/all-hands has no broken cross-links (0.0608ms)
cli (windows-latest)	Run pnpm --filter @openpresentation/opf test	2026-09-14T23:41:25.3386212Z   ✔ audiences/candidates has no broken cross-links (0.0482ms)
cli (windows-latest)	Run pnpm --filter @openpresentation/opf test	2026-09-14T23:41:25.3386924Z   ✔ audiences/regulators has no broken cross-links (0.1003ms)
cli (windows-latest)	Run pnpm --filter @openpresentation/opf test	2026-09-14T23:41:25.3387613Z   ✔ purposes/inform has no broken cross-links (0.1009ms)
cli (windows-latest)	Run pnpm --filter @openpresentation/opf test	2026-09-14T23:41:25.3388342Z   ✔ purposes/decide has no broken cross-links (0.0751ms)
cli (windows-latest)	Run pnpm --filter @openpresentation/opf test	2026-09-14T23:41:25.3388983Z   ✔ purposes/align has no broken cross-links (0.0484ms)
cli (windows-latest)	Run pnpm --filter @openpresentation/opf test	2026-09-14T23:41:25.3389732Z   ✔ purposes/persuade has no broken cross-links (0.0295ms)
cli (windows-latest)	Run pnpm --filter @openpresentation/opf test	2026-09-14T23:41:25.3390390Z   ✔ purposes/educate has no broken cross-links (0.0606ms)
cli (windows-latest)	Run pnpm --filter @openpresentation/opf test	2026-09-14T23:41:25.3391125Z   ✔ purposes/report has no broken cross-links (0.0669ms)
cli (windows-latest)	Run pnpm --filter @openpresentation/opf test	2026-09-14T23:41:25.3392747Z   ✔ purposes/pitch has no broken cross-links (0.0473ms)
cli (windows-latest)	Run pnpm --filter @openpresentation/opf test	2026-09-14T23:41:25.3393420Z   ✔ purposes/sell has no broken cross-links (0.0304ms)
cli (windows-latest)	Run pnpm --filter @openpresentation/opf test	2026-09-14T23:41:25.3394082Z   ✔ purposes/plan has no broken cross-links (0.0322ms)
cli (windows-latest)	Run pnpm --filter @openpresentation/opf test	2026-09-14T23:41:25.3394764Z   ✔ tones/formal has no broken cross-links (0.0932ms)
cli (windows-latest)	Run pnpm --filter @openpresentation/opf test	2026-09-14T23:41:25.3395419Z   ✔ tones/casual has no broken cross-links (0.1002ms)
cli (windows-latest)	Run pnpm --filter @openpresentation/opf test	2026-09-14T23:41:25.3396105Z   ✔ tones/inspirational has no broken cross-links (0.0541ms)
cli (windows-latest)	Run pnpm --filter @openpresentation/opf test	2026-09-14T23:41:25.3396955Z   ✔ tones/technical has no broken cross-links (0.4242ms)
cli (windows-latest)	Run pnpm --filter @openpresentation/opf test	2026-09-14T23:41:25.3397629Z   ✔ tones/persuasive has no broken cross-links (0.1196ms)
cli (windows-latest)	Run pnpm --filter @openpresentation/opf test	2026-09-14T23:41:25.3398299Z   ✔ tones/authoritative has no broken cross-links (0.0721ms)
cli (windows-latest)	Run pnpm --filter @openpresentation/opf test	2026-09-14T23:41:25.3399068Z   ✔ tones/conversational has no broken cross-links (0.0669ms)
cli (windows-latest)	Run pnpm --filter @openpresentation/opf test	2026-09-14T23:41:25.3399900Z   ✔ invalid en-UK language catalog record is rejected with a helpful message (0.2362ms)
cli (windows-latest)	Run pnpm --filter @openpresentation/opf test	2026-09-14T23:41:25.3400896Z   ✔ broken cross-links in a catalog record warn, never error (0.1837ms)
cli (windows-latest)	Run pnpm --filter @openpresentation/opf test	2026-09-14T23:41:25.3401651Z ✔ catalog cross-links resolve (4.3656ms)
cli (windows-latest)	Run pnpm --filter @openpresentation/opf test	2026-09-14T23:41:25.3402164Z ▶ repo readme export
cli (windows-latest)	Run pnpm --filter @openpresentation/opf test	2026-09-14T23:41:25.3402896Z   ✔ repoReadme ships as a non-trivial string mentioning the format name (0.2778ms)
cli (windows-latest)	Run pnpm --filter @openpresentation/opf test	2026-09-14T23:41:25.3403673Z ✔ repo readme export (0.3963ms)
cli (windows-latest)	Run pnpm --filter @openpresentation/opf test	2026-09-14T23:41:25.3404633Z ✔ furniture preserves inherited/local sources, whitespace and generated metadata at both floors (24.7577ms)
cli (windows-latest)	Run pnpm --filter @openpresentation/opf test	2026-09-14T23:41:25.3406144Z ✔ furniture clearance scales with the canvas and respects explicit host padding (0.9054ms)
cli (windows-latest)	Run pnpm --filter @openpresentation/opf test	2026-09-14T23:41:25.3407333Z ✔ whole local overrides and explicit false preserve furniture-free body geometry (0.5567ms)
cli (windows-latest)	Run pnpm --filter @openpresentation/opf test	2026-09-14T23:41:25.3408369Z ✔ images and every authored/generated field coexist without deleting text (0.2576ms)
cli (windows-latest)	Run pnpm --filter @openpresentation/opf test	2026-09-14T23:41:25.3410433Z ✔ missing generated values diagnose controlling paths and strict composition/pagination reject them (224.1172ms)
cli (windows-latest)	Run pnpm --filter @openpresentation/opf test	2026-09-14T23:41:25.3414709Z ✔ irreducible furniture and provided ink cannot be hidden by body pagination (3.6318ms)
cli (windows-latest)	Run pnpm --filter @openpresentation/opf test	2026-09-14T23:41:25.3416054Z ✔ pagination repeats furniture and retains exact body source and mappings (123.1068ms)
cli (windows-latest)	Run pnpm --filter @openpresentation/opf test	2026-09-14T23:41:25.3417170Z ✔ a continuation whose wider number cannot fit fails atomically (45.8226ms)
cli (windows-latest)	Run pnpm --filter @openpresentation/opf test	2026-09-14T23:41:26.5339594Z ✔ public generated payload declarations agree with closed schema fields (1477.6114ms)
cli (windows-latest)	Run pnpm --filter @openpresentation/opf test	2026-09-14T23:41:27.5888399Z ✔ composition accepts complete metric geometry against its rounded cell and aliases the value fit (10.5448ms)
cli (windows-latest)	Run pnpm --filter @openpresentation/opf test	2026-09-14T23:41:27.5893946Z ✔ metric scoring includes long metadata and charges each failing leaf once (23.2691ms)
cli (windows-latest)	Run pnpm --filter @openpresentation/opf test	2026-09-14T23:41:27.5899046Z ✔ slide alignment overrides host alignment for complete metric parts (1.2234ms)
cli (windows-latest)	Run pnpm --filter @openpresentation/opf test	2026-09-14T23:41:27.5903432Z ✔ strict ancestors reject complete metric field paths without changing source (1553.7746ms)
cli (windows-latest)	Run pnpm --filter @openpresentation/opf test	2026-09-14T23:41:27.5950441Z ✔ explicit metric placement and weights remain authoritative despite overflowing metadata (75.5341ms)
cli (windows-latest)	Run pnpm --filter @openpresentation/opf test	2026-09-14T23:41:27.5954127Z ✔ atomic metric pagination preserves scalar/metadata types and persists its readable floor (322.0787ms)
cli (windows-latest)	Run pnpm --filter @openpresentation/opf test	2026-09-14T23:41:27.5963481Z ✔ irreducible atomic metrics reject all pagination output including empty values after earlier content (246.3802ms)
cli (windows-latest)	Run pnpm --filter @openpresentation/opf test	2026-09-14T23:41:27.6382131Z ✔ metric value, unit, labels, zero delta and trend retain their own editable source paths (8.276ms)
cli (windows-latest)	Run pnpm --filter @openpresentation/opf test	2026-09-14T23:41:27.6384795Z ✔ short units stay next to the value on the same baseline; long units and values stack (60.8289ms)
cli (windows-latest)	Run pnpm --filter @openpresentation/opf test	2026-09-14T23:41:27.6386345Z ✔ inline fitting tries a smaller single-line value before rejecting a compact readable metric (2.1931ms)
cli (windows-latest)	Run pnpm --filter @openpresentation/opf test	2026-09-14T23:41:27.6388143Z ✔ metric alignment positions the inline pair together and records exact origins for every source line (1.7238ms)
cli (windows-latest)	Run pnpm --filter @openpresentation/opf test	2026-09-14T23:41:27.6389718Z ✔ metadata borrows spare primary space before reducing type and exposes resolved style paths (0.9041ms)
cli (windows-latest)	Run pnpm --filter @openpresentation/opf test	2026-09-14T23:41:27.6391570Z ✔ explicit readability floors raise nominal labels and remain invariant across canvas scales (1.6766ms)
cli (windows-latest)	Run pnpm --filter @openpresentation/opf test	2026-09-14T23:41:27.6392987Z ✔ irreducible metadata retains all source and strict rejection reports its actual path (6.9013ms)
cli (windows-latest)	Run pnpm --filter @openpresentation/opf test	2026-09-14T23:41:27.6394270Z ✔ empty optional fields retain source without blank spacing and an empty value stays targetable (0.6892ms)
cli (windows-latest)	Run pnpm --filter @openpresentation/opf test	2026-09-14T23:41:27.6402914Z ✔ metric whitespace, tabs and Unicode retain exact line and segment boundaries (4.16ms)
cli (windows-latest)	Run pnpm --filter @openpresentation/opf test	2026-09-14T23:41:27.6404205Z ✔ invalid input, failed measurement and non-finite geometry reject without plausible substitute fits (3.0835ms)
cli (windows-latest)	Run pnpm --filter @openpresentation/opf test	2026-09-14T23:41:27.6406254Z ✔ difficult metrics use a bounded deterministic candidate search independent of canvas scale (460.7469ms)
cli (windows-latest)	Run pnpm --filter @openpresentation/opf test	2026-09-14T23:41:27.6407764Z ✔ metric outlines preserve exact tabs and whitespace while containing overhangs, tall ink and inline baselines (14.5211ms)
cli (windows-latest)	Run pnpm --filter @openpresentation/opf test	2026-09-14T23:41:27.6409156Z ✔ metric outline-aware fitting retains the readability floor and rejects irreducible ink (7.9868ms)
cli (windows-latest)	Run pnpm --filter @openpresentation/opf test	2026-09-14T23:41:27.6410347Z ✔ zero outline clearance is explicit and width-only providers retain prior geometry (1.1915ms)
cli (windows-latest)	Run pnpm --filter @openpresentation/opf test	2026-09-14T23:41:27.6415107Z ✔ invalid metric outline providers and padding reject instead of silently accepting width-only fits (0.6359ms)
cli (windows-latest)	Run pnpm --filter @openpresentation/opf test	2026-09-14T23:41:27.6416381Z ✔ plain source ranges retain whitespace, hard breaks and explicit tabs at every width (8.2895ms)
cli (windows-latest)	Run pnpm --filter @openpresentation/opf test	2026-09-14T23:41:27.6417797Z ✔ nonbreaking prose tokens stay intact and overflow at the readability floor (0.9326ms)
cli (windows-latest)	Run pnpm --filter @openpresentation/opf test	2026-09-14T23:41:27.6421492Z ✔ accepted scalar placement unions text outlines at tab stops without shaping controls (7.7273ms)
cli (windows-latest)	Run pnpm --filter @openpresentation/opf test	2026-09-14T23:41:27.6422480Z ▶ layoutPreviews export
cli (windows-latest)	Run pnpm --filter @openpresentation/opf test	2026-09-14T23:41:27.6423155Z   ✔ is a non-empty record of HTML strings (1.0068ms)
cli (windows-latest)	Run pnpm --filter @openpresentation/opf test	2026-09-14T23:41:27.6431276Z ✔ layoutPreviews export (1.9812ms)
cli (windows-latest)	Run pnpm --filter @openpresentation/opf test	2026-09-14T23:41:27.6432819Z ▶ layoutPreviewIndex export
cli (windows-latest)	Run pnpm --filter @openpresentation/opf test	2026-09-14T23:41:27.6449007Z   ✔ records match Object.keys(layoutPreviews) exactly (1.9181ms)
cli (windows-latest)	Run pnpm --filter @openpresentation/opf test	2026-09-14T23:41:27.6454615Z   ✔ preview record 'action-plan' bytes match its source file's UTF-8 byte length (0.9282ms)
cli (windows-latest)	Run pnpm --filter @openpresentation/opf test	2026-09-14T23:41:27.6455980Z   ✔ preview record 'agenda' bytes match its source file's UTF-8 byte length (0.3241ms)
cli (windows-latest)	Run pnpm --filter @openpresentation/opf test	2026-09-14T23:41:27.6457317Z   ✔ preview record 'appendix-index' bytes match its source file's UTF-8 byte length (0.3181ms)
cli (windows-latest)	Run pnpm --filter @openpresentation/opf test	2026-09-14T23:41:27.6458544Z   ✔ preview record 'architecture-stack' bytes match its source file's UTF-8 byte length (0.327ms)
cli (windows-latest)	Run pnpm --filter @openpresentation/opf test	2026-09-14T23:41:27.6502150Z   ✔ preview record 'assumptions-dependencies' bytes match its source file's UTF-8 byte length (0.2764ms)
cli (windows-latest)	Run pnpm --filter @openpresentation/opf test	2026-09-14T23:41:27.6509754Z   ✔ preview record 'before-after' bytes match its source file's UTF-8 byte length (0.3154ms)
cli (windows-latest)	Run pnpm --filter @openpresentation/opf test	2026-09-14T23:41:27.6511269Z   ✔ preview record 'benchmark-target-table' bytes match its source file's UTF-8 byte length (0.3485ms)
cli (windows-latest)	Run pnpm --filter @openpresentation/opf test	2026-09-14T23:41:27.6512702Z   ✔ preview record 'bullet-list' bytes match its source file's UTF-8 byte length (0.4232ms)
cli (windows-latest)	Run pnpm --filter @openpresentation/opf test	2026-09-14T23:41:27.6514012Z   ✔ preview record 'business-model-canvas' bytes match its source file's UTF-8 byte length (0.2893ms)
cli (windows-latest)	Run pnpm --filter @openpresentation/opf test	2026-09-14T23:41:27.6515723Z   ✔ preview record 'capability-map' bytes match its source file's UTF-8 byte length (0.1646ms)
cli (windows-latest)	Run pnpm --filter @openpresentation/opf test	2026-09-14T23:41:27.6517018Z   ✔ preview record 'case-study' bytes match its source file's UTF-8 byte length (0.163ms)
cli (windows-latest)	Run pnpm --filter @openpresentation/opf test	2026-09-14T23:41:27.6518285Z   ✔ preview record 'chapter-recap' bytes match its source file's UTF-8 byte length (0.1526ms)
cli (windows-latest)	Run pnpm --filter @openpresentation/opf test	2026-09-14T23:41:27.6519542Z   ✔ preview record 'circular-lifecycle' bytes match its source file's UTF-8 byte length (0.1911ms)
cli (windows-latest)	Run pnpm --filter @openpresentation/opf test	2026-09-14T23:41:27.6525880Z   ✔ preview record 'comparison' bytes match its source file's UTF-8 byte length (0.1865ms)
cli (windows-latest)	Run pnpm --filter @openpresentation/opf test	2026-09-14T23:41:27.6540277Z   ✔ preview record 'competitive-landscape' bytes match its source file's UTF-8 byte length (0.1793ms)
cli (windows-latest)	Run pnpm --filter @openpresentation/opf test	2026-09-14T23:41:27.6545856Z   ✔ preview record 'customer-journey' bytes match its source file's UTF-8 byte length (0.1793ms)
cli (windows-latest)	Run pnpm --filter @openpresentation/opf test	2026-09-14T23:41:27.6547957Z   ✔ preview record 'customer-logos' bytes match its source file's UTF-8 byte length (0.1879ms)
cli (windows-latest)	Run pnpm --filter @openpresentation/opf test	2026-09-14T23:41:27.6549827Z   ✔ preview record 'dashboard' bytes match its source file's UTF-8 byte length (0.2418ms)
cli (windows-latest)	Run pnpm --filter @openpresentation/opf test	2026-09-14T23:41:27.6550968Z   ✔ preview record 'data-visualization' bytes match its source file's UTF-8 byte length (0.2392ms)
cli (windows-latest)	Run pnpm --filter @openpresentation/opf test	2026-09-14T23:41:27.6552054Z   ✔ preview record 'decision-tree' bytes match its source file's UTF-8 byte length (0.3126ms)
cli (windows-latest)	Run pnpm --filter @openpresentation/opf test	2026-09-14T23:41:27.6553087Z   ✔ preview record 'detailed-data-table' bytes match its source file's UTF-8 byte length (0.2204ms)
cli (windows-latest)	Run pnpm --filter @openpresentation/opf test	2026-09-14T23:41:27.6554206Z   ✔ preview record 'ecosystem-map' bytes match its source file's UTF-8 byte length (0.1754ms)
cli (windows-latest)	Run pnpm --filter @openpresentation/opf test	2026-09-14T23:41:27.6555184Z   ✔ preview record 'executive-decision' bytes match its source file's UTF-8 byte length (0.1733ms)
cli (windows-latest)	Run pnpm --filter @openpresentation/opf test	2026-09-14T23:41:27.6556248Z   ✔ preview record 'executive-summary' bytes match its source file's UTF-8 byte length (0.1737ms)
cli (windows-latest)	Run pnpm --filter @openpresentation/opf test	2026-09-14T23:41:27.6557466Z   ✔ preview record 'faq' bytes match its source file's UTF-8 byte length (0.165ms)
cli (windows-latest)	Run pnpm --filter @openpresentation/opf test	2026-09-14T23:41:27.6558535Z   ✔ preview record 'feature-comparison-matrix' bytes match its source file's UTF-8 byte length (0.1845ms)
cli (windows-latest)	Run pnpm --filter @openpresentation/opf test	2026-09-14T23:41:27.6559975Z   ✔ preview record 'forecast-scenario' bytes match its source file's UTF-8 byte length (0.2794ms)
cli (windows-latest)	Run pnpm --filter @openpresentation/opf test	2026-09-14T23:41:27.6560988Z   ✔ preview record 'funnel-pyramid' bytes match its source file's UTF-8 byte length (0.2492ms)
cli (windows-latest)	Run pnpm --filter @openpresentation/opf test	2026-09-14T23:41:27.6562002Z   ✔ preview record 'gantt-project-plan' bytes match its source file's UTF-8 byte length (0.1654ms)
cli (windows-latest)	Run pnpm --filter @openpresentation/opf test	2026-09-14T23:41:27.6562968Z   ✔ preview record 'geographic-map' bytes match its source file's UTF-8 byte length (0.1335ms)
cli (windows-latest)	Run pnpm --filter @openpresentation/opf test	2026-09-14T23:41:27.6568845Z   ✔ preview record 'heatmap-cohort' bytes match its source file's UTF-8 byte length (0.1105ms)
cli (windows-latest)	Run pnpm --filter @openpresentation/opf test	2026-09-14T23:41:27.6570244Z   ✔ preview record 'hub-and-spoke' bytes match its source file's UTF-8 byte length (0.0834ms)
cli (windows-latest)	Run pnpm --filter @openpresentation/opf test	2026-09-14T23:41:27.6571290Z   ✔ preview record 'icon-grid' bytes match its source file's UTF-8 byte length (0.0769ms)
cli (windows-latest)	Run pnpm --filter @openpresentation/opf test	2026-09-14T23:41:27.6572424Z   ✔ preview record 'image-focus' bytes match its source file's UTF-8 byte length (0.0817ms)
cli (windows-latest)	Run pnpm --filter @openpresentation/opf test	2026-09-14T23:41:27.6573366Z   ✔ preview record 'key-takeaway' bytes match its source file's UTF-8 byte length (0.1287ms)
cli (windows-latest)	Run pnpm --filter @openpresentation/opf test	2026-09-14T23:41:27.6582413Z   ✔ preview record 'kpi-scorecard' bytes match its source file's UTF-8 byte length (0.2119ms)
cli (windows-latest)	Run pnpm --filter @openpresentation/opf test	2026-09-14T23:41:27.6583702Z   ✔ preview record 'logic-tree' bytes match its source file's UTF-8 byte length (0.2527ms)
cli (windows-latest)	Run pnpm --filter @openpresentation/opf test	2026-09-14T23:41:27.6585316Z   ✔ preview record 'market-size' bytes match its source file's UTF-8 byte length (0.199ms)
cli (windows-latest)	Run pnpm --filter @openpresentation/opf test	2026-09-14T23:41:27.6586496Z   ✔ preview record 'matrix-quadrant' bytes match its source file's UTF-8 byte length (0.1516ms)
cli (windows-latest)	Run pnpm --filter @openpresentation/opf test	2026-09-14T23:41:27.6587807Z   ✔ preview record 'network-dependency-map' bytes match its source file's UTF-8 byte length (0.1841ms)
cli (windows-latest)	Run pnpm --filter @openpresentation/opf test	2026-09-14T23:41:27.6589186Z   ✔ preview record 'one-column-explainer' bytes match its source file's UTF-8 byte length (0.1882ms)
cli (windows-latest)	Run pnpm --filter @openpresentation/opf test	2026-09-14T23:41:27.6590380Z   ✔ preview record 'org-chart' bytes match its source file's UTF-8 byte length (0.1635ms)
cli (windows-latest)	Run pnpm --filter @openpresentation/opf test	2026-09-14T23:41:27.6591583Z   ✔ preview record 'persona-grid' bytes match its source file's UTF-8 byte length (0.1684ms)
cli (windows-latest)	Run pnpm --filter @openpresentation/opf test	2026-09-14T23:41:27.6592707Z   ✔ preview record 'photo-grid' bytes match its source file's UTF-8 byte length (0.1662ms)
cli (windows-latest)	Run pnpm --filter @openpresentation/opf test	2026-09-14T23:41:27.6593845Z   ✔ preview record 'pricing-table' bytes match its source file's UTF-8 byte length (0.1438ms)
cli (windows-latest)	Run pnpm --filter @openpresentation/opf test	2026-09-14T23:41:27.6594889Z   ✔ preview record 'process-flow' bytes match its source file's UTF-8 byte length (0.2291ms)
cli (windows-latest)	Run pnpm --filter @openpresentation/opf test	2026-09-14T23:41:27.6595994Z   ✔ preview record 'product-feature' bytes match its source file's UTF-8 byte length (0.3231ms)
cli (windows-latest)	Run pnpm --filter @openpresentation/opf test	2026-09-14T23:41:27.6597384Z   ✔ preview record 'pros-cons' bytes match its source file's UTF-8 byte length (0.2631ms)
cli (windows-latest)	Run pnpm --filter @openpresentation/opf test	2026-09-14T23:41:27.6598454Z   ✔ preview record 'qa-discussion' bytes match its source file's UTF-8 byte length (0.2208ms)
cli (windows-latest)	Run pnpm --filter @openpresentation/opf test	2026-09-14T23:41:27.6599893Z   ✔ preview record 'quote-highlight' bytes match its source file's UTF-8 byte length (0.2036ms)
cli (windows-latest)	Run pnpm --filter @openpresentation/opf test	2026-09-14T23:41:27.6600938Z   ✔ preview record 'raci-matrix' bytes match its source file's UTF-8 byte length (0.1985ms)
cli (windows-latest)	Run pnpm --filter @openpresentation/opf test	2026-09-14T23:41:27.6601991Z   ✔ preview record 'risk-heatmap' bytes match its source file's UTF-8 byte length (0.1977ms)
cli (windows-latest)	Run pnpm --filter @openpresentation/opf test	2026-09-14T23:41:27.6603038Z   ✔ preview record 'roadmap' bytes match its source file's UTF-8 byte length (0.1832ms)
cli (windows-latest)	Run pnpm --filter @openpresentation/opf test	2026-09-14T23:41:27.6604123Z   ✔ preview record 'screenshot-walkthrough' bytes match its source file's UTF-8 byte length (0.1879ms)
cli (windows-latest)	Run pnpm --filter @openpresentation/opf test	2026-09-14T23:41:27.6605265Z   ✔ preview record 'section-divider' bytes match its source file's UTF-8 byte length (0.2136ms)
cli (windows-latest)	Run pnpm --filter @openpresentation/opf test	2026-09-14T23:41:27.6606425Z   ✔ preview record 'single-message-statement' bytes match its source file's UTF-8 byte length (0.2179ms)
cli (windows-latest)	Run pnpm --filter @openpresentation/opf test	2026-09-14T23:41:27.6607773Z   ✔ preview record 'stats-metrics' bytes match its source file's UTF-8 byte length (0.1649ms)
cli (windows-latest)	Run pnpm --filter @openpresentation/opf test	2026-09-14T23:41:27.6608828Z   ✔ preview record 'status-rag' bytes match its source file's UTF-8 byte length (0.1816ms)
cli (windows-latest)	Run pnpm --filter @openpresentation/opf test	2026-09-14T23:41:27.6609886Z   ✔ preview record 'swimlane-process' bytes match its source file's UTF-8 byte length (1.0938ms)
cli (windows-latest)	Run pnpm --filter @openpresentation/opf test	2026-09-14T23:41:27.6610966Z   ✔ preview record 'swot-analysis' bytes match its source file's UTF-8 byte length (0.2773ms)
cli (windows-latest)	Run pnpm --filter @openpresentation/opf test	2026-09-14T23:41:27.6613496Z   ✔ preview record 'team-bio' bytes match its source file's UTF-8 byte length (0.201ms)
cli (windows-latest)	Run pnpm --filter @openpresentation/opf test	2026-09-14T23:41:27.6616707Z   ✔ preview record 'testimonial-grid' bytes match its source file's UTF-8 byte length (0.19ms)
cli (windows-latest)	Run pnpm --filter @openpresentation/opf test	2026-09-14T23:41:27.6618796Z   ✔ preview record 'thank-you-cta' bytes match its source file's UTF-8 byte length (0.196ms)
cli (windows-latest)	Run pnpm --filter @openpresentation/opf test	2026-09-14T23:41:27.6620233Z   ✔ preview record 'three-column' bytes match its source file's UTF-8 byte length (0.1808ms)
cli (windows-latest)	Run pnpm --filter @openpresentation/opf test	2026-09-14T23:41:27.6626073Z   ✔ preview record 'timeline' bytes match its source file's UTF-8 byte length (0.181ms)
cli (windows-latest)	Run pnpm --filter @openpresentation/opf test	2026-09-14T23:41:27.6627177Z   ✔ preview record 'title-slide' bytes match its source file's UTF-8 byte length (0.1826ms)
cli (windows-latest)	Run pnpm --filter @openpresentation/opf test	2026-09-14T23:41:27.6628418Z   ✔ preview record 'two-column' bytes match its source file's UTF-8 byte length (0.1737ms)
cli (windows-latest)	Run pnpm --filter @openpresentation/opf test	2026-09-14T23:41:27.6629492Z   ✔ preview record 'venn-overlap' bytes match its source file's UTF-8 byte length (0.2093ms)
cli (windows-latest)	Run pnpm --filter @openpresentation/opf test	2026-09-14T23:41:27.6630608Z   ✔ preview record 'waterfall-bridge' bytes match its source file's UTF-8 byte length (0.1185ms)
cli (windows-latest)	Run pnpm --filter @openpresentation/opf test	2026-09-14T23:41:27.6631721Z   ✔ preview record 'wheel-radial' bytes match its source file's UTF-8 byte length (0.0953ms)
cli (windows-latest)	Run pnpm --filter @openpresentation/opf test	2026-09-14T23:41:27.6632578Z ✔ layoutPreviewIndex export (20.4934ms)
cli (windows-latest)	Run pnpm --filter @openpresentation/opf test	2026-09-14T23:41:27.6633223Z ▶ getLayoutPreview
cli (windows-latest)	Run pnpm --filter @openpresentation/opf test	2026-09-14T23:41:27.6633787Z   ✔ returns the HTML for a known slug (0.1397ms)
cli (windows-latest)	Run pnpm --filter @openpresentation/opf test	2026-09-14T23:41:27.6634500Z   ✔ returns undefined for a bogus slug (0.0499ms)
cli (windows-latest)	Run pnpm --filter @openpresentation/opf test	2026-09-14T23:41:27.6635173Z ✔ getLayoutPreview (0.2886ms)
cli (windows-latest)	Run pnpm --filter @openpresentation/opf test	2026-09-14T23:41:27.6635719Z ▶ hasLayoutPreview
cli (windows-latest)	Run pnpm --filter @openpresentation/opf test	2026-09-14T23:41:27.6636337Z   ✔ returns true for a known slug (0.0836ms)
cli (windows-latest)	Run pnpm --filter @openpresentation/opf test	2026-09-14T23:41:27.6637481Z   ✔ returns false for a bogus slug (0.0364ms)
cli (windows-latest)	Run pnpm --filter @openpresentation/opf test	2026-09-14T23:41:27.6638083Z ✔ hasLayoutPreview (0.2092ms)
cli (windows-latest)	Run pnpm --filter @openpresentation/opf test	2026-09-14T23:41:29.4247607Z ✔ accepted quote geometry includes all parts without changing source or re-measuring for explanations (9.1136ms)
cli (windows-latest)	Run pnpm --filter @openpresentation/opf test	2026-09-14T23:41:29.4255915Z ✔ automatic candidates account for footer fit and choose the arrangement that keeps it readable (16.7514ms)
cli (windows-latest)	Run pnpm --filter @openpresentation/opf test	2026-09-14T23:41:29.4257047Z ✔ strict ancestors reject a quote body diagnostic below the leaf path (278.7932ms)
cli (windows-latest)	Run pnpm --filter @openpresentation/opf test	2026-09-14T23:41:29.4257879Z ✔ strict path matching respects component boundaries rather than numeric prefixes (300.6037ms)
cli (windows-latest)	Run pnpm --filter @openpresentation/opf test	2026-09-14T23:41:29.4258749Z ✔ pagination preserves quote body, repeated metadata, ranges and the accepted readability floor (2041.3311ms)
cli (windows-latest)	Run pnpm --filter @openpresentation/opf test	2026-09-14T23:41:29.4259626Z ✔ irreducible footer overflow rejects pagination without mutating or returning partial content (28.946ms)
cli (windows-latest)	Run pnpm --filter @openpresentation/opf test	2026-09-14T23:41:29.4494261Z ✔ complete quote layout preserves source ranges, requested/resolved styles and legacy readable geometry (4.5077ms)
cli (windows-latest)	Run pnpm --filter @openpresentation/opf test	2026-09-14T23:41:29.4496109Z ✔ shorthand and empty metadata preserve schema paths without an invented footer (0.804ms)
cli (windows-latest)	Run pnpm --filter @openpresentation/opf test	2026-09-14T23:41:29.4497846Z ✔ body and footer share available space before shrinking text or changing the outer arrangement (13.0881ms)
cli (windows-latest)	Run pnpm --filter @openpresentation/opf test	2026-09-14T23:41:29.4499465Z ✔ long footer, body/footer collision and strict rejection remain explicit without source truncation (127.6605ms)
cli (windows-latest)	Run pnpm --filter @openpresentation/opf test	2026-09-14T23:41:29.4500629Z ✔ tiny cells retain invalid available dimensions and never measure an invented fitting box (0.3664ms)
cli (windows-latest)	Run pnpm --filter @openpresentation/opf test	2026-09-14T23:41:29.4501748Z ✔ explicit readability floors are respected after scaling, including above nominal footer size (0.4058ms)
cli (windows-latest)	Run pnpm --filter @openpresentation/opf test	2026-09-14T23:41:29.4503642Z ✔ invalid content, geometry, scales and policies fail before reporting a usable layout (0.5155ms)
cli (windows-latest)	Run pnpm --filter @openpresentation/opf test	2026-09-14T23:41:29.4504556Z ✔ plain, rich, list description, marker and table glyphs honor selected floors (8.3621ms)
cli (windows-latest)	Run pnpm --filter @openpresentation/opf test	2026-09-14T23:41:29.4506063Z ✔ short headings and nested content use the scaled floor with or without outlines (6.924ms)
cli (windows-latest)	Run pnpm --filter @openpresentation/opf test	2026-09-14T23:41:29.4508627Z ✔ irreducible content reports overflow and bounded fitting always evaluates the floor (40.4604ms)
cli (windows-latest)	Run pnpm --filter @openpresentation/opf test	2026-09-14T23:41:29.4510083Z ✔ pagination retains source and enforces the selected floor on table cells and descriptions (280.9741ms)
cli (windows-latest)	Run pnpm --filter @openpresentation/opf test	2026-09-14T23:41:29.4511350Z ✔ rich table cells and headers use canonical runs while scalar values remain valid (246.4486ms)
cli (windows-latest)	Run pnpm --filter @openpresentation/opf test	2026-09-14T23:41:29.4518949Z ✔ table overflow uses run metrics and pagination preserves whole rich cells (53.4857ms)
cli (windows-latest)	Run pnpm --filter @openpresentation/opf test	2026-09-14T23:41:29.4520569Z ▶ spec file manifest
cli (windows-latest)	Run pnpm --filter @openpresentation/opf test	2026-09-14T23:41:29.4521274Z   ✔ spec-files subpath export matches the main index's specFileEntries (0.9218ms)
cli (windows-latest)	Run pnpm --filter @openpresentation/opf test	2026-09-14T23:41:29.4522211Z   ✔ specFilePaths includes the expected canonical paths (0.2365ms)
cli (windows-latest)	Run pnpm --filter @openpresentation/opf test	2026-09-14T23:41:29.4523102Z   ✔ openapi.yaml manifest entry has the expected kind, mediaType, and packagePath (0.2118ms)
cli (windows-latest)	Run pnpm --filter @openpresentation/opf test	2026-09-14T23:41:29.4523966Z ✔ spec file manifest (3.2013ms)
cli (windows-latest)	Run pnpm --filter @openpresentation/opf test	2026-09-14T23:41:29.4524451Z ▶ dist/spec assets
cli (windows-latest)	Run pnpm --filter @openpresentation/opf test	2026-09-14T23:41:29.4525112Z   ✔ dist/spec ships openapi.yaml, the presentation schema, and the layouts catalog index (0.5363ms)
cli (windows-latest)	Run pnpm --filter @openpresentation/opf test	2026-09-14T23:41:29.4526036Z   ✔ dist/spec/openapi.yaml starts with an 'openapi:' declaration (0.5881ms)
cli (windows-latest)	Run pnpm --filter @openpresentation/opf test	2026-09-14T23:41:29.4526748Z   ✔ dist/spec/schemas/opf.schema.json $id matches the exported presentation schema's $id (1.9513ms)
cli (windows-latest)	Run pnpm --filter @openpresentation/opf test	2026-09-14T23:41:29.4527362Z ✔ dist/spec assets (3.5342ms)
cli (windows-latest)	Run pnpm --filter @openpresentation/opf test	2026-09-14T23:41:29.4527850Z ✔ styled values coexist with scalar, rich, empty and merged header cells (253.129ms)
cli (windows-latest)	Run pnpm --filter @openpresentation/opf test	2026-09-14T23:41:29.4528455Z ✔ schema rejects ambiguous values and unsupported style properties (6.2151ms)
cli (windows-latest)	Run pnpm --filter @openpresentation/opf test	2026-09-14T23:41:29.4529133Z ✔ spans reject hidden content, missing covered positions, overlap and header crossing (5.7525ms)
cli (windows-latest)	Run pnpm --filter @openpresentation/opf test	2026-09-14T23:41:29.4529759Z ✔ span rectangles preserve dense column indexes and editable value paths (7.9014ms)
cli (windows-latest)	Run pnpm --filter @openpresentation/opf test	2026-09-14T23:41:29.4530366Z ✔ vertical alignment and padding use the full merged rectangle (1.3483ms)
cli (windows-latest)	Run pnpm --filter @openpresentation/opf test	2026-09-14T23:41:29.4530964Z ✔ staggered vertical merges reserve enough space for every anchor (0.9911ms)
cli (windows-latest)	Run pnpm --filter @openpresentation/opf test	2026-09-14T23:41:29.4532014Z ✔ pagination preserves vertical merge groups, rich styles, headers and source ranges (32.988ms)
cli (windows-latest)	Run pnpm --filter @openpresentation/opf test	2026-09-14T23:41:29.4532801Z ✔ overlapping merge groups are atomic, and oversized groups fail without partial output (3.1836ms)
cli (windows-latest)	Run pnpm --filter @openpresentation/opf test	2026-09-14T23:41:29.4533872Z ✔ short table rows preserve baseline geometry and missing cells (2.9905ms)
cli (windows-latest)	Run pnpm --filter @openpresentation/opf test	2026-09-14T23:41:29.4534882Z ✔ wrapped and rich multiline rows grow into available space (6.2589ms)
cli (windows-latest)	Run pnpm --filter @openpresentation/opf test	2026-09-14T23:41:29.4535583Z ✔ constrained tables consume spare row height before reporting real overflow (0.7621ms)
cli (windows-latest)	Run pnpm --filter @openpresentation/opf test	2026-09-14T23:41:29.4536451Z ✔ readability settings and mixed-font metrics govern row fitting (1.253ms)
cli (windows-latest)	Run pnpm --filter @openpresentation/opf test	2026-09-14T23:41:29.4537193Z ✔ pagination retains complete multiline rows and repeated headers (284.6405ms)
cli (windows-latest)	Run pnpm --filter @openpresentation/opf test	2026-09-14T23:41:29.4537814Z ✔ mixed-size table paragraphs reserve the native uniform line spacing (0.4356ms)
cli (windows-latest)	Run pnpm --filter @openpresentation/opf test	2026-09-14T23:41:29.4538683Z ✔ spare height in short rows is removed before any font shrinking (0.3322ms)
cli (windows-latest)	Run pnpm --filter @openpresentation/opf test	2026-09-14T23:41:29.4539268Z ✔ optional outline providers distinguish unknown measurement from no ink (2.687ms)
cli (windows-latest)	Run pnpm --filter @openpresentation/opf test	2026-09-14T23:41:29.4539981Z ✔ shared placement respects alignment and contains negative bearings and right overhangs (0.9626ms)
cli (windows-latest)	Run pnpm --filter @openpresentation/opf test	2026-09-14T23:41:29.4540609Z ✔ tall outlines move following baselines as a group without intersecting (0.1873ms)
cli (windows-latest)	Run pnpm --filter @openpresentation/opf test	2026-09-14T23:41:29.4541252Z ✔ missing ink preserves empty lines; irreducible width or height remains overflow (0.15ms)
cli (windows-latest)	Run pnpm --filter @openpresentation/opf test	2026-09-14T23:41:29.4541891Z ✔ malformed placements and providers reject invalid numeric claims (0.714ms)
cli (windows-latest)	Run pnpm --filter @openpresentation/opf test	2026-09-14T23:41:29.4542516Z ✔ composition preserves width-only behavior and exposes the actual outline policy (4.0397ms)
cli (windows-latest)	Run pnpm --filter @openpresentation/opf test	2026-09-14T23:41:29.4543191Z ✔ outline failures participate in bounded fitting, candidate scores and strict errors (1.6568ms)
cli (windows-latest)	Run pnpm --filter @openpresentation/opf test	2026-09-14T23:41:29.4544072Z ✔ presentation pagination forwards outline padding and effective title alignment (260.4572ms)
cli (windows-latest)	Run pnpm --filter @openpresentation/opf test	2026-09-14T23:41:29.4544722Z ✔ invalid outline coordinates fail instead of silently claiming fit (0.7505ms)
cli (windows-latest)	Run pnpm --filter @openpresentation/opf test	2026-09-14T23:41:29.4545406Z ✔ timeline parts keep exact array/object source paths, whitespace, selected floors and outlined ink (13.3901ms)
cli (windows-latest)	Run pnpm --filter @openpresentation/opf test	2026-09-14T23:41:29.4546156Z ✔ timeline tries a vertical arrangement before accepting unreadable narrow labels (1.2753ms)
cli (windows-latest)	Run pnpm --filter @openpresentation/opf test	2026-09-14T23:41:29.4546874Z ✔ timeline rejects irreducible fields and invalid inputs with bounded attempts and source diagnostics (12.4586ms)
cli (windows-latest)	Run pnpm --filter @openpresentation/opf test	2026-09-14T23:41:29.4547637Z ✔ composition measures nested timelines and pagination preserves atomic event order and metadata (309.4281ms)
cli (windows-latest)	Run pnpm --filter @openpresentation/opf test	2026-09-14T23:41:29.4548255Z ▶ basic presentation validation entry points
cli (windows-latest)	Run pnpm --filter @openpresentation/opf test	2026-09-14T23:41:29.4548714Z   ✔ well-formed presentation validates via validatePresentation (240.2297ms)
cli (windows-latest)	Run pnpm --filter @openpresentation/opf test	2026-09-14T23:41:29.4549336Z   ✔ well-formed presentation validates via validate(doc, 'presentation') (0.379ms)
cli (windows-latest)	Run pnpm --filter @openpresentation/opf test	2026-09-14T23:41:29.4549899Z   ✔ well-formed presentation passes assertValid without throwing (0.5191ms)
cli (windows-latest)	Run pnpm --filter @openpresentation/opf test	2026-09-14T23:41:29.4550425Z ✔ basic presentation validation entry points (242.5118ms)
cli (windows-latest)	Run pnpm --filter @openpresentation/opf test	2026-09-14T23:41:29.4550881Z ▶ presentation shapes that must validate
cli (windows-latest)	Run pnpm --filter @openpresentation/opf test	2026-09-14T23:41:29.4551220Z   ✔ Root Payload (1.2132ms)
cli (windows-latest)	Run pnpm --filter @openpresentation/opf test	2026-09-14T23:41:29.4551557Z   ✔ Array Metadata (0.4382ms)
cli (windows-latest)	Run pnpm --filter @openpresentation/opf test	2026-09-14T23:41:29.4551881Z   ✔ Slide Design (4.0428ms)
cli (windows-latest)	Run pnpm --filter @openpresentation/opf test	2026-09-14T23:41:29.4552210Z   ✔ Inline Language (0.357ms)
cli (windows-latest)	Run pnpm --filter @openpresentation/opf test	2026-09-14T23:41:29.4552556Z   ✔ Inline Audience Purpose Tone (1.2337ms)
cli (windows-latest)	Run pnpm --filter @openpresentation/opf test	2026-09-14T23:41:29.4552948Z   ✔ Columns (3.7666ms)
cli (windows-latest)	Run pnpm --filter @openpresentation/opf test	2026-09-14T23:41:29.4553532Z   ✔ Rows (1.2903ms)
cli (windows-latest)	Run pnpm --filter @openpresentation/opf test	2026-09-14T23:41:29.4553892Z   ✔ Chart And Table Objects (1.6572ms)
cli (windows-latest)	Run pnpm --filter @openpresentation/opf test	2026-09-14T23:41:29.4554271Z   ✔ Chart Data Source (0.4438ms)
cli (windows-latest)	Run pnpm --filter @openpresentation/opf test	2026-09-14T23:41:29.4554622Z   ✔ Grid (0.397ms)
cli (windows-latest)	Run pnpm --filter @openpresentation/opf test	2026-09-14T23:41:29.4554899Z   ✔ Blocks (0.6166ms)
cli (windows-latest)	Run pnpm --filter @openpresentation/opf test	2026-09-14T23:41:29.4555189Z   ✔ Rich Text (0.3169ms)
cli (windows-latest)	Run pnpm --filter @openpresentation/opf test	2026-09-14T23:41:29.4555520Z   ✔ Bullets (1.0717ms)
cli (windows-latest)	Run pnpm --filter @openpresentation/opf test	2026-09-14T23:41:29.4555858Z   ✔ Media Source String Forms (2.1666ms)
cli (windows-latest)	Run pnpm --filter @openpresentation/opf test	2026-09-14T23:41:29.4556189Z   ✔ Code Block (0.1536ms)
cli (windows-latest)	Run pnpm --filter @openpresentation/opf test	2026-09-14T23:41:29.4556565Z   ✔ Metric Quote Timeline (0.6617ms)
cli (windows-latest)	Run pnpm --filter @openpresentation/opf test	2026-09-14T23:41:29.4556914Z   ✔ Implicit Text List Blocks (0.1408ms)
cli (windows-latest)	Run pnpm --filter @openpresentation/opf test	2026-09-14T23:41:29.4557294Z   ✔ Implicit Text Bullets List Blocks (0.2232ms)
cli (windows-latest)	Run pnpm --filter @openpresentation/opf test	2026-09-14T23:41:29.4557726Z   ✔ Implicit Mixed Content Blocks (0.226ms)
cli (windows-latest)	Run pnpm --filter @openpresentation/opf test	2026-09-14T23:41:29.4558066Z   ✔ Singular Audience Text (0.1594ms)
cli (windows-latest)	Run pnpm --filter @openpresentation/opf test	2026-09-14T23:41:29.4558495Z ✔ presentation shapes that must validate (21.7703ms)
cli (windows-latest)	Run pnpm --filter @openpresentation/opf test	2026-09-14T23:41:29.4558937Z ▶ presentation shapes that must be rejected
cli (windows-latest)	Run pnpm --filter @openpresentation/opf test	2026-09-14T23:41:29.4559275Z   ✔ Overlap (1.0342ms)
cli (windows-latest)	Run pnpm --filter @openpresentation/opf test	2026-09-14T23:41:29.4559560Z   ✔ Bad Span (0.2336ms)
cli (windows-latest)	Run pnpm --filter @openpresentation/opf test	2026-09-14T23:41:29.4559969Z   ✔ Root Title (root-level "title" field is rejected) (0.1418ms)
cli (windows-latest)	Run pnpm --filter @openpresentation/opf test	2026-09-14T23:41:29.4560387Z   ✔ Unknown Slide Field (0.1138ms)
cli (windows-latest)	Run pnpm --filter @openpresentation/opf test	2026-09-14T23:41:29.4560723Z   ✔ Mixed Root And Regions (0.1532ms)
cli (windows-latest)	Run pnpm --filter @openpresentation/opf test	2026-09-14T23:41:29.4561117Z   ✔ Missing List Items (0.1158ms)
cli (windows-latest)	Run pnpm --filter @openpresentation/opf test	2026-09-14T23:41:29.4561454Z   ✔ Missing Image Source (0.1253ms)
cli (windows-latest)	Run pnpm --filter @openpresentation/opf test	2026-09-14T23:41:29.4561978Z   ✔ Missing Video Source (0.0779ms)
cli (windows-latest)	Run pnpm --filter @openpresentation/opf test	2026-09-14T23:41:29.4562364Z   ✔ Missing Chart Payload (0.0772ms)
cli (windows-latest)	Run pnpm --filter @openpresentation/opf test	2026-09-14T23:41:29.4562695Z   ✔ Missing Chart Data (0.1302ms)
cli (windows-latest)	Run pnpm --filter @openpresentation/opf test	2026-09-14T23:41:29.4563073Z   ✔ Old Chart Data Shape Rejected (0.2623ms)
cli (windows-latest)	Run pnpm --filter @openpresentation/opf test	2026-09-14T23:41:29.4563464Z   ✔ Missing Table Payload (0.1274ms)
cli (windows-latest)	Run pnpm --filter @openpresentation/opf test	2026-09-14T23:41:29.4563811Z   ✔ Removed Loose Chart Fields (0.1277ms)
cli (windows-latest)	Run pnpm --filter @openpresentation/opf test	2026-09-14T23:41:29.4564162Z   ✔ Removed Loose Table Fields (0.1436ms)
cli (windows-latest)	Run pnpm --filter @openpresentation/opf test	2026-09-14T23:41:29.4564546Z   ✔ Removed Table Headers Field (0.3029ms)
cli (windows-latest)	Run pnpm --filter @openpresentation/opf test	2026-09-14T23:41:29.4564931Z   ✔ Removed Chart Data Asset Field (0.1567ms)
cli (windows-latest)	Run pnpm --filter @openpresentation/opf test	2026-09-14T23:41:29.4565281Z   ✔ Image Array Rejected (0.1384ms)
cli (windows-latest)	Run pnpm --filter @openpresentation/opf test	2026-09-14T23:41:29.4565663Z   ✔ Video Array Rejected (0.1766ms)
cli (windows-latest)	Run pnpm --filter @openpresentation/opf test	2026-09-14T23:41:29.4565996Z   ✔ Missing Asset Src (0.1561ms)
cli (windows-latest)	Run pnpm --filter @openpresentation/opf test	2026-09-14T23:41:29.4566325Z   ✔ Removed Asset Type Field (0.328ms)
cli (windows-latest)	Run pnpm --filter @openpresentation/opf test	2026-09-14T23:41:29.4566832Z   ✔ Missing List Item Text (0.2537ms)
cli (windows-latest)	Run pnpm --filter @openpresentation/opf test	2026-09-14T23:41:29.4567183Z   ✔ Bullet Description Rejected (0.2221ms)
cli (windows-latest)	Run pnpm --filter @openpresentation/opf test	2026-09-14T23:41:29.4567553Z   ✔ Removed Runs Field (0.2508ms)
cli (windows-latest)	Run pnpm --filter @openpresentation/opf test	2026-09-14T23:41:29.4567921Z   ✔ Removed Src Field (0.2072ms)
cli (windows-latest)	Run pnpm --filter @openpresentation/opf test	2026-09-14T23:41:29.4568263Z   ✔ Renamed Design Overrides (0.1665ms)
cli (windows-latest)	Run pnpm --filter @openpresentation/opf test	2026-09-14T23:41:29.4568641Z   ✔ Removed Loose Code Language Field (0.1589ms)
cli (windows-latest)	Run pnpm --filter @openpresentation/opf test	2026-09-14T23:41:29.4569036Z   ✔ Missing Code Source (0.137ms)
cli (windows-latest)	Run pnpm --filter @openpresentation/opf test	2026-09-14T23:41:29.4569385Z   ✔ Missing Metric Payload (0.0937ms)
cli (windows-latest)	Run pnpm --filter @openpresentation/opf test	2026-09-14T23:41:29.4569731Z   ✔ Missing Metric Value (0.2058ms)
cli (windows-latest)	Run pnpm --filter @openpresentation/opf test	2026-09-14T23:41:29.4570121Z   ✔ Removed Loose Metric Fields (0.1937ms)
cli (windows-latest)	Run pnpm --filter @openpresentation/opf test	2026-09-14T23:41:29.4570468Z   ✔ Missing Quote Payload (0.1276ms)
cli (windows-latest)	Run pnpm --filter @openpresentation/opf test	2026-09-14T23:41:29.4570791Z   ✔ Missing Quote Text (0.1577ms)
cli (windows-latest)	Run pnpm --filter @openpresentation/opf test	2026-09-14T23:41:29.4571181Z   ✔ Removed Loose Quote Fields (0.2141ms)
cli (windows-latest)	Run pnpm --filter @openpresentation/opf test	2026-09-14T23:41:29.4571516Z   ✔ Missing Timeline Payload (0.1731ms)
cli (windows-latest)	Run pnpm --filter @openpresentation/opf test	2026-09-14T23:41:29.4571891Z   ✔ Missing Timeline Event What (0.1758ms)
cli (windows-latest)	Run pnpm --filter @openpresentation/opf test	2026-09-14T23:41:29.4572297Z   ✔ Removed Loose Events Field (0.1193ms)
cli (windows-latest)	Run pnpm --filter @openpresentation/opf test	2026-09-14T23:41:29.4572663Z   ✔ Removed Placeholder Type (0.1047ms)
cli (windows-latest)	Run pnpm --filter @openpresentation/opf test	2026-09-14T23:41:29.4573007Z   ✔ Removed Prompt Field (0.2036ms)
cli (windows-latest)	Run pnpm --filter @openpresentation/opf test	2026-09-14T23:41:29.4573382Z   ✔ Removed Expected Type Field (0.1201ms)
cli (windows-latest)	Run pnpm --filter @openpresentation/opf test	2026-09-14T23:41:29.4574495Z   ✔ Removed Group Type (0.2107ms)
cli (windows-latest)	Run pnpm --filter @openpresentation/opf test	2026-09-14T23:41:29.4584210Z   ✔ Removed Children Field (0.1271ms)
cli (windows-latest)	Run pnpm --filter @openpresentation/opf test	2026-09-14T23:41:29.4584714Z   ✔ Nested Blocks Field (0.2647ms)
cli (windows-latest)	Run pnpm --filter @openpresentation/opf test	2026-09-14T23:41:29.4585111Z   ✔ Removed Shape Type (0.1295ms)
cli (windows-latest)	Run pnpm --filter @openpresentation/opf test	2026-09-14T23:41:29.4585552Z   ✔ Removed Shape Field (0.119ms)
cli (windows-latest)	Run pnpm --filter @openpresentation/opf test	2026-09-14T23:41:29.4586008Z   ✔ Explicit Type Mixed Payload Kinds (0.1487ms)
cli (windows-latest)	Run pnpm --filter @openpresentation/opf test	2026-09-14T23:41:29.4586459Z   ✔ Region Mixed Payload Kinds (0.1694ms)
cli (windows-latest)	Run pnpm --filter @openpresentation/opf test	2026-09-14T23:41:29.4587044Z   ✔ Incomplete Language (0.1711ms)
cli (windows-latest)	Run pnpm --filter @openpresentation/opf test	2026-09-14T23:41:29.4587433Z   ✔ Incomplete Audience (0.2116ms)
cli (windows-latest)	Run pnpm --filter @openpresentation/opf test	2026-09-14T23:41:29.4587871Z   ✔ Incomplete Purpose (0.1485ms)
cli (windows-latest)	Run pnpm --filter @openpresentation/opf test	2026-09-14T23:41:29.4588252Z   ✔ Incomplete Tone (0.1394ms)
cli (windows-latest)	Run pnpm --filter @openpresentation/opf test	2026-09-14T23:41:29.4588646Z   ✔ Invalid UK English Tag (0.1125ms)
cli (windows-latest)	Run pnpm --filter @openpresentation/opf test	2026-09-14T23:41:29.4589106Z   ✔ Fractional Duration (0.073ms)
cli (windows-latest)	Run pnpm --filter @openpresentation/opf test	2026-09-14T23:41:29.4589905Z ✔ presentation shapes that must be rejected (11.0705ms)
cli (windows-latest)	Run pnpm --filter @openpresentation/opf test	2026-09-14T23:41:29.4590541Z ▶ catalog-id warning behavior
cli (windows-latest)	Run pnpm --filter @openpresentation/opf test	2026-09-14T23:41:29.4591593Z   ✔ unknown narrative id warns but does not invalidate (0.6854ms)
cli (windows-latest)	Run pnpm --filter @openpresentation/opf test	2026-09-14T23:41:29.4592255Z   ✔ known narrative id produces no warnings (0.0863ms)
cli (windows-latest)	Run pnpm --filter @openpresentation/opf test	2026-09-14T23:41:29.4593029Z   ✔ object-form narrative with unknown id is a custom inline narrative, not a broken reference (0.0734ms)
cli (windows-latest)	Run pnpm --filter @openpresentation/opf test	2026-09-14T23:41:29.4593853Z   ✔ unknown design references warn at their respective paths (1.1727ms)
cli (windows-latest)	Run pnpm --filter @openpresentation/opf test	2026-09-14T23:41:29.4594511Z   ✔ unknown chart type id warns at the chart type path (0.2011ms)
cli (windows-latest)	Run pnpm --filter @openpresentation/opf test	2026-09-14T23:41:29.4595319Z   ✔ inline catalog record legitimizes an id the bundled catalogs don't know (0.4018ms)
cli (windows-latest)	Run pnpm --filter @openpresentation/opf test	2026-09-14T23:41:29.4596098Z   ✔ custom catalog source legitimizes an id the bundled catalogs don't know (0.1023ms)
cli (windows-latest)	Run pnpm --filter @openpresentation/opf test	2026-09-14T23:41:29.4596749Z ✔ catalog-id warning behavior (2.9113ms)
cli (windows-latest)	Run pnpm --filter @openpresentation/opf test	2026-09-14T23:41:30.5585678Z ✔ Windows package invocation preserves literal arguments and ignores the other manager (81.0244ms)
cli (windows-latest)	Run pnpm --filter @openpresentation/opf test	2026-09-14T23:41:30.5587013Z ✔ local package links build through real npm and can replace existing junctions (1537.6316ms)
cli (windows-latest)	Run pnpm --filter @openpresentation/opf test	2026-09-14T23:41:30.6252872Z ✔ local linking refuses a node_modules parent that resolves outside its checkout (67.0111ms)
cli (windows-latest)	Run pnpm --filter @openpresentation/opf test	2026-09-14T23:41:30.6370298Z ℹ tests 508
cli (windows-latest)	Run pnpm --filter @openpresentation/opf test	2026-09-14T23:41:30.6370796Z ℹ suites 20
cli (windows-latest)	Run pnpm --filter @openpresentation/opf test	2026-09-14T23:41:30.6371108Z ℹ pass 508
cli (windows-latest)	Run pnpm --filter @openpresentation/opf test	2026-09-14T23:41:30.6371407Z ℹ fail 0
cli (windows-latest)	Run pnpm --filter @openpresentation/opf test	2026-09-14T23:41:30.6371931Z ℹ cancelled 0
cli (windows-latest)	Run pnpm --filter @openpresentation/opf test	2026-09-14T23:41:30.6372260Z ℹ skipped 0
cli (windows-latest)	Run pnpm --filter @openpresentation/opf test	2026-09-14T23:41:30.6372546Z ℹ todo 0
cli (windows-latest)	Run pnpm --filter @openpresentation/opf test	2026-09-14T23:41:30.6372915Z ℹ duration_ms 7465.6286
cli (windows-latest)	Run pnpm --filter @openpresentation/opf test	2026-09-14T23:41:32.3589796Z Composition: geometry, preservation, responsive grids, weights, regions, diagnostics and schemas passed.
cli (windows-latest)	Run pnpm --filter @openpresentation/opf test	2026-09-14T23:41:33.0481873Z Nested groups: containment, source paths, region composition, inheritance, strict overflow and depth guards passed.
cli (windows-latest)	Run pnpm --filter @openpresentation/opf test	2026-09-14T23:41:34.0006983Z Pagination: exact text/rich-run preservation, groups, lists, tables, regions, mappings, IDs, limits and fit passed.
cli (windows-latest)	Run pnpm --filter @openpresentation/opf test	2026-09-14T23:41:34.4088197Z Data import passed 40 parsing, preservation, mapping, and error checks.
cli (windows-latest)	Run pnpm --filter @openpresentation/opf test	2026-09-14T23:41:34.4934594Z Rich text passed 16 shared-layout checks.
cli (windows-latest)	Run pnpm --filter @openpresentation/opf test	2026-09-14T23:41:34.8579722Z Lists passed: rich runs, descriptions, nesting, hanging indents, consistent shrink, source paths, Unicode, overflow and exact pagination.
cli (windows-latest)	Run node packages/javascript/test/packed-install-smoke.mjs	﻿2026-09-14T23:41:34.9913010Z ##[group]Run node packages/javascript/test/packed-install-smoke.mjs
cli (windows-latest)	Run node packages/javascript/test/packed-install-smoke.mjs	2026-09-14T23:41:34.9913746Z ^[[36;1mnode packages/javascript/test/packed-install-smoke.mjs^[[0m
cli (windows-latest)	Run node packages/javascript/test/packed-install-smoke.mjs	2026-09-14T23:41:34.9970345Z shell: C:\Program Files\PowerShell\7\pwsh.EXE -command ". '{0}'"
cli (windows-latest)	Run node packages/javascript/test/packed-install-smoke.mjs	2026-09-14T23:41:34.9970794Z env:
cli (windows-latest)	Run node packages/javascript/test/packed-install-smoke.mjs	2026-09-14T23:41:34.9971171Z   PNPM_HOME: C:\Users\runneradmin\setup-pnpm\node_modules\.bin
cli (windows-latest)	Run node packages/javascript/test/packed-install-smoke.mjs	2026-09-14T23:41:34.9971583Z ##[endgroup]
cli (windows-latest)	Run node packages/javascript/test/packed-install-smoke.mjs	2026-09-14T23:42:25.5547335Z Packed TypeScript 5.9/7 consumers passed: 13 exports, NodeNext/Bundler, published renderer/editor/PPTX.
cli (windows-latest)	Run node packages/javascript/test/packed-install-smoke.mjs	2026-09-14T23:42:26.7851679Z ✔ complete quote layout preserves source ranges, requested/resolved styles and legacy readable geometry (3.1779ms)
cli (windows-latest)	Run node packages/javascript/test/packed-install-smoke.mjs	2026-09-14T23:42:26.7852752Z ✔ shorthand and empty metadata preserve schema paths without an invented footer (0.5571ms)
cli (windows-latest)	Run node packages/javascript/test/packed-install-smoke.mjs	2026-09-14T23:42:26.7853640Z ✔ body and footer share available space before shrinking text or changing the outer arrangement (10.1238ms)
cli (windows-latest)	Run node packages/javascript/test/packed-install-smoke.mjs	2026-09-14T23:42:26.7854575Z ✔ long footer, body/footer collision and strict rejection remain explicit without source truncation (76.9223ms)
cli (windows-latest)	Run node packages/javascript/test/packed-install-smoke.mjs	2026-09-14T23:42:26.7856133Z ✔ tiny cells retain invalid available dimensions and never measure an invented fitting box (0.2424ms)
cli (windows-latest)	Run node packages/javascript/test/packed-install-smoke.mjs	2026-09-14T23:42:26.7857462Z ✔ explicit readability floors are respected after scaling, including above nominal footer size (0.2629ms)
cli (windows-latest)	Run node packages/javascript/test/packed-install-smoke.mjs	2026-09-14T23:42:26.7858610Z ✔ invalid content, geometry, scales and policies fail before reporting a usable layout (0.3648ms)
cli (windows-latest)	Run node packages/javascript/test/packed-install-smoke.mjs	2026-09-14T23:42:26.7859361Z ℹ tests 7
cli (windows-latest)	Run node packages/javascript/test/packed-install-smoke.mjs	2026-09-14T23:42:26.7859708Z ℹ suites 0
cli (windows-latest)	Run node packages/javascript/test/packed-install-smoke.mjs	2026-09-14T23:42:26.7859987Z ℹ pass 7
cli (windows-latest)	Run node packages/javascript/test/packed-install-smoke.mjs	2026-09-14T23:42:26.7860240Z ℹ fail 0
cli (windows-latest)	Run node packages/javascript/test/packed-install-smoke.mjs	2026-09-14T23:42:26.7860527Z ℹ cancelled 0
cli (windows-latest)	Run node packages/javascript/test/packed-install-smoke.mjs	2026-09-14T23:42:26.7860818Z ℹ skipped 0
cli (windows-latest)	Run node packages/javascript/test/packed-install-smoke.mjs	2026-09-14T23:42:26.7861077Z ℹ todo 0
cli (windows-latest)	Run node packages/javascript/test/packed-install-smoke.mjs	2026-09-14T23:42:26.7861549Z ℹ duration_ms 185.5384
cli (windows-latest)	Run node packages/javascript/test/packed-install-smoke.mjs	2026-09-14T23:42:28.5917371Z ✔ accepted quote geometry includes all parts without changing source or re-measuring for explanations (5.5469ms)
cli (windows-latest)	Run node packages/javascript/test/packed-install-smoke.mjs	2026-09-14T23:42:28.5918625Z ✔ automatic candidates account for footer fit and choose the arrangement that keeps it readable (8.6719ms)
cli (windows-latest)	Run node packages/javascript/test/packed-install-smoke.mjs	2026-09-14T23:42:28.5919386Z ✔ strict ancestors reject a quote body diagnostic below the leaf path (170.5244ms)
cli (windows-latest)	Run node packages/javascript/test/packed-install-smoke.mjs	2026-09-14T23:42:28.5920222Z ✔ strict path matching respects component boundaries rather than numeric prefixes (165.5587ms)
cli (windows-latest)	Run node packages/javascript/test/packed-install-smoke.mjs	2026-09-14T23:42:28.5921019Z ✔ pagination preserves quote body, repeated metadata, ranges and the accepted readability floor (1220.47ms)
cli (windows-latest)	Run node packages/javascript/test/packed-install-smoke.mjs	2026-09-14T23:42:28.5922155Z ✔ irreducible footer overflow rejects pagination without mutating or returning partial content (26.5153ms)
cli (windows-latest)	Run node packages/javascript/test/packed-install-smoke.mjs	2026-09-14T23:42:28.5922704Z ℹ tests 6
cli (windows-latest)	Run node packages/javascript/test/packed-install-smoke.mjs	2026-09-14T23:42:28.5922957Z ℹ suites 0
cli (windows-latest)	Run node packages/javascript/test/packed-install-smoke.mjs	2026-09-14T23:42:28.5923228Z ℹ pass 6
cli (windows-latest)	Run node packages/javascript/test/packed-install-smoke.mjs	2026-09-14T23:42:28.5923507Z ℹ fail 0
cli (windows-latest)	Run node packages/javascript/test/packed-install-smoke.mjs	2026-09-14T23:42:28.5923779Z ℹ cancelled 0
cli (windows-latest)	Run node packages/javascript/test/packed-install-smoke.mjs	2026-09-14T23:42:28.5924088Z ℹ skipped 0
cli (windows-latest)	Run node packages/javascript/test/packed-install-smoke.mjs	2026-09-14T23:42:28.5924479Z ℹ todo 0
cli (windows-latest)	Run node packages/javascript/test/packed-install-smoke.mjs	2026-09-14T23:42:28.5924764Z ℹ duration_ms 1753.7269
cli (windows-latest)	Run node packages/javascript/test/packed-install-smoke.mjs	2026-09-14T23:42:28.8308322Z ✔ complete code parts preserve exact filename, language, body, whitespace and hard line boundaries (3.7482ms)
cli (windows-latest)	Run node packages/javascript/test/packed-install-smoke.mjs	2026-09-14T23:42:28.8309761Z ✔ shorthand, empty source and absent metadata retain their source and generated-label distinction (0.6769ms)
cli (windows-latest)	Run node packages/javascript/test/packed-install-smoke.mjs	2026-09-14T23:42:28.8310951Z ✔ long language labels and filenames are measured within their cell before allocating the body (6.0523ms)
cli (windows-latest)	Run node packages/javascript/test/packed-install-smoke.mjs	2026-09-14T23:42:28.8313053Z ✔ wrapped whitespace and graphemes retain contiguous source offsets, including CRLF and blank final lines (1.023ms)
cli (windows-latest)	Run node packages/javascript/test/packed-install-smoke.mjs	2026-09-14T23:42:28.8314987Z ✔ tabs use measured space stops and never send control tabs to the font-width provider (0.9896ms)
cli (windows-latest)	Run node packages/javascript/test/packed-install-smoke.mjs	2026-09-14T23:42:28.8315814Z ✔ readability floors scale once and body shrinking preserves all code content (0.5931ms)
cli (windows-latest)	Run node packages/javascript/test/packed-install-smoke.mjs	2026-09-14T23:42:28.8316756Z ✔ irreducible body and metadata failures remain explicit; strict mode does not return partial output (6.9803ms)
cli (windows-latest)	Run node packages/javascript/test/packed-install-smoke.mjs	2026-09-14T23:42:28.8317761Z ✔ invalid inner boxes never become invented one-pixel fits; malformed options reject (0.5311ms)
cli (windows-latest)	Run node packages/javascript/test/packed-install-smoke.mjs	2026-09-14T23:42:28.8318638Z ✔ font trials stay bounded independently of canvas scale (12.0031ms)
cli (windows-latest)	Run node packages/javascript/test/packed-install-smoke.mjs	2026-09-14T23:42:28.8320929Z ℹ tests 9
cli (windows-latest)	Run node packages/javascript/test/packed-install-smoke.mjs	2026-09-14T23:42:28.8321234Z ℹ suites 0
cli (windows-latest)	Run node packages/javascript/test/packed-install-smoke.mjs	2026-09-14T23:42:28.8321514Z ℹ pass 9
cli (windows-latest)	Run node packages/javascript/test/packed-install-smoke.mjs	2026-09-14T23:42:28.8321765Z ℹ fail 0
cli (windows-latest)	Run node packages/javascript/test/packed-install-smoke.mjs	2026-09-14T23:42:28.8322071Z ℹ cancelled 0
cli (windows-latest)	Run node packages/javascript/test/packed-install-smoke.mjs	2026-09-14T23:42:28.8322334Z ℹ skipped 0
cli (windows-latest)	Run node packages/javascript/test/packed-install-smoke.mjs	2026-09-14T23:42:28.8322578Z ℹ todo 0
cli (windows-latest)	Run node packages/javascript/test/packed-install-smoke.mjs	2026-09-14T23:42:28.8322863Z ℹ duration_ms 186.8539
cli (windows-latest)	Run node packages/javascript/test/packed-install-smoke.mjs	2026-09-14T23:42:29.6013907Z ✔ accepted code uses rounded cells and preserves body compatibility without repeated explanation measurements (5.8673ms)
cli (windows-latest)	Run node packages/javascript/test/packed-install-smoke.mjs	2026-09-14T23:42:29.6015570Z ✔ candidate penalties include complete code metadata and charge overflowing leaves once (10.8455ms)
cli (windows-latest)	Run node packages/javascript/test/packed-install-smoke.mjs	2026-09-14T23:42:29.6016817Z ✔ strict ancestors reject code metadata paths and cannot be weakened by descendants (165.3162ms)
cli (windows-latest)	Run node packages/javascript/test/packed-install-smoke.mjs	2026-09-14T23:42:29.6017689Z ✔ explicit code placement and weights remain authoritative even when metadata overflows (9.3606ms)
cli (windows-latest)	Run node packages/javascript/test/packed-install-smoke.mjs	2026-09-14T23:42:29.6018863Z ✔ pagination preserves exact code bytes, metadata, ranges and floors across wide and portrait slides (226.2817ms)
cli (windows-latest)	Run node packages/javascript/test/packed-install-smoke.mjs	2026-09-14T23:42:29.6019839Z ✔ irreducible code metadata rejects pagination even after earlier content or with an empty body (144.1326ms)
cli (windows-latest)	Run node packages/javascript/test/packed-install-smoke.mjs	2026-09-14T23:42:29.6020518Z ℹ tests 6
cli (windows-latest)	Run node packages/javascript/test/packed-install-smoke.mjs	2026-09-14T23:42:29.6020919Z ℹ suites 0
cli (windows-latest)	Run node packages/javascript/test/packed-install-smoke.mjs	2026-09-14T23:42:29.6021257Z ℹ pass 6
cli (windows-latest)	Run node packages/javascript/test/packed-install-smoke.mjs	2026-09-14T23:42:29.6021609Z ℹ fail 0
cli (windows-latest)	Run node packages/javascript/test/packed-install-smoke.mjs	2026-09-14T23:42:29.6021967Z ℹ cancelled 0
cli (windows-latest)	Run node packages/javascript/test/packed-install-smoke.mjs	2026-09-14T23:42:29.6022327Z ℹ skipped 0
cli (windows-latest)	Run node packages/javascript/test/packed-install-smoke.mjs	2026-09-14T23:42:29.6022742Z ℹ todo 0
cli (windows-latest)	Run node packages/javascript/test/packed-install-smoke.mjs	2026-09-14T23:42:29.6023093Z ℹ duration_ms 714.6232
cli (windows-latest)	Run node packages/javascript/test/packed-install-smoke.mjs	2026-09-14T23:42:29.6023821Z Packed install smoke passed for openpresentation-opf-0.9.0.tgz (2354557 bytes).
cli (windows-latest)	Run node packages/javascript/test/packed-install-smoke.mjs	2026-09-14T23:42:29.6024487Z Packed tarball entries checked: 519.
cli (windows-latest)	Run node scripts/test-ecosystem-links.mjs	﻿2026-09-14T23:42:30.3060386Z ##[group]Run node scripts/test-ecosystem-links.mjs
cli (windows-latest)	Run node scripts/test-ecosystem-links.mjs	2026-09-14T23:42:30.3060987Z ^[[36;1mnode scripts/test-ecosystem-links.mjs^[[0m
cli (windows-latest)	Run node scripts/test-ecosystem-links.mjs	2026-09-14T23:42:30.3127469Z shell: C:\Program Files\PowerShell\7\pwsh.EXE -command ". '{0}'"
cli (windows-latest)	Run node scripts/test-ecosystem-links.mjs	2026-09-14T23:42:30.3127966Z env:
cli (windows-latest)	Run node scripts/test-ecosystem-links.mjs	2026-09-14T23:42:30.3128630Z   PNPM_HOME: C:\Users\runneradmin\setup-pnpm\node_modules\.bin
cli (windows-latest)	Run node scripts/test-ecosystem-links.mjs	2026-09-14T23:42:30.3129399Z ##[endgroup]
cli (windows-latest)	Run node scripts/test-ecosystem-links.mjs	2026-09-14T23:42:31.9201605Z Coordinated links passed: core, renderer and editor converter, repeat setup and packages-only isolation.
cli (windows-latest)	Run pnpm test:cli	﻿2026-09-14T23:42:32.0491776Z ##[group]Run pnpm test:cli
cli (windows-latest)	Run pnpm test:cli	2026-09-14T23:42:32.0492060Z ^[[36;1mpnpm test:cli^[[0m
cli (windows-latest)	Run pnpm test:cli	2026-09-14T23:42:32.0548481Z shell: C:\Program Files\PowerShell\7\pwsh.EXE -command ". '{0}'"
cli (windows-latest)	Run pnpm test:cli	2026-09-14T23:42:32.0548861Z env:
cli (windows-latest)	Run pnpm test:cli	2026-09-14T23:42:32.0549176Z   PNPM_HOME: C:\Users\runneradmin\setup-pnpm\node_modules\.bin
cli (windows-latest)	Run pnpm test:cli	2026-09-14T23:42:32.0549467Z ##[endgroup]
cli (windows-latest)	Run pnpm test:cli	2026-09-14T23:42:32.5640340Z 
cli (windows-latest)	Run pnpm test:cli	2026-09-14T23:42:32.5641184Z > openpresentation-workspace@ test:cli D:\a\opf\opf
cli (windows-latest)	Run pnpm test:cli	2026-09-14T23:42:32.5641651Z > pnpm --filter @openpresentation/cli test
cli (windows-latest)	Run pnpm test:cli	2026-09-14T23:42:32.5641847Z 
cli (windows-latest)	Run pnpm test:cli	2026-09-14T23:42:32.8850024Z 
cli (windows-latest)	Run pnpm test:cli	2026-09-14T23:42:32.8851008Z > @openpresentation/cli@0.7.0 test D:\a\opf\opf\packages\cli
cli (windows-latest)	Run pnpm test:cli	2026-09-14T23:42:32.8851852Z > pnpm build && node ../../scripts/run-node-tests.mjs && node test/cli.mjs
cli (windows-latest)	Run pnpm test:cli	2026-09-14T23:42:32.8852226Z 
cli (windows-latest)	Run pnpm test:cli	2026-09-14T23:42:33.1931090Z 
cli (windows-latest)	Run pnpm test:cli	2026-09-14T23:42:33.1931942Z > @openpresentation/cli@0.7.0 build D:\a\opf\opf\packages\cli
cli (windows-latest)	Run pnpm test:cli	2026-09-14T23:42:33.1932610Z > pnpm --filter @openpresentation/opf build && tsup
cli (windows-latest)	Run pnpm test:cli	2026-09-14T23:42:33.1933217Z 
cli (windows-latest)	Run pnpm test:cli	2026-09-14T23:42:33.5064014Z 
cli (windows-latest)	Run pnpm test:cli	2026-09-14T23:42:33.5064820Z > @openpresentation/opf@0.9.0 build D:\a\opf\opf\packages\javascript
cli (windows-latest)	Run pnpm test:cli	2026-09-14T23:42:33.5065607Z > pnpm run generate && tsup && node scripts/copy-spec.mjs
cli (windows-latest)	Run pnpm test:cli	2026-09-14T23:42:33.5065815Z 
cli (windows-latest)	Run pnpm test:cli	2026-09-14T23:42:33.8004061Z 
cli (windows-latest)	Run pnpm test:cli	2026-09-14T23:42:33.8005024Z > @openpresentation/opf@0.9.0 generate D:\a\opf\opf\packages\javascript
cli (windows-latest)	Run pnpm test:cli	2026-09-14T23:42:33.8006052Z > node scripts/generate.mjs && node scripts/generate-previews.mjs && node scripts/generate-content.mjs
cli (windows-latest)	Run pnpm test:cli	2026-09-14T23:42:33.8006629Z 
cli (windows-latest)	Run pnpm test:cli	2026-09-14T23:42:34.3115296Z Generated src/generated/previews.ts (70 previews)
cli (windows-latest)	Run pnpm test:cli	2026-09-14T23:42:34.4483360Z Generated src/generated/examples.ts (126 examples, 7 galleries)
cli (windows-latest)	Run pnpm test:cli	2026-09-14T23:42:34.4592857Z Generated src/generated/docs.ts (28 docs)
cli (windows-latest)	Run pnpm test:cli	2026-09-14T23:42:34.4600519Z Generated src/generated/repo-readme.ts (11388 bytes)
cli (windows-latest)	Run pnpm test:cli	2026-09-14T23:42:34.9163422Z ^[[34mCLI^[[39m Building entry: {"data":"src/data.ts","pagination":"src/pagination.ts","composition":"src/composition.ts","index":"src/index.ts","schemas":"src/schemas.ts","catalogs":"src/catalogs.ts","validator":"src/validator.ts","types":"src/types.ts","spec-files":"src/spec-files.ts","previews":"src/previews.ts","examples":"src/examples.ts","docs":"src/docs.ts","repo-readme":"src/repo-readme.ts"}
cli (windows-latest)	Run pnpm test:cli	2026-09-14T23:42:34.9166219Z ^[[34mCLI^[[39m Using tsconfig: tsconfig.json
cli (windows-latest)	Run pnpm test:cli	2026-09-14T23:42:34.9167590Z ^[[34mCLI^[[39m tsup v8.5.1
cli (windows-latest)	Run pnpm test:cli	2026-09-14T23:42:34.9168306Z ^[[34mCLI^[[39m Using tsup config: D:\a\opf\opf\packages\javascript\tsup.config.ts
cli (windows-latest)	Run pnpm test:cli	2026-09-14T23:42:34.9207764Z ^[[34mCLI^[[39m Target: es2022
cli (windows-latest)	Run pnpm test:cli	2026-09-14T23:42:34.9567051Z ^[[34mCLI^[[39m Cleaning output folder
cli (windows-latest)	Run pnpm test:cli	2026-09-14T23:42:34.9576332Z ^[[34mESM^[[39m Build start
cli (windows-latest)	Run pnpm test:cli	2026-09-14T23:42:35.3657807Z Generated an empty chunk: "types".
cli (windows-latest)	Run pnpm test:cli	2026-09-14T23:42:35.8645438Z ^[[34mDTS^[[39m Build start
cli (windows-latest)	Run pnpm test:cli	2026-09-14T23:42:35.8758545Z ^[[32mESM^[[39m ^[[1mdist\spec-files.js     ^[[22m^[[32m85.00 B^[[39m
cli (windows-latest)	Run pnpm test:cli	2026-09-14T23:42:35.8759382Z ^[[32mESM^[[39m ^[[1mdist\previews.js       ^[[22m^[[32m130.00 B^[[39m
cli (windows-latest)	Run pnpm test:cli	2026-09-14T23:42:35.8760188Z ^[[32mESM^[[39m ^[[1mdist\data.js           ^[[22m^[[32m95.00 B^[[39m
cli (windows-latest)	Run pnpm test:cli	2026-09-14T23:42:35.8760927Z ^[[32mESM^[[39m ^[[1mdist\repo-readme.js    ^[[22m^[[32m11.47 KB^[[39m
cli (windows-latest)	Run pnpm test:cli	2026-09-14T23:42:35.8761688Z ^[[32mESM^[[39m ^[[1mdist\pagination.js     ^[[22m^[[32m215.00 B^[[39m
cli (windows-latest)	Run pnpm test:cli	2026-09-14T23:42:35.8762400Z ^[[32mESM^[[39m ^[[1mdist\composition.js    ^[[22m^[[32m437.00 B^[[39m
cli (windows-latest)	Run pnpm test:cli	2026-09-14T23:42:35.8763078Z ^[[32mESM^[[39m ^[[1mdist\index.js          ^[[22m^[[32m1.38 KB^[[39m
cli (windows-latest)	Run pnpm test:cli	2026-09-14T23:42:35.8763733Z ^[[32mESM^[[39m ^[[1mdist\chunk-PIQXLBBJ.js ^[[22m^[[32m108.89 KB^[[39m
cli (windows-latest)	Run pnpm test:cli	2026-09-14T23:42:35.8764409Z ^[[32mESM^[[39m ^[[1mdist\chunk-OZULJBSG.js ^[[22m^[[32m117.86 KB^[[39m
cli (windows-latest)	Run pnpm test:cli	2026-09-14T23:42:35.8765025Z ^[[32mESM^[[39m ^[[1mdist\schemas.js        ^[[22m^[[32m202.00 B^[[39m
cli (windows-latest)	Run pnpm test:cli	2026-09-14T23:42:35.8765644Z ^[[32mESM^[[39m ^[[1mdist\catalogs.js       ^[[22m^[[32m238.00 B^[[39m
cli (windows-latest)	Run pnpm test:cli	2026-09-14T23:42:35.8766298Z ^[[32mESM^[[39m ^[[1mdist\chunk-SOSOBKQ2.js ^[[22m^[[32m6.52 KB^[[39m
cli (windows-latest)	Run pnpm test:cli	2026-09-14T23:42:35.8766946Z ^[[32mESM^[[39m ^[[1mdist\validator.js      ^[[22m^[[32m267.00 B^[[39m
cli (windows-latest)	Run pnpm test:cli	2026-09-14T23:42:35.8770099Z ^[[32mESM^[[39m ^[[1mdist\chunk-F7ZUBA4H.js ^[[22m^[[32m14.23 KB^[[39m
cli (windows-latest)	Run pnpm test:cli	2026-09-14T23:42:35.8770743Z ^[[32mESM^[[39m ^[[1mdist\chunk-JANDGUGA.js ^[[22m^[[32m27.16 KB^[[39m
cli (windows-latest)	Run pnpm test:cli	2026-09-14T23:42:35.8771350Z ^[[32mESM^[[39m ^[[1mdist\chunk-GQSK3T7X.js ^[[22m^[[32m219.58 KB^[[39m
cli (windows-latest)	Run pnpm test:cli	2026-09-14T23:42:35.8771933Z ^[[32mESM^[[39m ^[[1mdist\types.js          ^[[22m^[[32m1.00 B^[[39m
cli (windows-latest)	Run pnpm test:cli	2026-09-14T23:42:35.8772515Z ^[[32mESM^[[39m ^[[1mdist\chunk-7IWTWUNU.js ^[[22m^[[32m93.98 KB^[[39m
cli (windows-latest)	Run pnpm test:cli	2026-09-14T23:42:35.8773425Z ^[[32mESM^[[39m ^[[1mdist\chunk-TWMRZ43O.js ^[[22m^[[32m499.00 KB^[[39m
cli (windows-latest)	Run pnpm test:cli	2026-09-14T23:42:35.8774010Z ^[[32mESM^[[39m ^[[1mdist\docs.js           ^[[22m^[[32m526.61 KB^[[39m
cli (windows-latest)	Run pnpm test:cli	2026-09-14T23:42:35.8774557Z ^[[32mESM^[[39m ^[[1mdist\examples.js       ^[[22m^[[32m3.48 MB^[[39m
cli (windows-latest)	Run pnpm test:cli	2026-09-14T23:42:35.8775060Z ^[[32mESM^[[39m ⚡️ Build success in 919ms
cli (windows-latest)	Run pnpm test:cli	2026-09-14T23:42:40.8183698Z ^[[32mDTS^[[39m ⚡️ Build success in 5378ms
cli (windows-latest)	Run pnpm test:cli	2026-09-14T23:42:40.8187905Z ^[[32mDTS^[[39m ^[[1mdist\index.d.ts                 ^[[22m^[[32m3.16 KB^[[39m
cli (windows-latest)	Run pnpm test:cli	2026-09-14T23:42:40.8188981Z ^[[32mDTS^[[39m ^[[1mdist\data.d.ts                  ^[[22m^[[32m1005.00 B^[[39m
cli (windows-latest)	Run pnpm test:cli	2026-09-14T23:42:40.8190492Z ^[[32mDTS^[[39m ^[[1mdist\pagination.d.ts            ^[[22m^[[32m2.40 KB^[[39m
cli (windows-latest)	Run pnpm test:cli	2026-09-14T23:42:40.8191894Z ^[[32mDTS^[[39m ^[[1mdist\previews.d.ts              ^[[22m^[[32m1.71 KB^[[39m
cli (windows-latest)	Run pnpm test:cli	2026-09-14T23:42:40.8192431Z ^[[32mDTS^[[39m ^[[1mdist\repo-readme.d.ts           ^[[22m^[[32m139.00 B^[[39m
cli (windows-latest)	Run pnpm test:cli	2026-09-14T23:42:40.8192960Z ^[[32mDTS^[[39m ^[[1mdist\examples.d.ts              ^[[22m^[[32m2.09 KB^[[39m
cli (windows-latest)	Run pnpm test:cli	2026-09-14T23:42:40.8193475Z ^[[32mDTS^[[39m ^[[1mdist\docs.d.ts                  ^[[22m^[[32m671.00 B^[[39m
cli (windows-latest)	Run pnpm test:cli	2026-09-14T23:42:40.8193987Z ^[[32mDTS^[[39m ^[[1mdist\composition.d.ts           ^[[22m^[[32m25.02 KB^[[39m
cli (windows-latest)	Run pnpm test:cli	2026-09-14T23:42:40.8194541Z ^[[32mDTS^[[39m ^[[1mdist\validator.d.ts             ^[[22m^[[32m1.54 KB^[[39m
cli (windows-latest)	Run pnpm test:cli	2026-09-14T23:42:40.8195058Z ^[[32mDTS^[[39m ^[[1mdist\spec-files.d.ts            ^[[22m^[[32m19.57 KB^[[39m
cli (windows-latest)	Run pnpm test:cli	2026-09-14T23:42:40.8195631Z ^[[32mDTS^[[39m ^[[1mdist\schemas.d.ts               ^[[22m^[[32m314.00 B^[[39m
cli (windows-latest)	Run pnpm test:cli	2026-09-14T23:42:40.8196224Z ^[[32mDTS^[[39m ^[[1mdist\catalogs.d.ts              ^[[22m^[[32m454.00 B^[[39m
cli (windows-latest)	Run pnpm test:cli	2026-09-14T23:42:40.8196706Z ^[[32mDTS^[[39m ^[[1mdist\types.d.ts                 ^[[22m^[[32m416.00 B^[[39m
cli (windows-latest)	Run pnpm test:cli	2026-09-14T23:42:40.8197167Z ^[[32mDTS^[[39m ^[[1mdist\presentation-BMTdX6O1.d.ts ^[[22m^[[32m113.38 KB^[[39m
cli (windows-latest)	Run pnpm test:cli	2026-09-14T23:42:40.8197661Z ^[[32mDTS^[[39m ^[[1mdist\schemas--QRVBhU1.d.ts      ^[[22m^[[32m8.84 KB^[[39m
cli (windows-latest)	Run pnpm test:cli	2026-09-14T23:42:40.8198145Z ^[[32mDTS^[[39m ^[[1mdist\catalogs-BnnkUX9O.d.ts     ^[[22m^[[32m46.31 KB^[[39m
cli (windows-latest)	Run pnpm test:cli	2026-09-14T23:42:41.7532651Z ^[[34mCLI^[[39m Building entry: {"index":"src/index.ts"}
cli (windows-latest)	Run pnpm test:cli	2026-09-14T23:42:41.7536193Z ^[[34mCLI^[[39m Using tsconfig: tsconfig.json
cli (windows-latest)	Run pnpm test:cli	2026-09-14T23:42:41.7537281Z ^[[34mCLI^[[39m tsup v8.5.1
cli (windows-latest)	Run pnpm test:cli	2026-09-14T23:42:41.7538603Z ^[[34mCLI^[[39m Using tsup config: D:\a\opf\opf\packages\cli\tsup.config.ts
cli (windows-latest)	Run pnpm test:cli	2026-09-14T23:42:41.7552670Z ^[[34mCLI^[[39m Target: node24
cli (windows-latest)	Run pnpm test:cli	2026-09-14T23:42:41.7576790Z ^[[34mCLI^[[39m Cleaning output folder
cli (windows-latest)	Run pnpm test:cli	2026-09-14T23:42:41.7585045Z ^[[34mESM^[[39m Build start
cli (windows-latest)	Run pnpm test:cli	2026-09-14T23:42:41.8990593Z ^[[32mESM^[[39m ^[[1mdist\index.js     ^[[22m^[[32m1.22 MB^[[39m
cli (windows-latest)	Run pnpm test:cli	2026-09-14T23:42:41.8991530Z ^[[32mESM^[[39m ^[[1mdist\index.js.map ^[[22m^[[32m1.90 MB^[[39m
cli (windows-latest)	Run pnpm test:cli	2026-09-14T23:42:41.8992008Z ^[[32mESM^[[39m ⚡️ Build success in 141ms
cli (windows-latest)	Run pnpm test:cli	2026-09-14T23:42:43.4023228Z ▶ opf validate
cli (windows-latest)	Run pnpm test:cli	2026-09-14T23:42:43.4024329Z   ✔ validates a well-formed deck with exit code 0 and reports valid: true (314.2358ms)
cli (windows-latest)	Run pnpm test:cli	2026-09-14T23:42:43.4025791Z   ✔ rejects an invalid deck with a non-zero exit code and reports errors (300.2157ms)
cli (windows-latest)	Run pnpm test:cli	2026-09-14T23:42:43.4029609Z   ✔ reports a read/parse error and exits 2 for a nonexistent file (102.6639ms)
cli (windows-latest)	Run pnpm test:cli	2026-09-14T23:42:43.4032742Z   ✔ prints usage and exits 2 when 'validate' is called without a file argument (112.2075ms)
cli (windows-latest)	Run pnpm test:cli	2026-09-14T23:42:43.4034983Z ✔ opf validate (830.4275ms)
cli (windows-latest)	Run pnpm test:cli	2026-09-14T23:42:43.4035340Z ▶ opf usage
cli (windows-latest)	Run pnpm test:cli	2026-09-14T23:42:43.4035814Z   ✔ prints help and exits 0 with no arguments (108.2115ms)
cli (windows-latest)	Run pnpm test:cli	2026-09-14T23:42:43.4036376Z   ✔ prints usage and exits 2 for an unknown command (93.2567ms)
cli (windows-latest)	Run pnpm test:cli	2026-09-14T23:42:43.4037998Z ✔ opf usage (201.7903ms)
cli (windows-latest)	Run pnpm test:cli	2026-09-14T23:42:43.4038583Z ▶ opf catalogs
cli (windows-latest)	Run pnpm test:cli	2026-09-14T23:42:43.4039224Z   ✔ lists every bundled catalog kind with its record count (87.6477ms)
cli (windows-latest)	Run pnpm test:cli	2026-09-14T23:42:43.4040595Z ✔ opf catalogs (87.8825ms)
cli (windows-latest)	Run pnpm test:cli	2026-09-14T23:42:43.4043686Z ▶ opf schemas
cli (windows-latest)	Run pnpm test:cli	2026-09-14T23:42:43.4044305Z   ✔ lists every bundled schema name, file, and $id (92.5685ms)
cli (windows-latest)	Run pnpm test:cli	2026-09-14T23:42:43.4044910Z ✔ opf schemas (92.7734ms)
cli (windows-latest)	Run pnpm test:cli	2026-09-14T23:42:43.4160957Z ✔ managed skills install, idempotence, safe update and recoverable previous files (87.0768ms)
cli (windows-latest)	Run pnpm test:cli	2026-09-14T23:42:43.4162425Z ✔ unmanaged destinations, links and another installer lock are preserved (39.4411ms)
cli (windows-latest)	Run pnpm test:cli	2026-09-14T23:42:43.4163577Z ✔ CLI bundles all six complete skills and advertises the actual npx command (900.7407ms)
cli (windows-latest)	Run pnpm test:cli	2026-09-14T23:42:43.4164766Z ℹ tests 11
cli (windows-latest)	Run pnpm test:cli	2026-09-14T23:42:43.4165443Z ℹ suites 4
cli (windows-latest)	Run pnpm test:cli	2026-09-14T23:42:43.4165928Z ℹ pass 11
cli (windows-latest)	Run pnpm test:cli	2026-09-14T23:42:43.4166204Z ℹ fail 0
cli (windows-latest)	Run pnpm test:cli	2026-09-14T23:42:43.4166530Z ℹ cancelled 0
cli (windows-latest)	Run pnpm test:cli	2026-09-14T23:42:43.4166742Z ℹ skipped 0
cli (windows-latest)	Run pnpm test:cli	2026-09-14T23:42:43.4166959Z ℹ todo 0
cli (windows-latest)	Run pnpm test:cli	2026-09-14T23:42:43.4167186Z ℹ duration_ms 1403.7569
cli (windows-latest)	Run pnpm test:cli	2026-09-14T23:42:56.3480311Z CLI passed 70 command checks: file preservation, patch operations, validation, pipes, schema lookup, pagination.
cli (windows-latest)	Run pnpm test:cli:packed	﻿2026-09-14T23:42:56.4771393Z ##[group]Run pnpm test:cli:packed
cli (windows-latest)	Run pnpm test:cli:packed	2026-09-14T23:42:56.4771763Z ^[[36;1mpnpm test:cli:packed^[[0m
cli (windows-latest)	Run pnpm test:cli:packed	2026-09-14T23:42:56.4829695Z shell: C:\Program Files\PowerShell\7\pwsh.EXE -command ". '{0}'"
cli (windows-latest)	Run pnpm test:cli:packed	2026-09-14T23:42:56.4830006Z env:
cli (windows-latest)	Run pnpm test:cli:packed	2026-09-14T23:42:56.4830242Z   PNPM_HOME: C:\Users\runneradmin\setup-pnpm\node_modules\.bin
cli (windows-latest)	Run pnpm test:cli:packed	2026-09-14T23:42:56.4830507Z ##[endgroup]
cli (windows-latest)	Run pnpm test:cli:packed	2026-09-14T23:42:57.0007763Z 
cli (windows-latest)	Run pnpm test:cli:packed	2026-09-14T23:42:57.0008381Z > openpresentation-workspace@ test:cli:packed D:\a\opf\opf
cli (windows-latest)	Run pnpm test:cli:packed	2026-09-14T23:42:57.0008921Z > pnpm --filter @openpresentation/cli test:packed
cli (windows-latest)	Run pnpm test:cli:packed	2026-09-14T23:42:57.0009126Z 
cli (windows-latest)	Run pnpm test:cli:packed	2026-09-14T23:42:57.3248328Z 
cli (windows-latest)	Run pnpm test:cli:packed	2026-09-14T23:42:57.3248972Z > @openpresentation/cli@0.7.0 test:packed D:\a\opf\opf\packages\cli
cli (windows-latest)	Run pnpm test:cli:packed	2026-09-14T23:42:57.3249357Z > node test/packed.mjs
cli (windows-latest)	Run pnpm test:cli:packed	2026-09-14T23:42:57.3249477Z 
cli (windows-latest)	Run pnpm test:cli:packed	2026-09-14T23:43:22.1347644Z CLI passed 70 command checks: file preservation, patch operations, validation, pipes, schema lookup, pagination.
cli (windows-latest)	Run pnpm test:cli:packed	2026-09-14T23:43:22.1349971Z Standalone global and npx-style installation passed (local pack). Integrity: sha512-H4i7Ev2sy9C8FH/mYcttIhJXzDVY8F044/sfKXOzdF5GgYJEpN5ga9V2tYn3oFhhH8vuZPY2OJs1oogBASToug==. Tarball: D:\a\opf\opf\artifacts\cli\openpresentation-cli-0.7.0.tgz
cli (windows-latest)	Post Run actions/setup-node@820762786026740c76f36085b0efc47a31fe5020	﻿2026-09-14T23:43:22.2896665Z Post job cleanup.
cli (windows-latest)	Post Run actions/setup-node@820762786026740c76f36085b0efc47a31fe5020	2026-09-14T23:43:22.4203780Z Cache hit occurred on the primary key node-cache-Windows-x64-pnpm-1b7795a64b3f5c9935c6c77059dc5dc948c44ab49ad3fca4f0a4e0d836589833, not saving cache.
cli (windows-latest)	Post Run pnpm/action-setup@ea17c68df8912ef543352723c149a84f56e3d413	﻿2026-09-14T23:43:22.4428036Z Post job cleanup.
cli (windows-latest)	Post Run pnpm/action-setup@ea17c68df8912ef543352723c149a84f56e3d413	2026-09-14T23:43:22.6029274Z Pruning is unnecessary.
cli (windows-latest)	Post Run actions/checkout@3d3c42e5aac5ba805825da76410c181273ba90b1	﻿2026-09-14T23:43:22.6295629Z Post job cleanup.
cli (windows-latest)	Post Run actions/checkout@3d3c42e5aac5ba805825da76410c181273ba90b1	2026-09-14T23:43:22.7910964Z [command]"C:\Program Files\Git\bin\git.exe" version
cli (windows-latest)	Post Run actions/checkout@3d3c42e5aac5ba805825da76410c181273ba90b1	2026-09-14T23:43:22.8146709Z git version 2.55.0.windows.5
cli (windows-latest)	Post Run actions/checkout@3d3c42e5aac5ba805825da76410c181273ba90b1	2026-09-14T23:43:22.8198732Z Temporarily overriding HOME='D:\a\_temp\9b3afa32-50b0-4dba-9259-2125295dfeb4' before making global git config changes
cli (windows-latest)	Post Run actions/checkout@3d3c42e5aac5ba805825da76410c181273ba90b1	2026-09-14T23:43:22.8199405Z Adding repository directory to the temporary git global config as a safe directory
cli (windows-latest)	Post Run actions/checkout@3d3c42e5aac5ba805825da76410c181273ba90b1	2026-09-14T23:43:22.8207363Z [command]"C:\Program Files\Git\bin\git.exe" config --global --add safe.directory D:\a\opf\opf
cli (windows-latest)	Post Run actions/checkout@3d3c42e5aac5ba805825da76410c181273ba90b1	2026-09-14T23:43:22.8450062Z Removing SSH command configuration
cli (windows-latest)	Post Run actions/checkout@3d3c42e5aac5ba805825da76410c181273ba90b1	2026-09-14T23:43:22.8458304Z [command]"C:\Program Files\Git\bin\git.exe" config --local --name-only --get-regexp core\.sshCommand
cli (windows-latest)	Post Run actions/checkout@3d3c42e5aac5ba805825da76410c181273ba90b1	2026-09-14T23:43:22.8703746Z [command]"C:\Program Files\Git\bin\git.exe" submodule foreach --recursive "sh -c \"git config --local --name-only --get-regexp 'core\.sshCommand' && git config --local --unset-all 'core.sshCommand' || :\""
cli (windows-latest)	Post Run actions/checkout@3d3c42e5aac5ba805825da76410c181273ba90b1	2026-09-14T23:43:23.3443202Z Removing HTTP extra header
cli (windows-latest)	Post Run actions/checkout@3d3c42e5aac5ba805825da76410c181273ba90b1	2026-09-14T23:43:23.3453418Z [command]"C:\Program Files\Git\bin\git.exe" config --local --name-only --get-regexp http\.https\:\/\/github\.com\/\.extraheader
cli (windows-latest)	Post Run actions/checkout@3d3c42e5aac5ba805825da76410c181273ba90b1	2026-09-14T23:43:23.3720255Z [command]"C:\Program Files\Git\bin\git.exe" submodule foreach --recursive "sh -c \"git config --local --name-only --get-regexp 'http\.https\:\/\/github\.com\/\.extraheader' && git config --local --unset-all 'http.https://github.com/.extraheader' || :\""
cli (windows-latest)	Post Run actions/checkout@3d3c42e5aac5ba805825da76410c181273ba90b1	2026-09-14T23:43:23.8036260Z Removing includeIf entries pointing to credentials config files
cli (windows-latest)	Post Run actions/checkout@3d3c42e5aac5ba805825da76410c181273ba90b1	2026-09-14T23:43:23.8052346Z [command]"C:\Program Files\Git\bin\git.exe" config --local --name-only --get-regexp ^includeIf\.gitdir:
cli (windows-latest)	Post Run actions/checkout@3d3c42e5aac5ba805825da76410c181273ba90b1	2026-09-14T23:43:23.8299259Z [command]"C:\Program Files\Git\bin\git.exe" submodule foreach --recursive "git config --local --show-origin --name-only --get-regexp remote.origin.url"
cli (windows-latest)	Complete job	﻿2026-09-14T23:43:24.2980743Z Cleaning up orphan processes
cli (macos-latest)	Set up job	﻿2026-09-14T23:40:26.8295110Z Current runner version: '2.337.0'
cli (macos-latest)	Set up job	2026-09-14T23:40:26.8329370Z ##[group]Runner Image Provisioner
cli (macos-latest)	Set up job	2026-09-14T23:40:26.8330710Z Hosted Compute Agent
cli (macos-latest)	Set up job	2026-09-14T23:40:26.8331150Z Version: 20260828.587
cli (macos-latest)	Set up job	2026-09-14T23:40:26.8331650Z Commit: abac92662cab4cc7352de4f9f9d2e2419aad9c29
cli (macos-latest)	Set up job	2026-09-14T23:40:26.8332690Z Build Date: 2026-08-28T16:44:25Z
cli (macos-latest)	Set up job	2026-09-14T23:40:26.8333330Z Worker ID: {cfabedd4-c2ef-40b6-b2dc-e7f26a62db0b}
cli (macos-latest)	Set up job	2026-09-14T23:40:26.8333900Z Azure Region: westus
cli (macos-latest)	Set up job	2026-09-14T23:40:26.8334490Z ##[endgroup]
cli (macos-latest)	Set up job	2026-09-14T23:40:26.8336670Z ##[group]Operating System
cli (macos-latest)	Set up job	2026-09-14T23:40:26.8337600Z macOS
cli (macos-latest)	Set up job	2026-09-14T23:40:26.8338010Z 26.6.2
cli (macos-latest)	Set up job	2026-09-14T23:40:26.8338490Z 25G83
cli (macos-latest)	Set up job	2026-09-14T23:40:26.8338970Z ##[endgroup]
cli (macos-latest)	Set up job	2026-09-14T23:40:26.8339410Z ##[group]Runner Image
cli (macos-latest)	Set up job	2026-09-14T23:40:26.8340080Z Image: macos-26-arm64
cli (macos-latest)	Set up job	2026-09-14T23:40:26.8340510Z Version: 20260907.0351.1
cli (macos-latest)	Set up job	2026-09-14T23:40:26.8341350Z Included Software: https://github.com/actions/runner-images/blob/macos-26-arm64/20260907.0351/images/macos/macos-26-arm64-Readme.md
cli (macos-latest)	Set up job	2026-09-14T23:40:26.8342920Z Image Release: https://github.com/actions/runner-images/releases/tag/macos-26-arm64%2F20260907.0351
cli (macos-latest)	Set up job	2026-09-14T23:40:26.8343680Z ##[endgroup]
cli (macos-latest)	Set up job	2026-09-14T23:40:26.8346530Z ##[group]GITHUB_TOKEN Permissions
cli (macos-latest)	Set up job	2026-09-14T23:40:26.8349440Z Contents: read
cli (macos-latest)	Set up job	2026-09-14T23:40:26.8350000Z Metadata: read
cli (macos-latest)	Set up job	2026-09-14T23:40:26.8350510Z ##[endgroup]
cli (macos-latest)	Set up job	2026-09-14T23:40:26.8353020Z Secret source: Actions
cli (macos-latest)	Set up job	2026-09-14T23:40:26.8353850Z Cache mode: write
cli (macos-latest)	Set up job	2026-09-14T23:40:26.8354420Z Prepare workflow directory
cli (macos-latest)	Set up job	2026-09-14T23:40:26.8883810Z Prepare all required actions
cli (macos-latest)	Set up job	2026-09-14T23:40:26.8924560Z Getting action download info
cli (macos-latest)	Set up job	2026-09-14T23:40:27.1976980Z Download action repository 'actions/checkout@3d3c42e5aac5ba805825da76410c181273ba90b1' (SHA:3d3c42e5aac5ba805825da76410c181273ba90b1)
cli (macos-latest)	Set up job	2026-09-14T23:40:27.4698920Z Download action repository 'pnpm/action-setup@ea17c68df8912ef543352723c149a84f56e3d413' (SHA:ea17c68df8912ef543352723c149a84f56e3d413)
cli (macos-latest)	Set up job	2026-09-14T23:40:27.8148120Z Download action repository 'actions/setup-node@820762786026740c76f36085b0efc47a31fe5020' (SHA:820762786026740c76f36085b0efc47a31fe5020)
cli (macos-latest)	Set up job	2026-09-14T23:40:27.9907640Z Complete job name: cli (macos-latest)
cli (macos-latest)	Run actions/checkout@3d3c42e5aac5ba805825da76410c181273ba90b1	﻿2026-09-14T23:40:28.0428210Z ##[group]Run actions/checkout@3d3c42e5aac5ba805825da76410c181273ba90b1
cli (macos-latest)	Run actions/checkout@3d3c42e5aac5ba805825da76410c181273ba90b1	2026-09-14T23:40:28.0429010Z with:
cli (macos-latest)	Run actions/checkout@3d3c42e5aac5ba805825da76410c181273ba90b1	2026-09-14T23:40:28.0429340Z   persist-credentials: false
cli (macos-latest)	Run actions/checkout@3d3c42e5aac5ba805825da76410c181273ba90b1	2026-09-14T23:40:28.0429730Z   repository: OpenPresentation/opf
cli (macos-latest)	Run actions/checkout@3d3c42e5aac5ba805825da76410c181273ba90b1	2026-09-14T23:40:28.0433000Z   token: ***
cli (macos-latest)	Run actions/checkout@3d3c42e5aac5ba805825da76410c181273ba90b1	2026-09-14T23:40:28.0433350Z   ssh-strict: true
cli (macos-latest)	Run actions/checkout@3d3c42e5aac5ba805825da76410c181273ba90b1	2026-09-14T23:40:28.0433670Z   ssh-user: git
cli (macos-latest)	Run actions/checkout@3d3c42e5aac5ba805825da76410c181273ba90b1	2026-09-14T23:40:28.0433970Z   clean: true
cli (macos-latest)	Run actions/checkout@3d3c42e5aac5ba805825da76410c181273ba90b1	2026-09-14T23:40:28.0434300Z   sparse-checkout-cone-mode: true
cli (macos-latest)	Run actions/checkout@3d3c42e5aac5ba805825da76410c181273ba90b1	2026-09-14T23:40:28.0434680Z   fetch-depth: 1
cli (macos-latest)	Run actions/checkout@3d3c42e5aac5ba805825da76410c181273ba90b1	2026-09-14T23:40:28.0434990Z   fetch-tags: false
cli (macos-latest)	Run actions/checkout@3d3c42e5aac5ba805825da76410c181273ba90b1	2026-09-14T23:40:28.0435310Z   show-progress: true
cli (macos-latest)	Run actions/checkout@3d3c42e5aac5ba805825da76410c181273ba90b1	2026-09-14T23:40:28.0435640Z   lfs: false
cli (macos-latest)	Run actions/checkout@3d3c42e5aac5ba805825da76410c181273ba90b1	2026-09-14T23:40:28.0435940Z   submodules: false
cli (macos-latest)	Run actions/checkout@3d3c42e5aac5ba805825da76410c181273ba90b1	2026-09-14T23:40:28.0436270Z   set-safe-directory: true
cli (macos-latest)	Run actions/checkout@3d3c42e5aac5ba805825da76410c181273ba90b1	2026-09-14T23:40:28.0436640Z   allow-unsafe-pr-checkout: false
cli (macos-latest)	Run actions/checkout@3d3c42e5aac5ba805825da76410c181273ba90b1	2026-09-14T23:40:28.0437260Z ##[endgroup]
cli (macos-latest)	Run actions/checkout@3d3c42e5aac5ba805825da76410c181273ba90b1	2026-09-14T23:40:28.4749400Z Syncing repository: OpenPresentation/opf
cli (macos-latest)	Run actions/checkout@3d3c42e5aac5ba805825da76410c181273ba90b1	2026-09-14T23:40:28.4751350Z ##[group]Getting Git version info
cli (macos-latest)	Run actions/checkout@3d3c42e5aac5ba805825da76410c181273ba90b1	2026-09-14T23:40:28.4752030Z Working directory is '/Users/runner/work/opf/opf'
cli (macos-latest)	Run actions/checkout@3d3c42e5aac5ba805825da76410c181273ba90b1	2026-09-14T23:40:28.4755870Z [command]/opt/homebrew/bin/git version
cli (macos-latest)	Run actions/checkout@3d3c42e5aac5ba805825da76410c181273ba90b1	2026-09-14T23:40:28.5653750Z git version 2.55.0
cli (macos-latest)	Run actions/checkout@3d3c42e5aac5ba805825da76410c181273ba90b1	2026-09-14T23:40:28.5668410Z ##[endgroup]
cli (macos-latest)	Run actions/checkout@3d3c42e5aac5ba805825da76410c181273ba90b1	2026-09-14T23:40:28.5680290Z Copying '/Users/runner/.gitconfig' to '/Users/runner/work/_temp/2b929a3c-b5bd-4f4e-8bef-8a74ecb44768/.gitconfig'
cli (macos-latest)	Run actions/checkout@3d3c42e5aac5ba805825da76410c181273ba90b1	2026-09-14T23:40:28.5706980Z Temporarily overriding HOME='/Users/runner/work/_temp/2b929a3c-b5bd-4f4e-8bef-8a74ecb44768' before making global git config changes
cli (macos-latest)	Run actions/checkout@3d3c42e5aac5ba805825da76410c181273ba90b1	2026-09-14T23:40:28.5711720Z Adding repository directory to the temporary git global config as a safe directory
cli (macos-latest)	Run actions/checkout@3d3c42e5aac5ba805825da76410c181273ba90b1	2026-09-14T23:40:28.5712980Z [command]/opt/homebrew/bin/git config --global --add safe.directory /Users/runner/work/opf/opf
cli (macos-latest)	Run actions/checkout@3d3c42e5aac5ba805825da76410c181273ba90b1	2026-09-14T23:40:28.5856150Z Deleting the contents of '/Users/runner/work/opf/opf'
cli (macos-latest)	Run actions/checkout@3d3c42e5aac5ba805825da76410c181273ba90b1	2026-09-14T23:40:28.5860630Z ##[group]Determining repository object format
cli (macos-latest)	Run actions/checkout@3d3c42e5aac5ba805825da76410c181273ba90b1	2026-09-14T23:40:28.5863360Z ##[endgroup]
cli (macos-latest)	Run actions/checkout@3d3c42e5aac5ba805825da76410c181273ba90b1	2026-09-14T23:40:28.5864660Z ##[group]Initializing the repository
cli (macos-latest)	Run actions/checkout@3d3c42e5aac5ba805825da76410c181273ba90b1	2026-09-14T23:40:28.5865400Z [command]/opt/homebrew/bin/git init /Users/runner/work/opf/opf
cli (macos-latest)	Run actions/checkout@3d3c42e5aac5ba805825da76410c181273ba90b1	2026-09-14T23:40:28.6134880Z hint: Using 'master' as the name for the initial branch. This default branch name
cli (macos-latest)	Run actions/checkout@3d3c42e5aac5ba805825da76410c181273ba90b1	2026-09-14T23:40:28.6139160Z hint: will change to "main" in Git 3.0. To configure the initial branch name
cli (macos-latest)	Run actions/checkout@3d3c42e5aac5ba805825da76410c181273ba90b1	2026-09-14T23:40:28.6141650Z hint: to use in all of your new repositories, which will suppress this warning,
cli (macos-latest)	Run actions/checkout@3d3c42e5aac5ba805825da76410c181273ba90b1	2026-09-14T23:40:28.6144370Z hint: call:
cli (macos-latest)	Run actions/checkout@3d3c42e5aac5ba805825da76410c181273ba90b1	2026-09-14T23:40:28.6145480Z hint:
cli (macos-latest)	Run actions/checkout@3d3c42e5aac5ba805825da76410c181273ba90b1	2026-09-14T23:40:28.6146790Z hint: 	git config --global init.defaultBranch <name>
cli (macos-latest)	Run actions/checkout@3d3c42e5aac5ba805825da76410c181273ba90b1	2026-09-14T23:40:28.6148380Z hint:
cli (macos-latest)	Run actions/checkout@3d3c42e5aac5ba805825da76410c181273ba90b1	2026-09-14T23:40:28.6149870Z hint: Names commonly chosen instead of 'master' are 'main', 'trunk' and
cli (macos-latest)	Run actions/checkout@3d3c42e5aac5ba805825da76410c181273ba90b1	2026-09-14T23:40:28.6152080Z hint: 'development'. The just-created branch can be renamed via this command:
cli (macos-latest)	Run actions/checkout@3d3c42e5aac5ba805825da76410c181273ba90b1	2026-09-14T23:40:28.6154010Z hint:
cli (macos-latest)	Run actions/checkout@3d3c42e5aac5ba805825da76410c181273ba90b1	2026-09-14T23:40:28.6155250Z hint: 	git branch -m <name>
cli (macos-latest)	Run actions/checkout@3d3c42e5aac5ba805825da76410c181273ba90b1	2026-09-14T23:40:28.6156580Z hint:
cli (macos-latest)	Run actions/checkout@3d3c42e5aac5ba805825da76410c181273ba90b1	2026-09-14T23:40:28.6158290Z hint: Disable this message with "git config set advice.defaultBranchName false"
cli (macos-latest)	Run actions/checkout@3d3c42e5aac5ba805825da76410c181273ba90b1	2026-09-14T23:40:28.6160880Z Initialized empty Git repository in /Users/runner/work/opf/opf/.git/
cli (macos-latest)	Run actions/checkout@3d3c42e5aac5ba805825da76410c181273ba90b1	2026-09-14T23:40:28.6165180Z [command]/opt/homebrew/bin/git remote add origin https://github.com/OpenPresentation/opf
cli (macos-latest)	Run actions/checkout@3d3c42e5aac5ba805825da76410c181273ba90b1	2026-09-14T23:40:28.6236500Z ##[endgroup]
cli (macos-latest)	Run actions/checkout@3d3c42e5aac5ba805825da76410c181273ba90b1	2026-09-14T23:40:28.6238000Z ##[group]Disabling automatic garbage collection
cli (macos-latest)	Run actions/checkout@3d3c42e5aac5ba805825da76410c181273ba90b1	2026-09-14T23:40:28.6238830Z [command]/opt/homebrew/bin/git config --local gc.auto 0
cli (macos-latest)	Run actions/checkout@3d3c42e5aac5ba805825da76410c181273ba90b1	2026-09-14T23:40:28.6318570Z ##[endgroup]
cli (macos-latest)	Run actions/checkout@3d3c42e5aac5ba805825da76410c181273ba90b1	2026-09-14T23:40:28.6319340Z ##[group]Setting up auth
cli (macos-latest)	Run actions/checkout@3d3c42e5aac5ba805825da76410c181273ba90b1	2026-09-14T23:40:28.6319870Z Removing SSH command configuration
cli (macos-latest)	Run actions/checkout@3d3c42e5aac5ba805825da76410c181273ba90b1	2026-09-14T23:40:28.6323760Z [command]/opt/homebrew/bin/git config --local --name-only --get-regexp core\.sshCommand
cli (macos-latest)	Run actions/checkout@3d3c42e5aac5ba805825da76410c181273ba90b1	2026-09-14T23:40:28.6404410Z [command]/opt/homebrew/bin/git submodule foreach --recursive sh -c "git config --local --name-only --get-regexp 'core\.sshCommand' && git config --local --unset-all 'core.sshCommand' || :"
cli (macos-latest)	Run actions/checkout@3d3c42e5aac5ba805825da76410c181273ba90b1	2026-09-14T23:40:28.7756670Z Removing HTTP extra header
cli (macos-latest)	Run actions/checkout@3d3c42e5aac5ba805825da76410c181273ba90b1	2026-09-14T23:40:28.7761500Z [command]/opt/homebrew/bin/git config --local --name-only --get-regexp http\.https\:\/\/github\.com\/\.extraheader
cli (macos-latest)	Run actions/checkout@3d3c42e5aac5ba805825da76410c181273ba90b1	2026-09-14T23:40:28.7839120Z [command]/opt/homebrew/bin/git submodule foreach --recursive sh -c "git config --local --name-only --get-regexp 'http\.https\:\/\/github\.com\/\.extraheader' && git config --local --unset-all 'http.https://github.com/.extraheader' || :"
cli (macos-latest)	Run actions/checkout@3d3c42e5aac5ba805825da76410c181273ba90b1	2026-09-14T23:40:28.9218850Z Removing includeIf entries pointing to credentials config files
cli (macos-latest)	Run actions/checkout@3d3c42e5aac5ba805825da76410c181273ba90b1	2026-09-14T23:40:28.9225040Z [command]/opt/homebrew/bin/git config --local --name-only --get-regexp ^includeIf\.gitdir:
cli (macos-latest)	Run actions/checkout@3d3c42e5aac5ba805825da76410c181273ba90b1	2026-09-14T23:40:28.9244500Z [command]/opt/homebrew/bin/git submodule foreach --recursive git config --local --show-origin --name-only --get-regexp remote.origin.url
cli (macos-latest)	Run actions/checkout@3d3c42e5aac5ba805825da76410c181273ba90b1	2026-09-14T23:40:29.0223170Z [command]/opt/homebrew/bin/git config --file /Users/runner/work/_temp/git-credentials-3e915c5d-5c14-422d-a8f5-0e5b894d8dad.config http.https://github.com/.extraheader AUTHORIZATION: basic ***
cli (macos-latest)	Run actions/checkout@3d3c42e5aac5ba805825da76410c181273ba90b1	2026-09-14T23:40:29.0313350Z [command]/opt/homebrew/bin/git config --local includeIf.gitdir:/Users/runner/work/opf/opf/.git.path /Users/runner/work/_temp/git-credentials-3e915c5d-5c14-422d-a8f5-0e5b894d8dad.config
cli (macos-latest)	Run actions/checkout@3d3c42e5aac5ba805825da76410c181273ba90b1	2026-09-14T23:40:29.0386140Z [command]/opt/homebrew/bin/git config --local includeIf.gitdir:/Users/runner/work/opf/opf/.git/worktrees/*.path /Users/runner/work/_temp/git-credentials-3e915c5d-5c14-422d-a8f5-0e5b894d8dad.config
cli (macos-latest)	Run actions/checkout@3d3c42e5aac5ba805825da76410c181273ba90b1	2026-09-14T23:40:29.0475010Z [command]/opt/homebrew/bin/git config --local includeIf.gitdir:/github/workspace/.git.path /github/runner_temp/git-credentials-3e915c5d-5c14-422d-a8f5-0e5b894d8dad.config
cli (macos-latest)	Run actions/checkout@3d3c42e5aac5ba805825da76410c181273ba90b1	2026-09-14T23:40:29.0599130Z [command]/opt/homebrew/bin/git config --local includeIf.gitdir:/github/workspace/.git/worktrees/*.path /github/runner_temp/git-credentials-3e915c5d-5c14-422d-a8f5-0e5b894d8dad.config
cli (macos-latest)	Run actions/checkout@3d3c42e5aac5ba805825da76410c181273ba90b1	2026-09-14T23:40:29.0650880Z ##[endgroup]
cli (macos-latest)	Run actions/checkout@3d3c42e5aac5ba805825da76410c181273ba90b1	2026-09-14T23:40:29.0652740Z ##[group]Fetching the repository
cli (macos-latest)	Run actions/checkout@3d3c42e5aac5ba805825da76410c181273ba90b1	2026-09-14T23:40:29.0656440Z [command]/opt/homebrew/bin/git -c protocol.version=2 fetch --no-tags --prune --no-recurse-submodules --depth=1 origin +a2409d0daa564633d86511a7153668a357ae2fb5:refs/remotes/pull/79/merge
cli (macos-latest)	Run actions/checkout@3d3c42e5aac5ba805825da76410c181273ba90b1	2026-09-14T23:40:32.1108010Z From https://github.com/OpenPresentation/opf
cli (macos-latest)	Run actions/checkout@3d3c42e5aac5ba805825da76410c181273ba90b1	2026-09-14T23:40:32.1111150Z  * [new ref]         a2409d0daa564633d86511a7153668a357ae2fb5 -> pull/79/merge
cli (macos-latest)	Run actions/checkout@3d3c42e5aac5ba805825da76410c181273ba90b1	2026-09-14T23:40:32.1117210Z ##[endgroup]
cli (macos-latest)	Run actions/checkout@3d3c42e5aac5ba805825da76410c181273ba90b1	2026-09-14T23:40:32.1119450Z ##[group]Determining the checkout info
cli (macos-latest)	Run actions/checkout@3d3c42e5aac5ba805825da76410c181273ba90b1	2026-09-14T23:40:32.1122080Z ##[endgroup]
cli (macos-latest)	Run actions/checkout@3d3c42e5aac5ba805825da76410c181273ba90b1	2026-09-14T23:40:32.1123740Z [command]/opt/homebrew/bin/git sparse-checkout disable
cli (macos-latest)	Run actions/checkout@3d3c42e5aac5ba805825da76410c181273ba90b1	2026-09-14T23:40:32.1230320Z [command]/opt/homebrew/bin/git config --local --unset-all extensions.worktreeConfig
cli (macos-latest)	Run actions/checkout@3d3c42e5aac5ba805825da76410c181273ba90b1	2026-09-14T23:40:32.1322900Z ##[group]Checking out the ref
cli (macos-latest)	Run actions/checkout@3d3c42e5aac5ba805825da76410c181273ba90b1	2026-09-14T23:40:32.1326030Z [command]/opt/homebrew/bin/git checkout --progress --force refs/remotes/pull/79/merge
cli (macos-latest)	Run actions/checkout@3d3c42e5aac5ba805825da76410c181273ba90b1	2026-09-14T23:40:33.2393340Z Updating files:  50% (5244/10448)
cli (macos-latest)	Run actions/checkout@3d3c42e5aac5ba805825da76410c181273ba90b1	2026-09-14T23:40:33.2576550Z Updating files:  51% (5329/10448)
cli (macos-latest)	Run actions/checkout@3d3c42e5aac5ba805825da76410c181273ba90b1	2026-09-14T23:40:33.2808560Z Updating files:  52% (5433/10448)
cli (macos-latest)	Run actions/checkout@3d3c42e5aac5ba805825da76410c181273ba90b1	2026-09-14T23:40:33.3032040Z Updating files:  53% (5538/10448)
cli (macos-latest)	Run actions/checkout@3d3c42e5aac5ba805825da76410c181273ba90b1	2026-09-14T23:40:33.3180900Z Updating files:  54% (5642/10448)
cli (macos-latest)	Run actions/checkout@3d3c42e5aac5ba805825da76410c181273ba90b1	2026-09-14T23:40:33.3411870Z Updating files:  55% (5747/10448)
cli (macos-latest)	Run actions/checkout@3d3c42e5aac5ba805825da76410c181273ba90b1	2026-09-14T23:40:33.3541220Z Updating files:  56% (5851/10448)
cli (macos-latest)	Run actions/checkout@3d3c42e5aac5ba805825da76410c181273ba90b1	2026-09-14T23:40:33.3712310Z Updating files:  57% (5956/10448)
cli (macos-latest)	Run actions/checkout@3d3c42e5aac5ba805825da76410c181273ba90b1	2026-09-14T23:40:33.3898440Z Updating files:  58% (6060/10448)
cli (macos-latest)	Run actions/checkout@3d3c42e5aac5ba805825da76410c181273ba90b1	2026-09-14T23:40:33.4158990Z Updating files:  59% (6165/10448)
cli (macos-latest)	Run actions/checkout@3d3c42e5aac5ba805825da76410c181273ba90b1	2026-09-14T23:40:33.4308030Z Updating files:  60% (6269/10448)
cli (macos-latest)	Run actions/checkout@3d3c42e5aac5ba805825da76410c181273ba90b1	2026-09-14T23:40:33.4479180Z Updating files:  61% (6374/10448)
cli (macos-latest)	Run actions/checkout@3d3c42e5aac5ba805825da76410c181273ba90b1	2026-09-14T23:40:33.4662800Z Updating files:  62% (6478/10448)
cli (macos-latest)	Run actions/checkout@3d3c42e5aac5ba805825da76410c181273ba90b1	2026-09-14T23:40:33.4766970Z Updating files:  63% (6583/10448)
cli (macos-latest)	Run actions/checkout@3d3c42e5aac5ba805825da76410c181273ba90b1	2026-09-14T23:40:33.4925230Z Updating files:  64% (6687/10448)
cli (macos-latest)	Run actions/checkout@3d3c42e5aac5ba805825da76410c181273ba90b1	2026-09-14T23:40:33.5087900Z Updating files:  65% (6792/10448)
cli (macos-latest)	Run actions/checkout@3d3c42e5aac5ba805825da76410c181273ba90b1	2026-09-14T23:40:33.5232200Z Updating files:  66% (6896/10448)
cli (macos-latest)	Run actions/checkout@3d3c42e5aac5ba805825da76410c181273ba90b1	2026-09-14T23:40:33.5350930Z Updating files:  67% (7001/10448)
cli (macos-latest)	Run actions/checkout@3d3c42e5aac5ba805825da76410c181273ba90b1	2026-09-14T23:40:33.5634790Z Updating files:  68% (7105/10448)
cli (macos-latest)	Run actions/checkout@3d3c42e5aac5ba805825da76410c181273ba90b1	2026-09-14T23:40:33.6015660Z Updating files:  69% (7210/10448)
cli (macos-latest)	Run actions/checkout@3d3c42e5aac5ba805825da76410c181273ba90b1	2026-09-14T23:40:33.6267700Z Updating files:  70% (7314/10448)
cli (macos-latest)	Run actions/checkout@3d3c42e5aac5ba805825da76410c181273ba90b1	2026-09-14T23:40:33.6422510Z Updating files:  71% (7419/10448)
cli (macos-latest)	Run actions/checkout@3d3c42e5aac5ba805825da76410c181273ba90b1	2026-09-14T23:40:33.6921150Z Updating files:  72% (7523/10448)
cli (macos-latest)	Run actions/checkout@3d3c42e5aac5ba805825da76410c181273ba90b1	2026-09-14T23:40:33.7176870Z Updating files:  73% (7628/10448)
cli (macos-latest)	Run actions/checkout@3d3c42e5aac5ba805825da76410c181273ba90b1	2026-09-14T23:40:33.7303760Z Updating files:  74% (7732/10448)
cli (macos-latest)	Run actions/checkout@3d3c42e5aac5ba805825da76410c181273ba90b1	2026-09-14T23:40:33.7480700Z Updating files:  75% (7836/10448)
cli (macos-latest)	Run actions/checkout@3d3c42e5aac5ba805825da76410c181273ba90b1	2026-09-14T23:40:33.7709720Z Updating files:  76% (7941/10448)
cli (macos-latest)	Run actions/checkout@3d3c42e5aac5ba805825da76410c181273ba90b1	2026-09-14T23:40:33.8219880Z Updating files:  77% (8045/10448)
cli (macos-latest)	Run actions/checkout@3d3c42e5aac5ba805825da76410c181273ba90b1	2026-09-14T23:40:33.8353100Z Updating files:  78% (8150/10448)
cli (macos-latest)	Run actions/checkout@3d3c42e5aac5ba805825da76410c181273ba90b1	2026-09-14T23:40:33.8608620Z Updating files:  79% (8254/10448)
cli (macos-latest)	Run actions/checkout@3d3c42e5aac5ba805825da76410c181273ba90b1	2026-09-14T23:40:33.8793460Z Updating files:  80% (8359/10448)
cli (macos-latest)	Run actions/checkout@3d3c42e5aac5ba805825da76410c181273ba90b1	2026-09-14T23:40:33.8898870Z Updating files:  81% (8463/10448)
cli (macos-latest)	Run actions/checkout@3d3c42e5aac5ba805825da76410c181273ba90b1	2026-09-14T23:40:33.9599130Z Updating files:  82% (8568/10448)
cli (macos-latest)	Run actions/checkout@3d3c42e5aac5ba805825da76410c181273ba90b1	2026-09-14T23:40:33.9788890Z Updating files:  83% (8672/10448)
cli (macos-latest)	Run actions/checkout@3d3c42e5aac5ba805825da76410c181273ba90b1	2026-09-14T23:40:33.9928960Z Updating files:  84% (8777/10448)
cli (macos-latest)	Run actions/checkout@3d3c42e5aac5ba805825da76410c181273ba90b1	2026-09-14T23:40:34.0151540Z Updating files:  85% (8881/10448)
cli (macos-latest)	Run actions/checkout@3d3c42e5aac5ba805825da76410c181273ba90b1	2026-09-14T23:40:34.0422900Z Updating files:  86% (8986/10448)
cli (macos-latest)	Run actions/checkout@3d3c42e5aac5ba805825da76410c181273ba90b1	2026-09-14T23:40:34.0599690Z Updating files:  87% (9090/10448)
cli (macos-latest)	Run actions/checkout@3d3c42e5aac5ba805825da76410c181273ba90b1	2026-09-14T23:40:34.0731080Z Updating files:  88% (9195/10448)
cli (macos-latest)	Run actions/checkout@3d3c42e5aac5ba805825da76410c181273ba90b1	2026-09-14T23:40:34.0976270Z Updating files:  89% (9299/10448)
cli (macos-latest)	Run actions/checkout@3d3c42e5aac5ba805825da76410c181273ba90b1	2026-09-14T23:40:34.1366370Z Updating files:  90% (9404/10448)
cli (macos-latest)	Run actions/checkout@3d3c42e5aac5ba805825da76410c181273ba90b1	2026-09-14T23:40:34.1497080Z Updating files:  91% (9508/10448)
cli (macos-latest)	Run actions/checkout@3d3c42e5aac5ba805825da76410c181273ba90b1	2026-09-14T23:40:34.1662060Z Updating files:  91% (9563/10448)
cli (macos-latest)	Run actions/checkout@3d3c42e5aac5ba805825da76410c181273ba90b1	2026-09-14T23:40:34.2077500Z Updating files:  92% (9613/10448)
cli (macos-latest)	Run actions/checkout@3d3c42e5aac5ba805825da76410c181273ba90b1	2026-09-14T23:40:34.2246670Z Updating files:  93% (9717/10448)
cli (macos-latest)	Run actions/checkout@3d3c42e5aac5ba805825da76410c181273ba90b1	2026-09-14T23:40:34.2384290Z Updating files:  94% (9822/10448)
cli (macos-latest)	Run actions/checkout@3d3c42e5aac5ba805825da76410c181273ba90b1	2026-09-14T23:40:34.2504720Z Updating files:  95% (9926/10448)
cli (macos-latest)	Run actions/checkout@3d3c42e5aac5ba805825da76410c181273ba90b1	2026-09-14T23:40:34.2596590Z Updating files:  96% (10031/10448)
cli (macos-latest)	Run actions/checkout@3d3c42e5aac5ba805825da76410c181273ba90b1	2026-09-14T23:40:34.2700530Z Updating files:  97% (10135/10448)
cli (macos-latest)	Run actions/checkout@3d3c42e5aac5ba805825da76410c181273ba90b1	2026-09-14T23:40:34.2804170Z Updating files:  98% (10240/10448)
cli (macos-latest)	Run actions/checkout@3d3c42e5aac5ba805825da76410c181273ba90b1	2026-09-14T23:40:34.2908790Z Updating files:  99% (10344/10448)
cli (macos-latest)	Run actions/checkout@3d3c42e5aac5ba805825da76410c181273ba90b1	2026-09-14T23:40:34.2909390Z Updating files: 100% (10448/10448)
cli (macos-latest)	Run actions/checkout@3d3c42e5aac5ba805825da76410c181273ba90b1	2026-09-14T23:40:34.2909850Z Updating files: 100% (10448/10448), done.
cli (macos-latest)	Run actions/checkout@3d3c42e5aac5ba805825da76410c181273ba90b1	2026-09-14T23:40:34.3056780Z HEAD is now at a2409d0 Merge 8a322c13884f2f1634fd3a207d1e0a662e3ad460 into a3ab4784ed22caffdad8c4e306f9a51b1e954ae9
cli (macos-latest)	Run actions/checkout@3d3c42e5aac5ba805825da76410c181273ba90b1	2026-09-14T23:40:34.3099010Z ##[endgroup]
cli (macos-latest)	Run actions/checkout@3d3c42e5aac5ba805825da76410c181273ba90b1	2026-09-14T23:40:34.3249810Z [command]/opt/homebrew/bin/git log -1 --format=%H
cli (macos-latest)	Run actions/checkout@3d3c42e5aac5ba805825da76410c181273ba90b1	2026-09-14T23:40:34.3332210Z a2409d0daa564633d86511a7153668a357ae2fb5
cli (macos-latest)	Run actions/checkout@3d3c42e5aac5ba805825da76410c181273ba90b1	2026-09-14T23:40:34.3342480Z ##[group]Removing auth
cli (macos-latest)	Run actions/checkout@3d3c42e5aac5ba805825da76410c181273ba90b1	2026-09-14T23:40:34.3343380Z Removing SSH command configuration
cli (macos-latest)	Run actions/checkout@3d3c42e5aac5ba805825da76410c181273ba90b1	2026-09-14T23:40:34.3346080Z [command]/opt/homebrew/bin/git config --local --name-only --get-regexp core\.sshCommand
cli (macos-latest)	Run actions/checkout@3d3c42e5aac5ba805825da76410c181273ba90b1	2026-09-14T23:40:34.3431270Z [command]/opt/homebrew/bin/git submodule foreach --recursive sh -c "git config --local --name-only --get-regexp 'core\.sshCommand' && git config --local --unset-all 'core.sshCommand' || :"
cli (macos-latest)	Run actions/checkout@3d3c42e5aac5ba805825da76410c181273ba90b1	2026-09-14T23:40:34.5184710Z Removing HTTP extra header
cli (macos-latest)	Run actions/checkout@3d3c42e5aac5ba805825da76410c181273ba90b1	2026-09-14T23:40:34.5186270Z [command]/opt/homebrew/bin/git config --local --name-only --get-regexp http\.https\:\/\/github\.com\/\.extraheader
cli (macos-latest)	Run actions/checkout@3d3c42e5aac5ba805825da76410c181273ba90b1	2026-09-14T23:40:34.5277540Z [command]/opt/homebrew/bin/git submodule foreach --recursive sh -c "git config --local --name-only --get-regexp 'http\.https\:\/\/github\.com\/\.extraheader' && git config --local --unset-all 'http.https://github.com/.extraheader' || :"
cli (macos-latest)	Run actions/checkout@3d3c42e5aac5ba805825da76410c181273ba90b1	2026-09-14T23:40:34.6814340Z Removing includeIf entries pointing to credentials config files
cli (macos-latest)	Run actions/checkout@3d3c42e5aac5ba805825da76410c181273ba90b1	2026-09-14T23:40:34.6816810Z [command]/opt/homebrew/bin/git config --local --name-only --get-regexp ^includeIf\.gitdir:
cli (macos-latest)	Run actions/checkout@3d3c42e5aac5ba805825da76410c181273ba90b1	2026-09-14T23:40:34.6904540Z includeif.gitdir:/Users/runner/work/opf/opf/.git.path
cli (macos-latest)	Run actions/checkout@3d3c42e5aac5ba805825da76410c181273ba90b1	2026-09-14T23:40:34.6908150Z includeif.gitdir:/Users/runner/work/opf/opf/.git/worktrees/*.path
cli (macos-latest)	Run actions/checkout@3d3c42e5aac5ba805825da76410c181273ba90b1	2026-09-14T23:40:34.6908690Z includeif.gitdir:/github/workspace/.git.path
cli (macos-latest)	Run actions/checkout@3d3c42e5aac5ba805825da76410c181273ba90b1	2026-09-14T23:40:34.6909050Z includeif.gitdir:/github/workspace/.git/worktrees/*.path
cli (macos-latest)	Run actions/checkout@3d3c42e5aac5ba805825da76410c181273ba90b1	2026-09-14T23:40:34.6926940Z [command]/opt/homebrew/bin/git config --local --get-all includeif.gitdir:/Users/runner/work/opf/opf/.git.path
cli (macos-latest)	Run actions/checkout@3d3c42e5aac5ba805825da76410c181273ba90b1	2026-09-14T23:40:34.7007800Z /Users/runner/work/_temp/git-credentials-3e915c5d-5c14-422d-a8f5-0e5b894d8dad.config
cli (macos-latest)	Run actions/checkout@3d3c42e5aac5ba805825da76410c181273ba90b1	2026-09-14T23:40:34.7023120Z [command]/opt/homebrew/bin/git config --local --unset includeif.gitdir:/Users/runner/work/opf/opf/.git.path \/Users\/runner\/work\/_temp\/git\-credentials\-3e915c5d\-5c14\-422d\-a8f5\-0e5b894d8dad\.config
cli (macos-latest)	Run actions/checkout@3d3c42e5aac5ba805825da76410c181273ba90b1	2026-09-14T23:40:34.7119450Z [command]/opt/homebrew/bin/git config --local --get-all includeif.gitdir:/Users/runner/work/opf/opf/.git/worktrees/*.path
cli (macos-latest)	Run actions/checkout@3d3c42e5aac5ba805825da76410c181273ba90b1	2026-09-14T23:40:34.7199770Z /Users/runner/work/_temp/git-credentials-3e915c5d-5c14-422d-a8f5-0e5b894d8dad.config
cli (macos-latest)	Run actions/checkout@3d3c42e5aac5ba805825da76410c181273ba90b1	2026-09-14T23:40:34.7215510Z [command]/opt/homebrew/bin/git config --local --unset includeif.gitdir:/Users/runner/work/opf/opf/.git/worktrees/*.path \/Users\/runner\/work\/_temp\/git\-credentials\-3e915c5d\-5c14\-422d\-a8f5\-0e5b894d8dad\.config
cli (macos-latest)	Run actions/checkout@3d3c42e5aac5ba805825da76410c181273ba90b1	2026-09-14T23:40:34.7305520Z [command]/opt/homebrew/bin/git config --local --get-all includeif.gitdir:/github/workspace/.git.path
cli (macos-latest)	Run actions/checkout@3d3c42e5aac5ba805825da76410c181273ba90b1	2026-09-14T23:40:34.7367200Z /github/runner_temp/git-credentials-3e915c5d-5c14-422d-a8f5-0e5b894d8dad.config
cli (macos-latest)	Run actions/checkout@3d3c42e5aac5ba805825da76410c181273ba90b1	2026-09-14T23:40:34.7383340Z [command]/opt/homebrew/bin/git config --local --unset includeif.gitdir:/github/workspace/.git.path \/github\/runner_temp\/git\-credentials\-3e915c5d\-5c14\-422d\-a8f5\-0e5b894d8dad\.config
cli (macos-latest)	Run actions/checkout@3d3c42e5aac5ba805825da76410c181273ba90b1	2026-09-14T23:40:34.7467710Z [command]/opt/homebrew/bin/git config --local --get-all includeif.gitdir:/github/workspace/.git/worktrees/*.path
cli (macos-latest)	Run actions/checkout@3d3c42e5aac5ba805825da76410c181273ba90b1	2026-09-14T23:40:34.7579050Z /github/runner_temp/git-credentials-3e915c5d-5c14-422d-a8f5-0e5b894d8dad.config
cli (macos-latest)	Run actions/checkout@3d3c42e5aac5ba805825da76410c181273ba90b1	2026-09-14T23:40:34.7637850Z [command]/opt/homebrew/bin/git config --local --unset includeif.gitdir:/github/workspace/.git/worktrees/*.path \/github\/runner_temp\/git\-credentials\-3e915c5d\-5c14\-422d\-a8f5\-0e5b894d8dad\.config
cli (macos-latest)	Run actions/checkout@3d3c42e5aac5ba805825da76410c181273ba90b1	2026-09-14T23:40:34.7705220Z [command]/opt/homebrew/bin/git submodule foreach --recursive git config --local --show-origin --name-only --get-regexp remote.origin.url
cli (macos-latest)	Run actions/checkout@3d3c42e5aac5ba805825da76410c181273ba90b1	2026-09-14T23:40:34.8733270Z Removing credentials config '/Users/runner/work/_temp/git-credentials-3e915c5d-5c14-422d-a8f5-0e5b894d8dad.config'
cli (macos-latest)	Run actions/checkout@3d3c42e5aac5ba805825da76410c181273ba90b1	2026-09-14T23:40:34.8743910Z ##[endgroup]
cli (macos-latest)	Run pnpm/action-setup@ea17c68df8912ef543352723c149a84f56e3d413	﻿2026-09-14T23:40:34.9022370Z ##[group]Run pnpm/action-setup@ea17c68df8912ef543352723c149a84f56e3d413
cli (macos-latest)	Run pnpm/action-setup@ea17c68df8912ef543352723c149a84f56e3d413	2026-09-14T23:40:34.9022710Z with:
cli (macos-latest)	Run pnpm/action-setup@ea17c68df8912ef543352723c149a84f56e3d413	2026-09-14T23:40:34.9022850Z   dest: ~/setup-pnpm
cli (macos-latest)	Run pnpm/action-setup@ea17c68df8912ef543352723c149a84f56e3d413	2026-09-14T23:40:34.9023000Z   run_install: null
cli (macos-latest)	Run pnpm/action-setup@ea17c68df8912ef543352723c149a84f56e3d413	2026-09-14T23:40:34.9023150Z   cache: false
cli (macos-latest)	Run pnpm/action-setup@ea17c68df8912ef543352723c149a84f56e3d413	2026-09-14T23:40:34.9023480Z   cache_dependency_path: pnpm-lock.yaml
cli (macos-latest)	Run pnpm/action-setup@ea17c68df8912ef543352723c149a84f56e3d413	2026-09-14T23:40:34.9023710Z   package_json_file: package.json
cli (macos-latest)	Run pnpm/action-setup@ea17c68df8912ef543352723c149a84f56e3d413	2026-09-14T23:40:34.9023960Z   standalone: false
cli (macos-latest)	Run pnpm/action-setup@ea17c68df8912ef543352723c149a84f56e3d413	2026-09-14T23:40:34.9024160Z ##[endgroup]
cli (macos-latest)	Run pnpm/action-setup@ea17c68df8912ef543352723c149a84f56e3d413	2026-09-14T23:40:35.1059890Z ##[group]Running self-installer...
cli (macos-latest)	Run pnpm/action-setup@ea17c68df8912ef543352723c149a84f56e3d413	2026-09-14T23:40:37.0297380Z 
cli (macos-latest)	Run pnpm/action-setup@ea17c68df8912ef543352723c149a84f56e3d413	2026-09-14T23:40:37.0301600Z added 1 package, and audited 2 packages in 1s
cli (macos-latest)	Run pnpm/action-setup@ea17c68df8912ef543352723c149a84f56e3d413	2026-09-14T23:40:37.0313670Z 
cli (macos-latest)	Run pnpm/action-setup@ea17c68df8912ef543352723c149a84f56e3d413	2026-09-14T23:40:37.0327780Z 1 package is looking for funding
cli (macos-latest)	Run pnpm/action-setup@ea17c68df8912ef543352723c149a84f56e3d413	2026-09-14T23:40:37.0341270Z   run `npm fund` for details
cli (macos-latest)	Run pnpm/action-setup@ea17c68df8912ef543352723c149a84f56e3d413	2026-09-14T23:40:37.0373420Z 
cli (macos-latest)	Run pnpm/action-setup@ea17c68df8912ef543352723c149a84f56e3d413	2026-09-14T23:40:37.0413330Z found 0 vulnerabilities
cli (macos-latest)	Run pnpm/action-setup@ea17c68df8912ef543352723c149a84f56e3d413	2026-09-14T23:40:37.7698630Z Checking for updates...
cli (macos-latest)	Run pnpm/action-setup@ea17c68df8912ef543352723c149a84f56e3d413	2026-09-14T23:40:37.9876140Z Switching pnpm from v11.25.0 to v10.33.2...
cli (macos-latest)	Run pnpm/action-setup@ea17c68df8912ef543352723c149a84f56e3d413	2026-09-14T23:40:38.5448690Z .../v11/548-1a0a24b4a5d-434423fff3fbe0ce | Progress: resolved 1, reused 0, downloaded 0, added 0
cli (macos-latest)	Run pnpm/action-setup@ea17c68df8912ef543352723c149a84f56e3d413	2026-09-14T23:40:38.5488190Z .../v11/548-1a0a24b4a5d-434423fff3fbe0ce |   +1 +
cli (macos-latest)	Run pnpm/action-setup@ea17c68df8912ef543352723c149a84f56e3d413	2026-09-14T23:40:39.0507830Z .../v11/548-1a0a24b4a5d-434423fff3fbe0ce | Progress: resolved 1, reused 0, downloaded 1, added 1, done
cli (macos-latest)	Run pnpm/action-setup@ea17c68df8912ef543352723c149a84f56e3d413	2026-09-14T23:40:39.5309480Z [WARN] Detected a pnpm v10 installation layout at PNPM_HOME. The pnpm shims at PNPM_HOME have been refreshed so the new version is active, but pnpm v11 expects bins in PNPM_HOME/bin. Run "pnpm setup" to migrate your PATH to the v11 layout.
cli (macos-latest)	Run pnpm/action-setup@ea17c68df8912ef543352723c149a84f56e3d413	2026-09-14T23:40:39.5345550Z Successfully updated pnpm to v10.33.2
cli (macos-latest)	Run pnpm/action-setup@ea17c68df8912ef543352723c149a84f56e3d413	2026-09-14T23:40:39.5635150Z ##[endgroup]
cli (macos-latest)	Run pnpm/action-setup@ea17c68df8912ef543352723c149a84f56e3d413	2026-09-14T23:40:39.5637580Z Installation Completed!
cli (macos-latest)	Run actions/setup-node@820762786026740c76f36085b0efc47a31fe5020	﻿2026-09-14T23:40:39.5914040Z ##[group]Run actions/setup-node@820762786026740c76f36085b0efc47a31fe5020
cli (macos-latest)	Run actions/setup-node@820762786026740c76f36085b0efc47a31fe5020	2026-09-14T23:40:39.5914480Z with:
cli (macos-latest)	Run actions/setup-node@820762786026740c76f36085b0efc47a31fe5020	2026-09-14T23:40:39.5914680Z   node-version: 24
cli (macos-latest)	Run actions/setup-node@820762786026740c76f36085b0efc47a31fe5020	2026-09-14T23:40:39.5914980Z   cache: pnpm
cli (macos-latest)	Run actions/setup-node@820762786026740c76f36085b0efc47a31fe5020	2026-09-14T23:40:39.5915150Z   check-latest: false
cli (macos-latest)	Run actions/setup-node@820762786026740c76f36085b0efc47a31fe5020	2026-09-14T23:40:39.5917420Z   token: ***
cli (macos-latest)	Run actions/setup-node@820762786026740c76f36085b0efc47a31fe5020	2026-09-14T23:40:39.5917690Z   package-manager-cache: true
cli (macos-latest)	Run actions/setup-node@820762786026740c76f36085b0efc47a31fe5020	2026-09-14T23:40:39.5918020Z env:
cli (macos-latest)	Run actions/setup-node@820762786026740c76f36085b0efc47a31fe5020	2026-09-14T23:40:39.5918270Z   PNPM_HOME: /Users/runner/setup-pnpm/node_modules/.bin
cli (macos-latest)	Run actions/setup-node@820762786026740c76f36085b0efc47a31fe5020	2026-09-14T23:40:39.5918650Z ##[endgroup]
cli (macos-latest)	Run actions/setup-node@820762786026740c76f36085b0efc47a31fe5020	2026-09-14T23:40:39.7383280Z Found in cache @ /Users/runner/hostedtoolcache/node/24.20.0/arm64
cli (macos-latest)	Run actions/setup-node@820762786026740c76f36085b0efc47a31fe5020	2026-09-14T23:40:39.7387030Z ##[group]Environment details
cli (macos-latest)	Run actions/setup-node@820762786026740c76f36085b0efc47a31fe5020	2026-09-14T23:40:40.4138780Z node: v24.20.0
cli (macos-latest)	Run actions/setup-node@820762786026740c76f36085b0efc47a31fe5020	2026-09-14T23:40:40.4164010Z npm: 11.19.0
cli (macos-latest)	Run actions/setup-node@820762786026740c76f36085b0efc47a31fe5020	2026-09-14T23:40:40.4164460Z yarn: 1.22.22
cli (macos-latest)	Run actions/setup-node@820762786026740c76f36085b0efc47a31fe5020	2026-09-14T23:40:40.4165160Z ##[endgroup]
cli (macos-latest)	Run actions/setup-node@820762786026740c76f36085b0efc47a31fe5020	2026-09-14T23:40:40.4189470Z [command]/Users/runner/setup-pnpm/node_modules/.bin/bin/pnpm store path --silent
cli (macos-latest)	Run actions/setup-node@820762786026740c76f36085b0efc47a31fe5020	2026-09-14T23:40:40.6806620Z /Users/runner/setup-pnpm/node_modules/.bin/store/v10
cli (macos-latest)	Run actions/setup-node@820762786026740c76f36085b0efc47a31fe5020	2026-09-14T23:40:40.8551220Z Cache hit for: node-cache-macOS-arm64-pnpm-1b7795a64b3f5c9935c6c77059dc5dc948c44ab49ad3fca4f0a4e0d836589833
cli (macos-latest)	Run actions/setup-node@820762786026740c76f36085b0efc47a31fe5020	2026-09-14T23:40:42.0062430Z Received 46150966 of 46150966 (100.0%), 45.0 MBs/sec
cli (macos-latest)	Run actions/setup-node@820762786026740c76f36085b0efc47a31fe5020	2026-09-14T23:40:42.0068080Z Cache Size: ~44 MB (46150966 B)
cli (macos-latest)	Run actions/setup-node@820762786026740c76f36085b0efc47a31fe5020	2026-09-14T23:40:42.0220190Z [command]/opt/homebrew/bin/gtar -xf /Users/runner/work/_temp/7432fcb4-2943-419c-be52-09e863a18550/cache.tzst -P -C /Users/runner/work/opf/opf --delay-directory-restore --use-compress-program unzstd
cli (macos-latest)	Run actions/setup-node@820762786026740c76f36085b0efc47a31fe5020	2026-09-14T23:40:43.2544910Z Cache restored successfully
cli (macos-latest)	Run actions/setup-node@820762786026740c76f36085b0efc47a31fe5020	2026-09-14T23:40:43.2576320Z Cache restored from key: node-cache-macOS-arm64-pnpm-1b7795a64b3f5c9935c6c77059dc5dc948c44ab49ad3fca4f0a4e0d836589833
cli (macos-latest)	Run pnpm install --frozen-lockfile	﻿2026-09-14T23:40:43.2748470Z ##[group]Run pnpm install --frozen-lockfile
cli (macos-latest)	Run pnpm install --frozen-lockfile	2026-09-14T23:40:43.2748880Z ^[[36;1mpnpm install --frozen-lockfile^[[0m
cli (macos-latest)	Run pnpm install --frozen-lockfile	2026-09-14T23:40:43.2820520Z shell: /bin/bash -e {0}
cli (macos-latest)	Run pnpm install --frozen-lockfile	2026-09-14T23:40:43.2821160Z env:
cli (macos-latest)	Run pnpm install --frozen-lockfile	2026-09-14T23:40:43.2821810Z   PNPM_HOME: /Users/runner/setup-pnpm/node_modules/.bin
cli (macos-latest)	Run pnpm install --frozen-lockfile	2026-09-14T23:40:43.2823910Z ##[endgroup]
cli (macos-latest)	Run pnpm install --frozen-lockfile	2026-09-14T23:40:43.6261290Z Scope: all 3 workspace projects
cli (macos-latest)	Run pnpm install --frozen-lockfile	2026-09-14T23:40:43.6583380Z Lockfile is up to date, resolution step is skipped
cli (macos-latest)	Run pnpm install --frozen-lockfile	2026-09-14T23:40:43.6852690Z Progress: resolved 1, reused 0, downloaded 0, added 0
cli (macos-latest)	Run pnpm install --frozen-lockfile	2026-09-14T23:40:43.6964550Z Packages: +73
cli (macos-latest)	Run pnpm install --frozen-lockfile	2026-09-14T23:40:43.7006190Z +++++++++++++++++++++++++++++++++++++++++++++++++++++++++++++++++++++++++
cli (macos-latest)	Run pnpm install --frozen-lockfile	2026-09-14T23:40:44.4390820Z Progress: resolved 73, reused 73, downloaded 0, added 73, done
cli (macos-latest)	Run pnpm install --frozen-lockfile	2026-09-14T23:40:44.5537130Z 
cli (macos-latest)	Run pnpm install --frozen-lockfile	2026-09-14T23:40:44.5542760Z devDependencies:
cli (macos-latest)	Run pnpm install --frozen-lockfile	2026-09-14T23:40:44.5543320Z + @biomejs/biome 2.5.12
cli (macos-latest)	Run pnpm install --frozen-lockfile	2026-09-14T23:40:44.5543840Z + @typescript/native <- typescript 7.0.2
cli (macos-latest)	Run pnpm install --frozen-lockfile	2026-09-14T23:40:44.5544120Z 
cli (macos-latest)	Run pnpm install --frozen-lockfile	2026-09-14T23:40:44.5799770Z ╭ Warning ─────────────────────────────────────────────────────────────────────╮
cli (macos-latest)	Run pnpm install --frozen-lockfile	2026-09-14T23:40:44.5854040Z │                                                                              │
cli (macos-latest)	Run pnpm install --frozen-lockfile	2026-09-14T23:40:44.5857020Z │   Ignored build scripts: esbuild@0.28.2.                                     │
cli (macos-latest)	Run pnpm install --frozen-lockfile	2026-09-14T23:40:44.5858160Z │   Run "pnpm approve-builds" to pick which dependencies should be allowed     │
cli (macos-latest)	Run pnpm install --frozen-lockfile	2026-09-14T23:40:44.5859500Z │   to run scripts.                                                            │
cli (macos-latest)	Run pnpm install --frozen-lockfile	2026-09-14T23:40:44.5860130Z │                                                                              │
cli (macos-latest)	Run pnpm install --frozen-lockfile	2026-09-14T23:40:44.5860900Z ╰──────────────────────────────────────────────────────────────────────────────╯
cli (macos-latest)	Run pnpm install --frozen-lockfile	2026-09-14T23:40:44.5866300Z Done in 1.1s using pnpm v10.33.2
cli (macos-latest)	Run pnpm typecheck	﻿2026-09-14T23:40:44.5972610Z ##[group]Run pnpm typecheck
cli (macos-latest)	Run pnpm typecheck	2026-09-14T23:40:44.5972930Z ^[[36;1mpnpm typecheck^[[0m
cli (macos-latest)	Run pnpm typecheck	2026-09-14T23:40:44.6013660Z shell: /bin/bash -e {0}
cli (macos-latest)	Run pnpm typecheck	2026-09-14T23:40:44.6013920Z env:
cli (macos-latest)	Run pnpm typecheck	2026-09-14T23:40:44.6014250Z   PNPM_HOME: /Users/runner/setup-pnpm/node_modules/.bin
cli (macos-latest)	Run pnpm typecheck	2026-09-14T23:40:44.6014600Z ##[endgroup]
cli (macos-latest)	Run pnpm typecheck	2026-09-14T23:40:45.2843250Z 
cli (macos-latest)	Run pnpm typecheck	2026-09-14T23:40:45.2855240Z > openpresentation-workspace@ typecheck /Users/runner/work/opf/opf
cli (macos-latest)	Run pnpm typecheck	2026-09-14T23:40:45.2859450Z > pnpm --filter @openpresentation/opf typecheck && pnpm --filter @openpresentation/cli typecheck
cli (macos-latest)	Run pnpm typecheck	2026-09-14T23:40:45.2861740Z 
cli (macos-latest)	Run pnpm typecheck	2026-09-14T23:40:45.6044960Z 
cli (macos-latest)	Run pnpm typecheck	2026-09-14T23:40:45.6069760Z > @openpresentation/opf@0.9.0 typecheck /Users/runner/work/opf/opf/packages/javascript
cli (macos-latest)	Run pnpm typecheck	2026-09-14T23:40:45.6073440Z > pnpm run generate && node ../../scripts/typecheck.mjs --noEmit
cli (macos-latest)	Run pnpm typecheck	2026-09-14T23:40:45.6075450Z 
cli (macos-latest)	Run pnpm typecheck	2026-09-14T23:40:45.9884570Z 
cli (macos-latest)	Run pnpm typecheck	2026-09-14T23:40:45.9893350Z > @openpresentation/opf@0.9.0 generate /Users/runner/work/opf/opf/packages/javascript
cli (macos-latest)	Run pnpm typecheck	2026-09-14T23:40:45.9896670Z > node scripts/generate.mjs && node scripts/generate-previews.mjs && node scripts/generate-content.mjs
cli (macos-latest)	Run pnpm typecheck	2026-09-14T23:40:45.9899540Z 
cli (macos-latest)	Run pnpm typecheck	2026-09-14T23:40:46.6687080Z Generated src/generated/previews.ts (70 previews)
cli (macos-latest)	Run pnpm typecheck	2026-09-14T23:40:46.9039650Z Generated src/generated/examples.ts (126 examples, 7 galleries)
cli (macos-latest)	Run pnpm typecheck	2026-09-14T23:40:46.9536880Z Generated src/generated/docs.ts (28 docs)
cli (macos-latest)	Run pnpm typecheck	2026-09-14T23:40:46.9551780Z Generated src/generated/repo-readme.ts (11388 bytes)
cli (macos-latest)	Run pnpm typecheck	2026-09-14T23:40:48.8772770Z 
cli (macos-latest)	Run pnpm typecheck	2026-09-14T23:40:48.8778350Z > @openpresentation/cli@0.7.0 typecheck /Users/runner/work/opf/opf/packages/cli
cli (macos-latest)	Run pnpm typecheck	2026-09-14T23:40:48.8780580Z > pnpm --filter @openpresentation/opf build && node ../../scripts/typecheck.mjs --noEmit
cli (macos-latest)	Run pnpm typecheck	2026-09-14T23:40:48.8782660Z 
cli (macos-latest)	Run pnpm typecheck	2026-09-14T23:40:49.1600730Z 
cli (macos-latest)	Run pnpm typecheck	2026-09-14T23:40:49.1601720Z > @openpresentation/opf@0.9.0 build /Users/runner/work/opf/opf/packages/javascript
cli (macos-latest)	Run pnpm typecheck	2026-09-14T23:40:49.1602630Z > pnpm run generate && tsup && node scripts/copy-spec.mjs
cli (macos-latest)	Run pnpm typecheck	2026-09-14T23:40:49.1603030Z 
cli (macos-latest)	Run pnpm typecheck	2026-09-14T23:40:49.4408970Z 
cli (macos-latest)	Run pnpm typecheck	2026-09-14T23:40:49.4424090Z > @openpresentation/opf@0.9.0 generate /Users/runner/work/opf/opf/packages/javascript
cli (macos-latest)	Run pnpm typecheck	2026-09-14T23:40:49.4428980Z > node scripts/generate.mjs && node scripts/generate-previews.mjs && node scripts/generate-content.mjs
cli (macos-latest)	Run pnpm typecheck	2026-09-14T23:40:49.4434150Z 
cli (macos-latest)	Run pnpm typecheck	2026-09-14T23:40:49.8580260Z Generated src/generated/previews.ts (70 previews)
cli (macos-latest)	Run pnpm typecheck	2026-09-14T23:40:49.9838330Z Generated src/generated/examples.ts (126 examples, 7 galleries)
cli (macos-latest)	Run pnpm typecheck	2026-09-14T23:40:49.9938170Z Generated src/generated/docs.ts (28 docs)
cli (macos-latest)	Run pnpm typecheck	2026-09-14T23:40:49.9947380Z Generated src/generated/repo-readme.ts (11388 bytes)
cli (macos-latest)	Run pnpm typecheck	2026-09-14T23:40:50.4105900Z ^[[34mCLI^[[39m Building entry: {"data":"src/data.ts","pagination":"src/pagination.ts","composition":"src/composition.ts","index":"src/index.ts","schemas":"src/schemas.ts","catalogs":"src/catalogs.ts","validator":"src/validator.ts","types":"src/types.ts","spec-files":"src/spec-files.ts","previews":"src/previews.ts","examples":"src/examples.ts","docs":"src/docs.ts","repo-readme":"src/repo-readme.ts"}
cli (macos-latest)	Run pnpm typecheck	2026-09-14T23:40:50.4110300Z ^[[34mCLI^[[39m Using tsconfig: tsconfig.json
cli (macos-latest)	Run pnpm typecheck	2026-09-14T23:40:50.4111140Z ^[[34mCLI^[[39m tsup v8.5.1
cli (macos-latest)	Run pnpm typecheck	2026-09-14T23:40:50.4112550Z ^[[34mCLI^[[39m Using tsup config: /Users/runner/work/opf/opf/packages/javascript/tsup.config.ts
cli (macos-latest)	Run pnpm typecheck	2026-09-14T23:40:50.4165440Z ^[[34mCLI^[[39m Target: es2022
cli (macos-latest)	Run pnpm typecheck	2026-09-14T23:40:50.4228900Z ^[[34mCLI^[[39m Cleaning output folder
cli (macos-latest)	Run pnpm typecheck	2026-09-14T23:40:50.4236280Z ^[[34mESM^[[39m Build start
cli (macos-latest)	Run pnpm typecheck	2026-09-14T23:40:51.0718020Z Generated an empty chunk: "types".
cli (macos-latest)	Run pnpm typecheck	2026-09-14T23:40:51.5497550Z ^[[34mDTS^[[39m Build start
cli (macos-latest)	Run pnpm typecheck	2026-09-14T23:40:51.5707410Z ^[[32mESM^[[39m ^[[1mdist/previews.js       ^[[22m^[[32m130.00 B^[[39m
cli (macos-latest)	Run pnpm typecheck	2026-09-14T23:40:51.5716340Z ^[[32mESM^[[39m ^[[1mdist/repo-readme.js    ^[[22m^[[32m11.47 KB^[[39m
cli (macos-latest)	Run pnpm typecheck	2026-09-14T23:40:51.5717160Z ^[[32mESM^[[39m ^[[1mdist/index.js          ^[[22m^[[32m1.38 KB^[[39m
cli (macos-latest)	Run pnpm typecheck	2026-09-14T23:40:51.5717990Z ^[[32mESM^[[39m ^[[1mdist/data.js           ^[[22m^[[32m95.00 B^[[39m
cli (macos-latest)	Run pnpm typecheck	2026-09-14T23:40:51.5722400Z ^[[32mESM^[[39m ^[[1mdist/chunk-OZULJBSG.js ^[[22m^[[32m117.86 KB^[[39m
cli (macos-latest)	Run pnpm typecheck	2026-09-14T23:40:51.5724260Z ^[[32mESM^[[39m ^[[1mdist/spec-files.js     ^[[22m^[[32m85.00 B^[[39m
cli (macos-latest)	Run pnpm typecheck	2026-09-14T23:40:51.5726020Z ^[[32mESM^[[39m ^[[1mdist/chunk-SOSOBKQ2.js ^[[22m^[[32m6.52 KB^[[39m
cli (macos-latest)	Run pnpm typecheck	2026-09-14T23:40:51.5727860Z ^[[32mESM^[[39m ^[[1mdist/chunk-F7ZUBA4H.js ^[[22m^[[32m14.23 KB^[[39m
cli (macos-latest)	Run pnpm typecheck	2026-09-14T23:40:51.5731340Z ^[[32mESM^[[39m ^[[1mdist/schemas.js        ^[[22m^[[32m202.00 B^[[39m
cli (macos-latest)	Run pnpm typecheck	2026-09-14T23:40:51.5732860Z ^[[32mESM^[[39m ^[[1mdist/catalogs.js       ^[[22m^[[32m238.00 B^[[39m
cli (macos-latest)	Run pnpm typecheck	2026-09-14T23:40:51.5734310Z ^[[32mESM^[[39m ^[[1mdist/validator.js      ^[[22m^[[32m267.00 B^[[39m
cli (macos-latest)	Run pnpm typecheck	2026-09-14T23:40:51.5735530Z ^[[32mESM^[[39m ^[[1mdist/chunk-JANDGUGA.js ^[[22m^[[32m27.16 KB^[[39m
cli (macos-latest)	Run pnpm typecheck	2026-09-14T23:40:51.5736880Z ^[[32mESM^[[39m ^[[1mdist/chunk-7IWTWUNU.js ^[[22m^[[32m93.98 KB^[[39m
cli (macos-latest)	Run pnpm typecheck	2026-09-14T23:40:51.5737570Z ^[[32mESM^[[39m ^[[1mdist/chunk-PIQXLBBJ.js ^[[22m^[[32m108.89 KB^[[39m
cli (macos-latest)	Run pnpm typecheck	2026-09-14T23:40:51.5738100Z ^[[32mESM^[[39m ^[[1mdist/types.js          ^[[22m^[[32m1.00 B^[[39m
cli (macos-latest)	Run pnpm typecheck	2026-09-14T23:40:51.5738600Z ^[[32mESM^[[39m ^[[1mdist/pagination.js     ^[[22m^[[32m215.00 B^[[39m
cli (macos-latest)	Run pnpm typecheck	2026-09-14T23:40:51.5739110Z ^[[32mESM^[[39m ^[[1mdist/composition.js    ^[[22m^[[32m437.00 B^[[39m
cli (macos-latest)	Run pnpm typecheck	2026-09-14T23:40:51.5739580Z ^[[32mESM^[[39m ^[[1mdist/chunk-GQSK3T7X.js ^[[22m^[[32m219.58 KB^[[39m
cli (macos-latest)	Run pnpm typecheck	2026-09-14T23:40:51.5740110Z ^[[32mESM^[[39m ^[[1mdist/chunk-TWMRZ43O.js ^[[22m^[[32m499.00 KB^[[39m
cli (macos-latest)	Run pnpm typecheck	2026-09-14T23:40:51.5740560Z ^[[32mESM^[[39m ^[[1mdist/docs.js           ^[[22m^[[32m526.61 KB^[[39m
cli (macos-latest)	Run pnpm typecheck	2026-09-14T23:40:51.5741020Z ^[[32mESM^[[39m ^[[1mdist/examples.js       ^[[22m^[[32m3.48 MB^[[39m
cli (macos-latest)	Run pnpm typecheck	2026-09-14T23:40:51.5741570Z ^[[32mESM^[[39m ⚡️ Build success in 1147ms
cli (macos-latest)	Run pnpm typecheck	2026-09-14T23:40:58.5602560Z ^[[32mDTS^[[39m ⚡️ Build success in 7777ms
cli (macos-latest)	Run pnpm typecheck	2026-09-14T23:40:58.5629810Z ^[[32mDTS^[[39m ^[[1mdist/index.d.ts                 ^[[22m^[[32m3.16 KB^[[39m
cli (macos-latest)	Run pnpm typecheck	2026-09-14T23:40:58.5630720Z ^[[32mDTS^[[39m ^[[1mdist/data.d.ts                  ^[[22m^[[32m1005.00 B^[[39m
cli (macos-latest)	Run pnpm typecheck	2026-09-14T23:40:58.5631460Z ^[[32mDTS^[[39m ^[[1mdist/pagination.d.ts            ^[[22m^[[32m2.40 KB^[[39m
cli (macos-latest)	Run pnpm typecheck	2026-09-14T23:40:58.5632200Z ^[[32mDTS^[[39m ^[[1mdist/previews.d.ts              ^[[22m^[[32m1.71 KB^[[39m
cli (macos-latest)	Run pnpm typecheck	2026-09-14T23:40:58.5633460Z ^[[32mDTS^[[39m ^[[1mdist/repo-readme.d.ts           ^[[22m^[[32m139.00 B^[[39m
cli (macos-latest)	Run pnpm typecheck	2026-09-14T23:40:58.5638050Z ^[[32mDTS^[[39m ^[[1mdist/examples.d.ts              ^[[22m^[[32m2.09 KB^[[39m
cli (macos-latest)	Run pnpm typecheck	2026-09-14T23:40:58.5638760Z ^[[32mDTS^[[39m ^[[1mdist/docs.d.ts                  ^[[22m^[[32m671.00 B^[[39m
cli (macos-latest)	Run pnpm typecheck	2026-09-14T23:40:58.5639420Z ^[[32mDTS^[[39m ^[[1mdist/composition.d.ts           ^[[22m^[[32m25.02 KB^[[39m
cli (macos-latest)	Run pnpm typecheck	2026-09-14T23:40:58.5643600Z ^[[32mDTS^[[39m ^[[1mdist/validator.d.ts             ^[[22m^[[32m1.54 KB^[[39m
cli (macos-latest)	Run pnpm typecheck	2026-09-14T23:40:58.5644270Z ^[[32mDTS^[[39m ^[[1mdist/spec-files.d.ts            ^[[22m^[[32m19.57 KB^[[39m
cli (macos-latest)	Run pnpm typecheck	2026-09-14T23:40:58.5644960Z ^[[32mDTS^[[39m ^[[1mdist/schemas.d.ts               ^[[22m^[[32m314.00 B^[[39m
cli (macos-latest)	Run pnpm typecheck	2026-09-14T23:40:58.5645540Z ^[[32mDTS^[[39m ^[[1mdist/catalogs.d.ts              ^[[22m^[[32m454.00 B^[[39m
cli (macos-latest)	Run pnpm typecheck	2026-09-14T23:40:58.5646170Z ^[[32mDTS^[[39m ^[[1mdist/types.d.ts                 ^[[22m^[[32m416.00 B^[[39m
cli (macos-latest)	Run pnpm typecheck	2026-09-14T23:40:58.5646840Z ^[[32mDTS^[[39m ^[[1mdist/presentation-BMTdX6O1.d.ts ^[[22m^[[32m113.38 KB^[[39m
cli (macos-latest)	Run pnpm typecheck	2026-09-14T23:40:58.5647500Z ^[[32mDTS^[[39m ^[[1mdist/schemas--QRVBhU1.d.ts      ^[[22m^[[32m8.84 KB^[[39m
cli (macos-latest)	Run pnpm typecheck	2026-09-14T23:40:58.5648100Z ^[[32mDTS^[[39m ^[[1mdist/catalogs-BnnkUX9O.d.ts     ^[[22m^[[32m46.31 KB^[[39m
cli (macos-latest)	Run pnpm --filter @openpresentation/opf test	﻿2026-09-14T23:40:59.1574320Z ##[group]Run pnpm --filter @openpresentation/opf test
cli (macos-latest)	Run pnpm --filter @openpresentation/opf test	2026-09-14T23:40:59.1575460Z ^[[36;1mpnpm --filter @openpresentation/opf test^[[0m
cli (macos-latest)	Run pnpm --filter @openpresentation/opf test	2026-09-14T23:40:59.1663590Z shell: /bin/bash -e {0}
cli (macos-latest)	Run pnpm --filter @openpresentation/opf test	2026-09-14T23:40:59.1664300Z env:
cli (macos-latest)	Run pnpm --filter @openpresentation/opf test	2026-09-14T23:40:59.1665090Z   PNPM_HOME: /Users/runner/setup-pnpm/node_modules/.bin
cli (macos-latest)	Run pnpm --filter @openpresentation/opf test	2026-09-14T23:40:59.1665860Z ##[endgroup]
cli (macos-latest)	Run pnpm --filter @openpresentation/opf test	2026-09-14T23:40:59.4743800Z 
cli (macos-latest)	Run pnpm --filter @openpresentation/opf test	2026-09-14T23:40:59.4747600Z > @openpresentation/opf@0.9.0 test /Users/runner/work/opf/opf/packages/javascript
cli (macos-latest)	Run pnpm --filter @openpresentation/opf test	2026-09-14T23:40:59.4748910Z > pnpm run build && node ../../scripts/run-node-tests.mjs && node test/composition.mjs && node test/pagination.mjs && node test/data.mjs && node test/rich-text.mjs && node test/lists.mjs
cli (macos-latest)	Run pnpm --filter @openpresentation/opf test	2026-09-14T23:40:59.4754480Z 
cli (macos-latest)	Run pnpm --filter @openpresentation/opf test	2026-09-14T23:40:59.8285200Z 
cli (macos-latest)	Run pnpm --filter @openpresentation/opf test	2026-09-14T23:40:59.8287340Z > @openpresentation/opf@0.9.0 build /Users/runner/work/opf/opf/packages/javascript
cli (macos-latest)	Run pnpm --filter @openpresentation/opf test	2026-09-14T23:40:59.8289130Z > pnpm run generate && tsup && node scripts/copy-spec.mjs
cli (macos-latest)	Run pnpm --filter @openpresentation/opf test	2026-09-14T23:40:59.8289760Z 
cli (macos-latest)	Run pnpm --filter @openpresentation/opf test	2026-09-14T23:41:00.1511520Z 
cli (macos-latest)	Run pnpm --filter @openpresentation/opf test	2026-09-14T23:41:00.1512440Z > @openpresentation/opf@0.9.0 generate /Users/runner/work/opf/opf/packages/javascript
cli (macos-latest)	Run pnpm --filter @openpresentation/opf test	2026-09-14T23:41:00.1514420Z > node scripts/generate.mjs && node scripts/generate-previews.mjs && node scripts/generate-content.mjs
cli (macos-latest)	Run pnpm --filter @openpresentation/opf test	2026-09-14T23:41:00.1514970Z 
cli (macos-latest)	Run pnpm --filter @openpresentation/opf test	2026-09-14T23:41:00.5848210Z Generated src/generated/previews.ts (70 previews)
cli (macos-latest)	Run pnpm --filter @openpresentation/opf test	2026-09-14T23:41:00.6992860Z Generated src/generated/examples.ts (126 examples, 7 galleries)
cli (macos-latest)	Run pnpm --filter @openpresentation/opf test	2026-09-14T23:41:00.7100270Z Generated src/generated/docs.ts (28 docs)
cli (macos-latest)	Run pnpm --filter @openpresentation/opf test	2026-09-14T23:41:00.7109830Z Generated src/generated/repo-readme.ts (11388 bytes)
cli (macos-latest)	Run pnpm --filter @openpresentation/opf test	2026-09-14T23:41:01.0707860Z ^[[34mCLI^[[39m Building entry: {"data":"src/data.ts","pagination":"src/pagination.ts","composition":"src/composition.ts","index":"src/index.ts","schemas":"src/schemas.ts","catalogs":"src/catalogs.ts","validator":"src/validator.ts","types":"src/types.ts","spec-files":"src/spec-files.ts","previews":"src/previews.ts","examples":"src/examples.ts","docs":"src/docs.ts","repo-readme":"src/repo-readme.ts"}
cli (macos-latest)	Run pnpm --filter @openpresentation/opf test	2026-09-14T23:41:01.0709680Z ^[[34mCLI^[[39m Using tsconfig: tsconfig.json
cli (macos-latest)	Run pnpm --filter @openpresentation/opf test	2026-09-14T23:41:01.0710110Z ^[[34mCLI^[[39m tsup v8.5.1
cli (macos-latest)	Run pnpm --filter @openpresentation/opf test	2026-09-14T23:41:01.0710770Z ^[[34mCLI^[[39m Using tsup config: /Users/runner/work/opf/opf/packages/javascript/tsup.config.ts
cli (macos-latest)	Run pnpm --filter @openpresentation/opf test	2026-09-14T23:41:01.0733340Z ^[[34mCLI^[[39m Target: es2022
cli (macos-latest)	Run pnpm --filter @openpresentation/opf test	2026-09-14T23:41:01.1190920Z ^[[34mCLI^[[39m Cleaning output folder
cli (macos-latest)	Run pnpm --filter @openpresentation/opf test	2026-09-14T23:41:01.1191990Z ^[[34mESM^[[39m Build start
cli (macos-latest)	Run pnpm --filter @openpresentation/opf test	2026-09-14T23:41:01.5988030Z Generated an empty chunk: "types".
cli (macos-latest)	Run pnpm --filter @openpresentation/opf test	2026-09-14T23:41:01.5992850Z ^[[34mDTS^[[39m Build start
cli (macos-latest)	Run pnpm --filter @openpresentation/opf test	2026-09-14T23:41:01.9150360Z ^[[32mESM^[[39m ^[[1mdist/repo-readme.js    ^[[22m^[[32m11.47 KB^[[39m
cli (macos-latest)	Run pnpm --filter @openpresentation/opf test	2026-09-14T23:41:01.9152980Z ^[[32mESM^[[39m ^[[1mdist/data.js           ^[[22m^[[32m95.00 B^[[39m
cli (macos-latest)	Run pnpm --filter @openpresentation/opf test	2026-09-14T23:41:01.9154320Z ^[[32mESM^[[39m ^[[1mdist/previews.js       ^[[22m^[[32m130.00 B^[[39m
cli (macos-latest)	Run pnpm --filter @openpresentation/opf test	2026-09-14T23:41:01.9155680Z ^[[32mESM^[[39m ^[[1mdist/pagination.js     ^[[22m^[[32m215.00 B^[[39m
cli (macos-latest)	Run pnpm --filter @openpresentation/opf test	2026-09-14T23:41:01.9157030Z ^[[32mESM^[[39m ^[[1mdist/spec-files.js     ^[[22m^[[32m85.00 B^[[39m
cli (macos-latest)	Run pnpm --filter @openpresentation/opf test	2026-09-14T23:41:01.9158380Z ^[[32mESM^[[39m ^[[1mdist/composition.js    ^[[22m^[[32m437.00 B^[[39m
cli (macos-latest)	Run pnpm --filter @openpresentation/opf test	2026-09-14T23:41:01.9160140Z ^[[32mESM^[[39m ^[[1mdist/index.js          ^[[22m^[[32m1.38 KB^[[39m
cli (macos-latest)	Run pnpm --filter @openpresentation/opf test	2026-09-14T23:41:01.9162630Z ^[[32mESM^[[39m ^[[1mdist/chunk-PIQXLBBJ.js ^[[22m^[[32m108.89 KB^[[39m
cli (macos-latest)	Run pnpm --filter @openpresentation/opf test	2026-09-14T23:41:01.9164020Z ^[[32mESM^[[39m ^[[1mdist/catalogs.js       ^[[22m^[[32m238.00 B^[[39m
cli (macos-latest)	Run pnpm --filter @openpresentation/opf test	2026-09-14T23:41:01.9165340Z ^[[32mESM^[[39m ^[[1mdist/chunk-F7ZUBA4H.js ^[[22m^[[32m14.23 KB^[[39m
cli (macos-latest)	Run pnpm --filter @openpresentation/opf test	2026-09-14T23:41:01.9166660Z ^[[32mESM^[[39m ^[[1mdist/chunk-SOSOBKQ2.js ^[[22m^[[32m6.52 KB^[[39m
cli (macos-latest)	Run pnpm --filter @openpresentation/opf test	2026-09-14T23:41:01.9168070Z ^[[32mESM^[[39m ^[[1mdist/validator.js      ^[[22m^[[32m267.00 B^[[39m
cli (macos-latest)	Run pnpm --filter @openpresentation/opf test	2026-09-14T23:41:01.9169410Z ^[[32mESM^[[39m ^[[1mdist/schemas.js        ^[[22m^[[32m202.00 B^[[39m
cli (macos-latest)	Run pnpm --filter @openpresentation/opf test	2026-09-14T23:41:01.9170680Z ^[[32mESM^[[39m ^[[1mdist/chunk-OZULJBSG.js ^[[22m^[[32m117.86 KB^[[39m
cli (macos-latest)	Run pnpm --filter @openpresentation/opf test	2026-09-14T23:41:01.9172210Z ^[[32mESM^[[39m ^[[1mdist/chunk-7IWTWUNU.js ^[[22m^[[32m93.98 KB^[[39m
cli (macos-latest)	Run pnpm --filter @openpresentation/opf test	2026-09-14T23:41:01.9173570Z ^[[32mESM^[[39m ^[[1mdist/chunk-JANDGUGA.js ^[[22m^[[32m27.16 KB^[[39m
cli (macos-latest)	Run pnpm --filter @openpresentation/opf test	2026-09-14T23:41:01.9175910Z ^[[32mESM^[[39m ^[[1mdist/chunk-GQSK3T7X.js ^[[22m^[[32m219.58 KB^[[39m
cli (macos-latest)	Run pnpm --filter @openpresentation/opf test	2026-09-14T23:41:01.9177250Z ^[[32mESM^[[39m ^[[1mdist/types.js          ^[[22m^[[32m1.00 B^[[39m
cli (macos-latest)	Run pnpm --filter @openpresentation/opf test	2026-09-14T23:41:01.9178600Z ^[[32mESM^[[39m ^[[1mdist/chunk-TWMRZ43O.js ^[[22m^[[32m499.00 KB^[[39m
cli (macos-latest)	Run pnpm --filter @openpresentation/opf test	2026-09-14T23:41:01.9179910Z ^[[32mESM^[[39m ^[[1mdist/docs.js           ^[[22m^[[32m526.61 KB^[[39m
cli (macos-latest)	Run pnpm --filter @openpresentation/opf test	2026-09-14T23:41:01.9181220Z ^[[32mESM^[[39m ^[[1mdist/examples.js       ^[[22m^[[32m3.48 MB^[[39m
cli (macos-latest)	Run pnpm --filter @openpresentation/opf test	2026-09-14T23:41:01.9182450Z ^[[32mESM^[[39m ⚡️ Build success in 805ms
cli (macos-latest)	Run pnpm --filter @openpresentation/opf test	2026-09-14T23:41:07.0744390Z ^[[32mDTS^[[39m ⚡️ Build success in 5660ms
cli (macos-latest)	Run pnpm --filter @openpresentation/opf test	2026-09-14T23:41:07.0751890Z ^[[32mDTS^[[39m ^[[1mdist/index.d.ts                 ^[[22m^[[32m3.16 KB^[[39m
cli (macos-latest)	Run pnpm --filter @openpresentation/opf test	2026-09-14T23:41:07.0753660Z ^[[32mDTS^[[39m ^[[1mdist/data.d.ts                  ^[[22m^[[32m1005.00 B^[[39m
cli (macos-latest)	Run pnpm --filter @openpresentation/opf test	2026-09-14T23:41:07.0754360Z ^[[32mDTS^[[39m ^[[1mdist/pagination.d.ts            ^[[22m^[[32m2.40 KB^[[39m
cli (macos-latest)	Run pnpm --filter @openpresentation/opf test	2026-09-14T23:41:07.0754880Z ^[[32mDTS^[[39m ^[[1mdist/previews.d.ts              ^[[22m^[[32m1.71 KB^[[39m
cli (macos-latest)	Run pnpm --filter @openpresentation/opf test	2026-09-14T23:41:07.0755550Z ^[[32mDTS^[[39m ^[[1mdist/repo-readme.d.ts           ^[[22m^[[32m139.00 B^[[39m
cli (macos-latest)	Run pnpm --filter @openpresentation/opf test	2026-09-14T23:41:07.0756270Z ^[[32mDTS^[[39m ^[[1mdist/examples.d.ts              ^[[22m^[[32m2.09 KB^[[39m
cli (macos-latest)	Run pnpm --filter @openpresentation/opf test	2026-09-14T23:41:07.0756850Z ^[[32mDTS^[[39m ^[[1mdist/docs.d.ts                  ^[[22m^[[32m671.00 B^[[39m
cli (macos-latest)	Run pnpm --filter @openpresentation/opf test	2026-09-14T23:41:07.0757500Z ^[[32mDTS^[[39m ^[[1mdist/composition.d.ts           ^[[22m^[[32m25.02 KB^[[39m
cli (macos-latest)	Run pnpm --filter @openpresentation/opf test	2026-09-14T23:41:07.0758090Z ^[[32mDTS^[[39m ^[[1mdist/validator.d.ts             ^[[22m^[[32m1.54 KB^[[39m
cli (macos-latest)	Run pnpm --filter @openpresentation/opf test	2026-09-14T23:41:07.0758660Z ^[[32mDTS^[[39m ^[[1mdist/spec-files.d.ts            ^[[22m^[[32m19.57 KB^[[39m
cli (macos-latest)	Run pnpm --filter @openpresentation/opf test	2026-09-14T23:41:07.0759300Z ^[[32mDTS^[[39m ^[[1mdist/schemas.d.ts               ^[[22m^[[32m314.00 B^[[39m
cli (macos-latest)	Run pnpm --filter @openpresentation/opf test	2026-09-14T23:41:07.0759890Z ^[[32mDTS^[[39m ^[[1mdist/catalogs.d.ts              ^[[22m^[[32m454.00 B^[[39m
cli (macos-latest)	Run pnpm --filter @openpresentation/opf test	2026-09-14T23:41:07.0760500Z ^[[32mDTS^[[39m ^[[1mdist/types.d.ts                 ^[[22m^[[32m416.00 B^[[39m
cli (macos-latest)	Run pnpm --filter @openpresentation/opf test	2026-09-14T23:41:07.0761080Z ^[[32mDTS^[[39m ^[[1mdist/presentation-BMTdX6O1.d.ts ^[[22m^[[32m113.38 KB^[[39m
cli (macos-latest)	Run pnpm --filter @openpresentation/opf test	2026-09-14T23:41:07.0761730Z ^[[32mDTS^[[39m ^[[1mdist/schemas--QRVBhU1.d.ts      ^[[22m^[[32m8.84 KB^[[39m
cli (macos-latest)	Run pnpm --filter @openpresentation/opf test	2026-09-14T23:41:07.0762360Z ^[[32mDTS^[[39m ^[[1mdist/catalogs-BnnkUX9O.d.ts     ^[[22m^[[32m46.31 KB^[[39m
cli (macos-latest)	Run pnpm --filter @openpresentation/opf test	2026-09-14T23:41:07.8883930Z ✔ cards preserve outer tracks, regions and headings while measuring a rounded inner box (8.391666ms)
cli (macos-latest)	Run pnpm --filter @openpresentation/opf test	2026-09-14T23:41:07.8896080Z ✔ slide false overrides host cards; nested leaves receive one inset and preserve group geometry (1.999875ms)
cli (macos-latest)	Run pnpm --filter @openpresentation/opf test	2026-09-14T23:41:07.8930930Z ✔ card padding participates in automatic score, strict overflow and whole-document pagination (192.017542ms)
cli (macos-latest)	Run pnpm --filter @openpresentation/opf test	2026-09-14T23:41:08.3866290Z ✔ accepted code uses rounded cells and preserves body compatibility without repeated explanation measurements (5.442083ms)
cli (macos-latest)	Run pnpm --filter @openpresentation/opf test	2026-09-14T23:41:08.3868330Z ✔ candidate penalties include complete code metadata and charge overflowing leaves once (10.406833ms)
cli (macos-latest)	Run pnpm --filter @openpresentation/opf test	2026-09-14T23:41:08.3872210Z ✔ strict ancestors reject code metadata paths and cannot be weakened by descendants (236.855917ms)
cli (macos-latest)	Run pnpm --filter @openpresentation/opf test	2026-09-14T23:41:08.3873260Z ✔ explicit code placement and weights remain authoritative even when metadata overflows (11.694333ms)
cli (macos-latest)	Run pnpm --filter @openpresentation/opf test	2026-09-14T23:41:08.3875910Z ✔ pagination preserves exact code bytes, metadata, ranges and floors across wide and portrait slides (258.98275ms)
cli (macos-latest)	Run pnpm --filter @openpresentation/opf test	2026-09-14T23:41:08.3876930Z ✔ irreducible code metadata rejects pagination even after earlier content or with an empty body (177.951292ms)
cli (macos-latest)	Run pnpm --filter @openpresentation/opf test	2026-09-14T23:41:08.3930470Z ✔ complete code parts preserve exact filename, language, body, whitespace and hard line boundaries (5.958458ms)
cli (macos-latest)	Run pnpm --filter @openpresentation/opf test	2026-09-14T23:41:08.3932800Z ✔ shorthand, empty source and absent metadata retain their source and generated-label distinction (0.419083ms)
cli (macos-latest)	Run pnpm --filter @openpresentation/opf test	2026-09-14T23:41:08.3937540Z ✔ long language labels and filenames are measured within their cell before allocating the body (4.934708ms)
cli (macos-latest)	Run pnpm --filter @openpresentation/opf test	2026-09-14T23:41:08.3952870Z ✔ wrapped whitespace and graphemes retain contiguous source offsets, including CRLF and blank final lines (2.567958ms)
cli (macos-latest)	Run pnpm --filter @openpresentation/opf test	2026-09-14T23:41:08.3953940Z ✔ tabs use measured space stops and never send control tabs to the font-width provider (1.532958ms)
cli (macos-latest)	Run pnpm --filter @openpresentation/opf test	2026-09-14T23:41:08.3955550Z ✔ readability floors scale once and body shrinking preserves all code content (1.016584ms)
cli (macos-latest)	Run pnpm --filter @openpresentation/opf test	2026-09-14T23:41:08.3956520Z ✔ irreducible body and metadata failures remain explicit; strict mode does not return partial output (11.340291ms)
cli (macos-latest)	Run pnpm --filter @openpresentation/opf test	2026-09-14T23:41:08.3957460Z ✔ invalid inner boxes never become invented one-pixel fits; malformed options reject (0.856542ms)
cli (macos-latest)	Run pnpm --filter @openpresentation/opf test	2026-09-14T23:41:08.3958180Z ✔ font trials stay bounded independently of canvas scale (10.210958ms)
cli (macos-latest)	Run pnpm --filter @openpresentation/opf test	2026-09-14T23:41:08.3958940Z ✔ opaque contrast follows unrounded sRGB luminance thresholds (1.784542ms)
cli (macos-latest)	Run pnpm --filter @openpresentation/opf test	2026-09-14T23:41:08.3959640Z ✔ chart marks retain passing colors and brighten/darken failing opaque palettes (9.0555ms)
cli (macos-latest)	Run pnpm --filter @openpresentation/opf test	2026-09-14T23:41:08.3960450Z ✔ bright and dark fills select readable inherited text without guessing alpha backdrops (0.159041ms)
cli (macos-latest)	Run pnpm --filter @openpresentation/opf test	2026-09-14T23:41:09.7245100Z ✔ explanation preserves geometry, source values and measurement calls (20.241708ms)
cli (macos-latest)	Run pnpm --filter @openpresentation/opf test	2026-09-14T23:41:09.7321470Z ✔ candidate penalties account for the score and report the selected flow (12.208791ms)
cli (macos-latest)	Run pnpm --filter @openpresentation/opf test	2026-09-14T23:41:09.7322600Z ✔ fixed modes and promoted regions retain placement with no invented search (0.568875ms)
cli (macos-latest)	Run pnpm --filter @openpresentation/opf test	2026-09-14T23:41:09.7323550Z ✔ reserved slots, candidate caps and empty slides are explicit (97.247833ms)
cli (macos-latest)	Run pnpm --filter @openpresentation/opf test	2026-09-14T23:41:09.7324590Z ✔ equal scores retain the first, lower-column candidate (0.311792ms)
cli (macos-latest)	Run pnpm --filter @openpresentation/opf test	2026-09-14T23:41:09.7325750Z ✔ unsupported internal fit stays visible and strict failures retain their explanation (1265.480708ms)
cli (macos-latest)	Run pnpm --filter @openpresentation/opf test	2026-09-14T23:41:09.7361190Z ▶ example catalog sanity
cli (macos-latest)	Run pnpm --filter @openpresentation/opf test	2026-09-14T23:41:09.7462640Z   ✔ has at least one example (0.450458ms)
cli (macos-latest)	Run pnpm --filter @openpresentation/opf test	2026-09-14T23:41:09.7565320Z   ✔ has at least one gallery (0.10625ms)
cli (macos-latest)	Run pnpm --filter @openpresentation/opf test	2026-09-14T23:41:09.7630390Z   ✔ example categories include 'gallery' (0.092625ms)
cli (macos-latest)	Run pnpm --filter @openpresentation/opf test	2026-09-14T23:41:09.7673920Z ✔ example catalog sanity (1.306959ms)
cli (macos-latest)	Run pnpm --filter @openpresentation/opf test	2026-09-14T23:41:09.7766430Z ▶ every bundled example validates cleanly
cli (macos-latest)	Run pnpm --filter @openpresentation/opf test	2026-09-14T23:41:09.7767420Z   ✔ example 'compliance-readiness-review' has the expected shape and validates without warnings (190.385458ms)
cli (macos-latest)	Run pnpm --filter @openpresentation/opf test	2026-09-14T23:41:09.7869250Z   ✔ example 'contract-cycle-time-brief' has the expected shape and validates without warnings (1.234791ms)
cli (macos-latest)	Run pnpm --filter @openpresentation/opf test	2026-09-14T23:41:09.7971440Z   ✔ example 'data-platform-migration-plan' has the expected shape and validates without warnings (0.860417ms)
cli (macos-latest)	Run pnpm --filter @openpresentation/opf test	2026-09-14T23:41:09.8072970Z   ✔ example 'defect-escape-reduction-review' has the expected shape and validates without warnings (0.414375ms)
cli (macos-latest)	Run pnpm --filter @openpresentation/opf test	2026-09-14T23:41:09.8175000Z   ✔ example 'demand-generation-campaign-brief' has the expected shape and validates without warnings (0.654417ms)
cli (macos-latest)	Run pnpm --filter @openpresentation/opf test	2026-09-14T23:41:09.8276050Z   ✔ example 'employee-town-hall-run-of-show' has the expected shape and validates without warnings (0.222875ms)
cli (macos-latest)	Run pnpm --filter @openpresentation/opf test	2026-09-14T23:41:09.8378040Z   ✔ example 'engineering-capacity-planning' has the expected shape and validates without warnings (0.741958ms)
cli (macos-latest)	Run pnpm --filter @openpresentation/opf test	2026-09-14T23:41:09.8501200Z   ✔ example 'enterprise-account-expansion-plan' has the expected shape and validates without warnings (0.314291ms)
cli (macos-latest)	Run pnpm --filter @openpresentation/opf test	2026-09-14T23:41:09.8626430Z   ✔ example 'field-enablement-certification' has the expected shape and validates without warnings (0.304625ms)
cli (macos-latest)	Run pnpm --filter @openpresentation/opf test	2026-09-14T23:41:09.8760580Z   ✔ example 'fy27-budget-tradeoff-deck' has the expected shape and validates without warnings (0.160666ms)
cli (macos-latest)	Run pnpm --filter @openpresentation/opf test	2026-09-14T23:41:09.8838040Z   ✔ example 'identity-incident-executive-brief' has the expected shape and validates without warnings (0.199042ms)
cli (macos-latest)	Run pnpm --filter @openpresentation/opf test	2026-09-14T23:41:09.8839100Z   ✔ example 'investor-relations-update' has the expected shape and validates without warnings (0.364292ms)
cli (macos-latest)	Run pnpm --filter @openpresentation/opf test	2026-09-14T23:41:09.8840020Z   ✔ example 'model-governance-review' has the expected shape and validates without warnings (0.367ms)
cli (macos-latest)	Run pnpm --filter @openpresentation/opf test	2026-09-14T23:41:09.8841560Z   ✔ example 'onboarding-experience-redesign' has the expected shape and validates without warnings (0.100166ms)
cli (macos-latest)	Run pnpm --filter @openpresentation/opf test	2026-09-14T23:41:09.8842630Z   ✔ example 'partner-ecosystem-launch-kit' has the expected shape and validates without warnings (0.080416ms)
cli (macos-latest)	Run pnpm --filter @openpresentation/opf test	2026-09-14T23:41:09.8844110Z   ✔ example 'pricing-and-packaging-decision' has the expected shape and validates without warnings (0.323917ms)
cli (macos-latest)	Run pnpm --filter @openpresentation/opf test	2026-09-14T23:41:09.8845100Z   ✔ example 'product-roadmap-decision-review' has the expected shape and validates without warnings (0.28725ms)
cli (macos-latest)	Run pnpm --filter @openpresentation/opf test	2026-09-14T23:41:09.8845900Z   ✔ example 'renewal-save-plan' has the expected shape and validates without warnings (0.160667ms)
cli (macos-latest)	Run pnpm --filter @openpresentation/opf test	2026-09-14T23:41:09.8846760Z   ✔ example 'revenue-forecast-inspection' has the expected shape and validates without warnings (0.288958ms)
cli (macos-latest)	Run pnpm --filter @openpresentation/opf test	2026-09-14T23:41:09.8847560Z   ✔ example 's-and-op-exception-review' has the expected shape and validates without warnings (0.361916ms)
cli (macos-latest)	Run pnpm --filter @openpresentation/opf test	2026-09-14T23:41:09.8848370Z   ✔ example 'scope-3-reporting-readiness' has the expected shape and validates without warnings (0.209667ms)
cli (macos-latest)	Run pnpm --filter @openpresentation/opf test	2026-09-14T23:41:09.8849240Z   ✔ example 'strategy-offsite-pre-read' has the expected shape and validates without warnings (0.270542ms)
cli (macos-latest)	Run pnpm --filter @openpresentation/opf test	2026-09-14T23:41:09.8850000Z   ✔ example 'supplier-risk-heatmap' has the expected shape and validates without warnings (0.354583ms)
cli (macos-latest)	Run pnpm --filter @openpresentation/opf test	2026-09-14T23:41:09.8850790Z   ✔ example 'support-deflection-program' has the expected shape and validates without warnings (0.182125ms)
cli (macos-latest)	Run pnpm --filter @openpresentation/opf test	2026-09-14T23:41:09.8851590Z   ✔ example 'workplace-occupancy-reset' has the expected shape and validates without warnings (0.1785ms)
cli (macos-latest)	Run pnpm --filter @openpresentation/opf test	2026-09-14T23:41:09.8852350Z   ✔ example 'data-storytelling-atlas' has the expected shape and validates without warnings (0.286291ms)
cli (macos-latest)	Run pnpm --filter @openpresentation/opf test	2026-09-14T23:41:09.8853120Z   ✔ example 'kiosk-orientation-deck' has the expected shape and validates without warnings (6.227042ms)
cli (macos-latest)	Run pnpm --filter @openpresentation/opf test	2026-09-14T23:41:09.8853880Z   ✔ example 'photo-essay-portfolio' has the expected shape and validates without warnings (0.728667ms)
cli (macos-latest)	Run pnpm --filter @openpresentation/opf test	2026-09-14T23:41:09.8855000Z   ✔ example 'video-demo-sales-narrative' has the expected shape and validates without warnings (0.698875ms)
cli (macos-latest)	Run pnpm --filter @openpresentation/opf test	2026-09-14T23:41:09.8855800Z   ✔ example 'visual-brand-system-sampler' has the expected shape and validates without warnings (0.6185ms)
cli (macos-latest)	Run pnpm --filter @openpresentation/opf test	2026-09-14T23:41:09.8856590Z   ✔ example 'advising-retention-review' has the expected shape and validates without warnings (0.490583ms)
cli (macos-latest)	Run pnpm --filter @openpresentation/opf test	2026-09-14T23:41:09.8857420Z   ✔ example 'alumni-giving-campaign' has the expected shape and validates without warnings (0.479292ms)
cli (macos-latest)	Run pnpm --filter @openpresentation/opf test	2026-09-14T23:41:09.8858220Z   ✔ example 'apprenticeship-partnership-deck' has the expected shape and validates without warnings (0.256ms)
cli (macos-latest)	Run pnpm --filter @openpresentation/opf test	2026-09-14T23:41:09.8859040Z   ✔ example 'athletics-budget-review' has the expected shape and validates without warnings (0.295917ms)
cli (macos-latest)	Run pnpm --filter @openpresentation/opf test	2026-09-14T23:41:09.8884720Z   ✔ example 'campus-energy-action-brief' has the expected shape and validates without warnings (0.153417ms)
cli (macos-latest)	Run pnpm --filter @openpresentation/opf test	2026-09-14T23:41:09.8885510Z   ✔ example 'curriculum-approval-brief' has the expected shape and validates without warnings (0.200208ms)
cli (macos-latest)	Run pnpm --filter @openpresentation/opf test	2026-09-14T23:41:09.8886300Z   ✔ example 'district-literacy-acceleration-plan' has the expected shape and validates without warnings (0.070625ms)
cli (macos-latest)	Run pnpm --filter @openpresentation/opf test	2026-09-14T23:41:09.8887080Z   ✔ example 'library-modernization-roadmap' has the expected shape and validates without warnings (0.187209ms)
cli (macos-latest)	Run pnpm --filter @openpresentation/opf test	2026-09-14T23:41:09.8887830Z   ✔ example 'online-program-launch-plan' has the expected shape and validates without warnings (0.112084ms)
cli (macos-latest)	Run pnpm --filter @openpresentation/opf test	2026-09-14T23:41:09.8889130Z   ✔ example 'research-grant-pitch' has the expected shape and validates without warnings (0.103042ms)
cli (macos-latest)	Run pnpm --filter @openpresentation/opf test	2026-09-14T23:41:09.8889880Z   ✔ example 'school-safety-preparedness-brief' has the expected shape and validates without warnings (0.068834ms)
cli (macos-latest)	Run pnpm --filter @openpresentation/opf test	2026-09-14T23:41:09.8890650Z   ✔ example 'special-education-services-plan' has the expected shape and validates without warnings (0.064ms)
cli (macos-latest)	Run pnpm --filter @openpresentation/opf test	2026-09-14T23:41:09.8891380Z   ✔ example 'stem-lab-funding-proposal' has the expected shape and validates without warnings (0.057958ms)
cli (macos-latest)	Run pnpm --filter @openpresentation/opf test	2026-09-14T23:41:09.8892220Z   ✔ example 'student-mental-health-capacity-review' has the expected shape and validates without warnings (0.138292ms)
cli (macos-latest)	Run pnpm --filter @openpresentation/opf test	2026-09-14T23:41:09.8893010Z   ✔ example 'workforce-pathway-partnership' has the expected shape and validates without warnings (0.203334ms)
cli (macos-latest)	Run pnpm --filter @openpresentation/opf test	2026-09-14T23:41:09.8893960Z   ✔ example 'broadband-public-hearing-deck' has the expected shape and validates without warnings (0.19825ms)
cli (macos-latest)	Run pnpm --filter @openpresentation/opf test	2026-09-14T23:41:09.8894740Z   ✔ example 'court-backlog-reduction-plan' has the expected shape and validates without warnings (0.127792ms)
cli (macos-latest)	Run pnpm --filter @openpresentation/opf test	2026-09-14T23:41:09.8895490Z   ✔ example 'digital-services-modernization' has the expected shape and validates without warnings (0.092667ms)
cli (macos-latest)	Run pnpm --filter @openpresentation/opf test	2026-09-14T23:41:09.8896180Z   ✔ example 'grant-equity-review' has the expected shape and validates without warnings (0.111209ms)
cli (macos-latest)	Run pnpm --filter @openpresentation/opf test	2026-09-14T23:41:09.8896970Z   ✔ example 'housing-zoning-council-brief' has the expected shape and validates without warnings (0.245708ms)
cli (macos-latest)	Run pnpm --filter @openpresentation/opf test	2026-09-14T23:41:09.8900170Z   ✔ example 'parks-master-plan-workshop' has the expected shape and validates without warnings (0.112291ms)
cli (macos-latest)	Run pnpm --filter @openpresentation/opf test	2026-09-14T23:41:09.8902200Z   ✔ example 'police-training-program-update' has the expected shape and validates without warnings (0.11125ms)
cli (macos-latest)	Run pnpm --filter @openpresentation/opf test	2026-09-14T23:41:09.8904330Z   ✔ example 'recycling-participation-campaign' has the expected shape and validates without warnings (0.282584ms)
cli (macos-latest)	Run pnpm --filter @openpresentation/opf test	2026-09-14T23:41:09.8906340Z   ✔ example 'regulatory-risk-brief' has the expected shape and validates without warnings (0.11575ms)
cli (macos-latest)	Run pnpm --filter @openpresentation/opf test	2026-09-14T23:41:09.8909150Z   ✔ example 'tax-portal-modernization' has the expected shape and validates without warnings (0.974042ms)
cli (macos-latest)	Run pnpm --filter @openpresentation/opf test	2026-09-14T23:41:09.8911050Z   ✔ example 'transit-corridor-alternatives' has the expected shape and validates without warnings (0.27525ms)
cli (macos-latest)	Run pnpm --filter @openpresentation/opf test	2026-09-14T23:41:09.8913070Z   ✔ example 'vaccination-outreach-briefing' has the expected shape and validates without warnings (0.124459ms)
cli (macos-latest)	Run pnpm --filter @openpresentation/opf test	2026-09-14T23:41:09.8915000Z   ✔ example 'water-utility-capital-plan' has the expected shape and validates without warnings (0.218625ms)
cli (macos-latest)	Run pnpm --filter @openpresentation/opf test	2026-09-14T23:41:09.8917130Z   ✔ example 'wildfire-evacuation-preparedness' has the expected shape and validates without warnings (0.351875ms)
cli (macos-latest)	Run pnpm --filter @openpresentation/opf test	2026-09-14T23:41:09.8919160Z   ✔ example 'workforce-reskilling-initiative' has the expected shape and validates without warnings (0.331625ms)
cli (macos-latest)	Run pnpm --filter @openpresentation/opf test	2026-09-14T23:41:09.8921600Z   ✔ example 'airline-disruption-recovery-review' has the expected shape and validates without warnings (0.206167ms)
cli (macos-latest)	Run pnpm --filter @openpresentation/opf test	2026-09-14T23:41:09.8930090Z   ✔ example 'ambulatory-access-recovery-plan' has the expected shape and validates without warnings (0.071208ms)
cli (macos-latest)	Run pnpm --filter @openpresentation/opf test	2026-09-14T23:41:09.8932240Z   ✔ example 'battery-line-supplier-readiness' has the expected shape and validates without warnings (0.192708ms)
cli (macos-latest)	Run pnpm --filter @openpresentation/opf test	2026-09-14T23:41:09.8934230Z   ✔ example 'boutique-hotel-revenue-recovery' has the expected shape and validates without warnings (0.241959ms)
cli (macos-latest)	Run pnpm --filter @openpresentation/opf test	2026-09-14T23:41:09.8936300Z   ✔ example 'branch-modernization-investment-case' has the expected shape and validates without warnings (0.070958ms)
cli (macos-latest)	Run pnpm --filter @openpresentation/opf test	2026-09-14T23:41:09.8938490Z   ✔ example 'claims-triage-operating-model' has the expected shape and validates without warnings (0.064667ms)
cli (macos-latest)	Run pnpm --filter @openpresentation/opf test	2026-09-14T23:41:09.8940480Z   ✔ example 'cold-chain-waste-reduction-review' has the expected shape and validates without warnings (0.1205ms)
cli (macos-latest)	Run pnpm --filter @openpresentation/opf test	2026-09-14T23:41:09.8941350Z   ✔ example 'construction-safety-stand-down' has the expected shape and validates without warnings (0.2045ms)
cli (macos-latest)	Run pnpm --filter @openpresentation/opf test	2026-09-14T23:41:09.8942690Z   ✔ example 'consulting-margin-recovery-plan' has the expected shape and validates without warnings (0.137625ms)
cli (macos-latest)	Run pnpm --filter @openpresentation/opf test	2026-09-14T23:41:09.8943590Z   ✔ example 'drive-thru-throughput-playbook' has the expected shape and validates without warnings (0.101167ms)
cli (macos-latest)	Run pnpm --filter @openpresentation/opf test	2026-09-14T23:41:09.8944400Z   ✔ example 'fan-experience-operations-brief' has the expected shape and validates without warnings (0.089125ms)
cli (macos-latest)	Run pnpm --filter @openpresentation/opf test	2026-09-14T23:41:09.8945180Z   ✔ example 'food-bank-distribution-capacity-plan' has the expected shape and validates without warnings (0.067792ms)
cli (macos-latest)	Run pnpm --filter @openpresentation/opf test	2026-09-14T23:41:09.8945960Z   ✔ example 'grid-resilience-capital-plan' has the expected shape and validates without warnings (0.093958ms)
cli (macos-latest)	Run pnpm --filter @openpresentation/opf test	2026-09-14T23:41:09.8946740Z   ✔ example 'managed-detection-market-update' has the expected shape and validates without warnings (0.056583ms)
cli (macos-latest)	Run pnpm --filter @openpresentation/opf test	2026-09-14T23:41:09.8947950Z   ✔ example 'mixed-use-leasing-pipeline-review' has the expected shape and validates without warnings (0.174125ms)
cli (macos-latest)	Run pnpm --filter @openpresentation/opf test	2026-09-14T23:41:09.8948720Z   ✔ example 'port-dwell-time-improvement-plan' has the expected shape and validates without warnings (0.237791ms)
cli (macos-latest)	Run pnpm --filter @openpresentation/opf test	2026-09-14T23:41:09.8949490Z   ✔ example 'retail-launch-readiness-deck' has the expected shape and validates without warnings (0.144208ms)
cli (macos-latest)	Run pnpm --filter @openpresentation/opf test	2026-09-14T23:41:09.8950260Z   ✔ example 'robotics-quality-escape-briefing' has the expected shape and validates without warnings (0.131583ms)
cli (macos-latest)	Run pnpm --filter @openpresentation/opf test	2026-09-14T23:41:09.8951160Z   ✔ example 'rural-broadband-expansion-proposal' has the expected shape and validates without warnings (0.068166ms)
cli (macos-latest)	Run pnpm --filter @openpresentation/opf test	2026-09-14T23:41:09.8952040Z   ✔ example 'satellite-maintenance-readiness-review' has the expected shape and validates without warnings (0.116167ms)
cli (macos-latest)	Run pnpm --filter @openpresentation/opf test	2026-09-14T23:41:09.8952990Z   ✔ example 'streaming-churn-winback-strategy' has the expected shape and validates without warnings (0.121125ms)
cli (macos-latest)	Run pnpm --filter @openpresentation/opf test	2026-09-14T23:41:09.8953810Z   ✔ example 'tailings-monitoring-investment-brief' has the expected shape and validates without warnings (0.206333ms)
cli (macos-latest)	Run pnpm --filter @openpresentation/opf test	2026-09-14T23:41:09.8954640Z   ✔ example 'trial-enrollment-rescue-plan' has the expected shape and validates without warnings (0.210459ms)
cli (macos-latest)	Run pnpm --filter @openpresentation/opf test	2026-09-14T23:41:09.8955450Z   ✔ example 'veterinary-staffing-stabilization' has the expected shape and validates without warnings (0.141959ms)
cli (macos-latest)	Run pnpm --filter @openpresentation/opf test	2026-09-14T23:41:09.8956310Z   ✔ example 'water-stewardship-grower-brief' has the expected shape and validates without warnings (0.250833ms)
cli (macos-latest)	Run pnpm --filter @openpresentation/opf test	2026-09-14T23:41:09.8957150Z   ✔ example 'arabic-digital-services-brief' has the expected shape and validates without warnings (0.114833ms)
cli (macos-latest)	Run pnpm --filter @openpresentation/opf test	2026-09-14T23:41:09.8958110Z   ✔ example 'brazil-climate-adaptation-brief' has the expected shape and validates without warnings (0.127791ms)
cli (macos-latest)	Run pnpm --filter @openpresentation/opf test	2026-09-14T23:41:09.8958940Z   ✔ example 'german-works-council-update' has the expected shape and validates without warnings (0.133208ms)
cli (macos-latest)	Run pnpm --filter @openpresentation/opf test	2026-09-14T23:41:09.8959800Z   ✔ example 'india-rural-payments-pilot' has the expected shape and validates without warnings (0.095041ms)
cli (macos-latest)	Run pnpm --filter @openpresentation/opf test	2026-09-14T23:41:09.8960650Z   ✔ example 'japan-market-entry-readout' has the expected shape and validates without warnings (0.070333ms)
cli (macos-latest)	Run pnpm --filter @openpresentation/opf test	2026-09-14T23:41:09.8961410Z   ✔ example 'customer-qbr-renewal-deck' has the expected shape and validates without warnings (0.135875ms)
cli (macos-latest)	Run pnpm --filter @openpresentation/opf test	2026-09-14T23:41:09.8962100Z   ✔ example 'data-incident-postmortem' has the expected shape and validates without warnings (0.110292ms)
cli (macos-latest)	Run pnpm --filter @openpresentation/opf test	2026-09-14T23:41:09.8962800Z   ✔ example 'developer-conference-talk' has the expected shape and validates without warnings (0.148458ms)
cli (macos-latest)	Run pnpm --filter @openpresentation/opf test	2026-09-14T23:41:09.8963550Z   ✔ example 'executive-workshop-facilitation' has the expected shape and validates without warnings (0.185417ms)
cli (macos-latest)	Run pnpm --filter @openpresentation/opf test	2026-09-14T23:41:09.8964280Z   ✔ example 'manager-training-deck' has the expected shape and validates without warnings (0.308208ms)
cli (macos-latest)	Run pnpm --filter @openpresentation/opf test	2026-09-14T23:41:09.8964970Z   ✔ example 'monthly-board-update' has the expected shape and validates without warnings (0.081791ms)
cli (macos-latest)	Run pnpm --filter @openpresentation/opf test	2026-09-14T23:41:09.8965730Z   ✔ example 'policy-briefing-for-advisors' has the expected shape and validates without warnings (0.230542ms)
cli (macos-latest)	Run pnpm --filter @openpresentation/opf test	2026-09-14T23:41:09.8967210Z   ✔ example 'product-launch-narrative' has the expected shape and validates without warnings (0.222459ms)
cli (macos-latest)	Run pnpm --filter @openpresentation/opf test	2026-09-14T23:41:09.8967950Z   ✔ example 'research-findings-report' has the expected shape and validates without warnings (0.207041ms)
cli (macos-latest)	Run pnpm --filter @openpresentation/opf test	2026-09-14T23:41:09.8968670Z   ✔ example 'seed-pitch-for-climate-risk-api' has the expected shape and validates without warnings (0.08225ms)
cli (macos-latest)	Run pnpm --filter @openpresentation/opf test	2026-09-14T23:41:09.8969400Z   ✔ example 'asset-source-forms' has the expected shape and validates without warnings (0.282584ms)
cli (macos-latest)	Run pnpm --filter @openpresentation/opf test	2026-09-14T23:41:09.8992950Z   ✔ example 'block-composition' has the expected shape and validates without warnings (0.130792ms)
cli (macos-latest)	Run pnpm --filter @openpresentation/opf test	2026-09-14T23:41:09.8993990Z   ✔ example 'catalog-overrides' has the expected shape and validates without warnings (0.167292ms)
cli (macos-latest)	Run pnpm --filter @openpresentation/opf test	2026-09-14T23:41:09.8994780Z   ✔ example 'chart-data-sources' has the expected shape and validates without warnings (0.089917ms)
cli (macos-latest)	Run pnpm --filter @openpresentation/opf test	2026-09-14T23:41:09.8996180Z   ✔ example 'chart-type-sampler' has the expected shape and validates without warnings (0.121125ms)
cli (macos-latest)	Run pnpm --filter @openpresentation/opf test	2026-09-14T23:41:09.8997000Z   ✔ example 'columns' has the expected shape and validates without warnings (0.146084ms)
cli (macos-latest)	Run pnpm --filter @openpresentation/opf test	2026-09-14T23:41:09.8997800Z   ✔ example 'content-payload-matrix' has the expected shape and validates without warnings (0.517542ms)
cli (macos-latest)	Run pnpm --filter @openpresentation/opf test	2026-09-14T23:41:09.9000140Z   ✔ example 'design-backgrounds' has the expected shape and validates without warnings (0.180708ms)
cli (macos-latest)	Run pnpm --filter @openpresentation/opf test	2026-09-14T23:41:09.9001940Z   ✔ example 'dynamic-composition' has the expected shape and validates without warnings (0.38325ms)
cli (macos-latest)	Run pnpm --filter @openpresentation/opf test	2026-09-14T23:41:09.9003670Z   ✔ example 'full-feature-tour' has the expected shape and validates without warnings (0.55275ms)
cli (macos-latest)	Run pnpm --filter @openpresentation/opf test	2026-09-14T23:41:09.9005300Z   ✔ example 'grid-spans' has the expected shape and validates without warnings (0.1605ms)
cli (macos-latest)	Run pnpm --filter @openpresentation/opf test	2026-09-14T23:41:09.9006960Z   ✔ example 'header-footer-logo-set' has the expected shape and validates without warnings (0.126042ms)
cli (macos-latest)	Run pnpm --filter @openpresentation/opf test	2026-09-14T23:41:09.9008700Z   ✔ example 'language-and-writing' has the expected shape and validates without warnings (0.0675ms)
cli (macos-latest)	Run pnpm --filter @openpresentation/opf test	2026-09-14T23:41:09.9011380Z   ✔ example 'media-and-follow-up' has the expected shape and validates without warnings (0.101875ms)
cli (macos-latest)	Run pnpm --filter @openpresentation/opf test	2026-09-14T23:41:09.9013130Z   ✔ example 'metadata-array-forms' has the expected shape and validates without warnings (0.076083ms)
cli (macos-latest)	Run pnpm --filter @openpresentation/opf test	2026-09-14T23:41:09.9014900Z   ✔ example 'metrics-quotes-timeline' has the expected shape and validates without warnings (0.0825ms)
cli (macos-latest)	Run pnpm --filter @openpresentation/opf test	2026-09-14T23:41:09.9016490Z   ✔ example 'minimal' has the expected shape and validates without warnings (0.060667ms)
cli (macos-latest)	Run pnpm --filter @openpresentation/opf test	2026-09-14T23:41:09.9018060Z   ✔ example 'narrative-beats' has the expected shape and validates without warnings (0.101083ms)
cli (macos-latest)	Run pnpm --filter @openpresentation/opf test	2026-09-14T23:41:09.9019750Z   ✔ example 'promoted-region-grid' has the expected shape and validates without warnings (0.182125ms)
cli (macos-latest)	Run pnpm --filter @openpresentation/opf test	2026-09-14T23:41:09.9021400Z   ✔ example 'rich-text-runs' has the expected shape and validates without warnings (0.163125ms)
cli (macos-latest)	Run pnpm --filter @openpresentation/opf test	2026-09-14T23:41:09.9023090Z   ✔ example 'root-content' has the expected shape and validates without warnings (0.059708ms)
cli (macos-latest)	Run pnpm --filter @openpresentation/opf test	2026-09-14T23:41:09.9024710Z   ✔ example 'rows-chart' has the expected shape and validates without warnings (0.198ms)
cli (macos-latest)	Run pnpm --filter @openpresentation/opf test	2026-09-14T23:41:09.9026430Z   ✔ example 'slide-design-overrides' has the expected shape and validates without warnings (0.147333ms)
cli (macos-latest)	Run pnpm --filter @openpresentation/opf test	2026-09-14T23:41:09.9028160Z   ✔ example 'slide-sections' has the expected shape and validates without warnings (0.125167ms)
cli (macos-latest)	Run pnpm --filter @openpresentation/opf test	2026-09-14T23:41:09.9029750Z   ✔ example 'table-and-code' has the expected shape and validates without warnings (0.13275ms)
cli (macos-latest)	Run pnpm --filter @openpresentation/opf test	2026-09-14T23:41:09.9031440Z   ✔ example 'table-cell-types' has the expected shape and validates without warnings (0.118917ms)
cli (macos-latest)	Run pnpm --filter @openpresentation/opf test	2026-09-14T23:41:09.9032880Z ✔ every bundled example validates cleanly (226.781417ms)
cli (macos-latest)	Run pnpm --filter @openpresentation/opf test	2026-09-14T23:41:09.9061990Z ▶ galleries
cli (macos-latest)	Run pnpm --filter @openpresentation/opf test	2026-09-14T23:41:09.9062360Z   ✔ gallery 'business-functions' is well-formed (0.146292ms)
cli (macos-latest)	Run pnpm --filter @openpresentation/opf test	2026-09-14T23:41:09.9062800Z   ✔ gallery 'design-and-media' is well-formed (0.024ms)
cli (macos-latest)	Run pnpm --filter @openpresentation/opf test	2026-09-14T23:41:09.9063190Z   ✔ gallery 'education' is well-formed (0.020334ms)
cli (macos-latest)	Run pnpm --filter @openpresentation/opf test	2026-09-14T23:41:09.9064240Z   ✔ gallery 'government' is well-formed (0.022208ms)
cli (macos-latest)	Run pnpm --filter @openpresentation/opf test	2026-09-14T23:41:09.9064610Z   ✔ gallery 'industries' is well-formed (0.052208ms)
cli (macos-latest)	Run pnpm --filter @openpresentation/opf test	2026-09-14T23:41:09.9064990Z   ✔ gallery 'international' is well-formed (0.023084ms)
cli (macos-latest)	Run pnpm --filter @openpresentation/opf test	2026-09-14T23:41:09.9065400Z   ✔ gallery 'presentation-types' is well-formed (0.0235ms)
cli (macos-latest)	Run pnpm --filter @openpresentation/opf test	2026-09-14T23:41:09.9065970Z   ✔ getExamplesByGallery matches gallery.examples length for the first gallery (0.110459ms)
cli (macos-latest)	Run pnpm --filter @openpresentation/opf test	2026-09-14T23:41:09.9066620Z   ✔ getGallery resolves a known slug and returns undefined for a bogus one (0.103541ms)
cli (macos-latest)	Run pnpm --filter @openpresentation/opf test	2026-09-14T23:41:09.9067040Z ✔ galleries (0.663083ms)
cli (macos-latest)	Run pnpm --filter @openpresentation/opf test	2026-09-14T23:41:09.9067360Z ✔ getExample resolves a known slug (0.047083ms)
cli (macos-latest)	Run pnpm --filter @openpresentation/opf test	2026-09-14T23:41:09.9067880Z ✔ getExamplesByCategory returns results for a known category (0.049375ms)
cli (macos-latest)	Run pnpm --filter @openpresentation/opf test	2026-09-14T23:41:09.9068250Z ▶ bundled docs
cli (macos-latest)	Run pnpm --filter @openpresentation/opf test	2026-09-14T23:41:09.9068740Z   ✔ has at least one doc (0.19375ms)
cli (macos-latest)	Run pnpm --filter @openpresentation/opf test	2026-09-14T23:41:09.9069090Z   ✔ doc 'agent-skills' has required fields (0.056917ms)
cli (macos-latest)	Run pnpm --filter @openpresentation/opf test	2026-09-14T23:41:09.9069520Z   ✔ doc 'catalog-schema-reference' has required fields (0.04ms)
cli (macos-latest)	Run pnpm --filter @openpresentation/opf test	2026-09-14T23:41:09.9070010Z   ✔ doc 'content-item-design-overrides' has required fields (0.025792ms)
cli (macos-latest)	Run pnpm --filter @openpresentation/opf test	2026-09-14T23:41:09.9070480Z   ✔ doc 'content-payloads' has required fields (0.036292ms)
cli (macos-latest)	Run pnpm --filter @openpresentation/opf test	2026-09-14T23:41:09.9070870Z   ✔ doc 'data-import' has required fields (0.040375ms)
cli (macos-latest)	Run pnpm --filter @openpresentation/opf test	2026-09-14T23:41:09.9071280Z   ✔ doc 'design-resolution' has required fields (0.021625ms)
cli (macos-latest)	Run pnpm --filter @openpresentation/opf test	2026-09-14T23:41:09.9071720Z   ✔ doc 'dynamic-composition' has required fields (0.018209ms)
cli (macos-latest)	Run pnpm --filter @openpresentation/opf test	2026-09-14T23:41:09.9072260Z   ✔ doc 'ecosystem-development' has required fields (0.025709ms)
cli (macos-latest)	Run pnpm --filter @openpresentation/opf test	2026-09-14T23:41:09.9072730Z   ✔ doc 'evidence-2026-09-08-windows' has required fields (0.034084ms)
cli (macos-latest)	Run pnpm --filter @openpresentation/opf test	2026-09-14T23:41:09.9073150Z   ✔ doc 'examples' has required fields (0.032042ms)
cli (macos-latest)	Run pnpm --filter @openpresentation/opf test	2026-09-14T23:41:09.9073530Z   ✔ doc 'font-fidelity' has required fields (0.075084ms)
cli (macos-latest)	Run pnpm --filter @openpresentation/opf test	2026-09-14T23:41:09.9074050Z   ✔ doc 'handoff-2026-09-08' has required fields (0.033167ms)
cli (macos-latest)	Run pnpm --filter @openpresentation/opf test	2026-09-14T23:41:09.9074540Z   ✔ doc 'handoff-2026-09-10-wrap-up' has required fields (0.019833ms)
cli (macos-latest)	Run pnpm --filter @openpresentation/opf test	2026-09-14T23:41:09.9075050Z   ✔ doc 'handoff-mac-owner-2026-09-10' has required fields (0.016583ms)
cli (macos-latest)	Run pnpm --filter @openpresentation/opf test	2026-09-14T23:41:09.9075610Z   ✔ doc 'handoff-windows-native-2026-09-10' has required fields (0.022708ms)
cli (macos-latest)	Run pnpm --filter @openpresentation/opf test	2026-09-14T23:41:09.9076110Z   ✔ doc 'handoff' has required fields (0.042125ms)
cli (macos-latest)	Run pnpm --filter @openpresentation/opf test	2026-09-14T23:41:09.9076510Z   ✔ doc 'how-opf-works' has required fields (0.020625ms)
cli (macos-latest)	Run pnpm --filter @openpresentation/opf test	2026-09-14T23:41:09.9077030Z   ✔ doc 'live-editor' has required fields (0.017875ms)
cli (macos-latest)	Run pnpm --filter @openpresentation/opf test	2026-09-14T23:41:09.9077440Z   ✔ doc 'llm-authoring' has required fields (0.031083ms)
cli (macos-latest)	Run pnpm --filter @openpresentation/opf test	2026-09-14T23:41:09.9077920Z   ✔ doc 'native-content-release-2026-09-09' has required fields (0.019375ms)
cli (macos-latest)	Run pnpm --filter @openpresentation/opf test	2026-09-14T23:41:09.9078560Z   ✔ doc 'native-feature-matrix-2026-09-09' has required fields (0.018791ms)
cli (macos-latest)	Run pnpm --filter @openpresentation/opf test	2026-09-14T23:41:09.9079030Z   ✔ doc 'open-ecosystem' has required fields (0.021125ms)
cli (macos-latest)	Run pnpm --filter @openpresentation/opf test	2026-09-14T23:41:09.9079470Z   ✔ doc 'pr-backlog-2026-09-09' has required fields (0.018584ms)
cli (macos-latest)	Run pnpm --filter @openpresentation/opf test	2026-09-14T23:41:09.9079900Z   ✔ doc 'release-process' has required fields (0.015958ms)
cli (macos-latest)	Run pnpm --filter @openpresentation/opf test	2026-09-14T23:41:09.9080290Z   ✔ doc 'rich-text' has required fields (0.016333ms)
cli (macos-latest)	Run pnpm --filter @openpresentation/opf test	2026-09-14T23:41:09.9080690Z   ✔ doc 'schema-reference' has required fields (0.024208ms)
cli (macos-latest)	Run pnpm --filter @openpresentation/opf test	2026-09-14T23:41:09.9081120Z   ✔ doc 'security-2026-09-09' has required fields (0.059625ms)
cli (macos-latest)	Run pnpm --filter @openpresentation/opf test	2026-09-14T23:41:09.9081540Z   ✔ doc 'table-text-colors' has required fields (0.034917ms)
cli (macos-latest)	Run pnpm --filter @openpresentation/opf test	2026-09-14T23:41:09.9082230Z   ✔ doc slugs include 'schema-reference' and getDoc resolves known/unknown slugs (0.103417ms)
cli (macos-latest)	Run pnpm --filter @openpresentation/opf test	2026-09-14T23:41:09.9082700Z ✔ bundled docs (1.466833ms)
cli (macos-latest)	Run pnpm --filter @openpresentation/opf test	2026-09-14T23:41:09.9083050Z ▶ fenced JSON presentation examples embedded in docs
cli (macos-latest)	Run pnpm --filter @openpresentation/opf test	2026-09-14T23:41:09.9083550Z   ✔ doc 'design-resolution' fenced JSON example #0 validates cleanly (0.271916ms)
cli (macos-latest)	Run pnpm --filter @openpresentation/opf test	2026-09-14T23:41:09.9084120Z   ✔ doc 'design-resolution' fenced JSON example #1 validates cleanly (0.10775ms)
cli (macos-latest)	Run pnpm --filter @openpresentation/opf test	2026-09-14T23:41:09.9084710Z   ✔ doc 'dynamic-composition' fenced JSON example #0 validates cleanly (0.361375ms)
cli (macos-latest)	Run pnpm --filter @openpresentation/opf test	2026-09-14T23:41:09.9085820Z   ✔ doc 'how-opf-works' fenced JSON example #0 validates cleanly (0.213875ms)
cli (macos-latest)	Run pnpm --filter @openpresentation/opf test	2026-09-14T23:41:09.9086360Z   ✔ doc 'how-opf-works' fenced JSON example #1 validates cleanly (0.256792ms)
cli (macos-latest)	Run pnpm --filter @openpresentation/opf test	2026-09-14T23:41:09.9086890Z   ✔ doc 'how-opf-works' fenced JSON example #2 validates cleanly (0.216ms)
cli (macos-latest)	Run pnpm --filter @openpresentation/opf test	2026-09-14T23:41:09.9087410Z   ✔ doc 'how-opf-works' fenced JSON example #3 validates cleanly (0.697084ms)
cli (macos-latest)	Run pnpm --filter @openpresentation/opf test	2026-09-14T23:41:09.9087930Z   ✔ doc 'llm-authoring' fenced JSON example #0 validates cleanly (0.351583ms)
cli (macos-latest)	Run pnpm --filter @openpresentation/opf test	2026-09-14T23:41:09.9088530Z   ✔ at least 5 presentation examples are validated across docs (0.22175ms)
cli (macos-latest)	Run pnpm --filter @openpresentation/opf test	2026-09-14T23:41:09.9089150Z ✔ fenced JSON presentation examples embedded in docs (3.160709ms)
cli (macos-latest)	Run pnpm --filter @openpresentation/opf test	2026-09-14T23:41:09.9089470Z ▶ schema $ids
cli (macos-latest)	Run pnpm --filter @openpresentation/opf test	2026-09-14T23:41:09.9089780Z   ✔ presentation schema has the canonical $id (0.493125ms)
cli (macos-latest)	Run pnpm --filter @openpresentation/opf test	2026-09-14T23:41:09.9090440Z   ✔ audience schema has the canonical $id (0.134125ms)
cli (macos-latest)	Run pnpm --filter @openpresentation/opf test	2026-09-14T23:41:09.9090970Z   ✔ socialPlatform schema has the canonical $id (0.075167ms)
cli (macos-latest)	Run pnpm --filter @openpresentation/opf test	2026-09-14T23:41:09.9091320Z ✔ schema $ids (1.408875ms)
cli (macos-latest)	Run pnpm --filter @openpresentation/opf test	2026-09-14T23:41:09.9091620Z ▶ catalog export shapes
cli (macos-latest)	Run pnpm --filter @openpresentation/opf test	2026-09-14T23:41:09.9091910Z   ✔ audiences catalog is non-empty (0.199459ms)
cli (macos-latest)	Run pnpm --filter @openpresentation/opf test	2026-09-14T23:41:09.9092290Z   ✔ tones catalog is non-empty (0.05925ms)
cli (macos-latest)	Run pnpm --filter @openpresentation/opf test	2026-09-14T23:41:09.9092730Z   ✔ socialPlatforms catalog is non-empty (0.058291ms)
cli (macos-latest)	Run pnpm --filter @openpresentation/opf test	2026-09-14T23:41:09.9093210Z   ✔ catalogs.audiences matches the audiences export length (0.059583ms)
cli (macos-latest)	Run pnpm --filter @openpresentation/opf test	2026-09-14T23:41:09.9093790Z   ✔ catalogs.socialPlatforms matches the socialPlatforms export length (0.069042ms)
cli (macos-latest)	Run pnpm --filter @openpresentation/opf test	2026-09-14T23:41:09.9094270Z   ✔ catalogs.chartTypes is non-empty (0.067459ms)
cli (macos-latest)	Run pnpm --filter @openpresentation/opf test	2026-09-14T23:41:09.9094870Z   ✔ chartTypes catalog keeps 'united-kingdom' and drops the removed typo id (0.87275ms)
cli (macos-latest)	Run pnpm --filter @openpresentation/opf test	2026-09-14T23:41:09.9095550Z   ✔ chartTypes catalogEntries entry has the expected schemaName and files (0.102584ms)
cli (macos-latest)	Run pnpm --filter @openpresentation/opf test	2026-09-14T23:41:09.9096260Z   ✔ socialPlatforms catalogEntries entry has the expected schemaName (0.081125ms)
cli (macos-latest)	Run pnpm --filter @openpresentation/opf test	2026-09-14T23:41:09.9096850Z   ✔ purposes catalog is non-empty (0.039125ms)
cli (macos-latest)	Run pnpm --filter @openpresentation/opf test	2026-09-14T23:41:09.9097420Z   ✔ languages catalog includes English (US) and English (GB) with correct bcp47 tags (0.055625ms)
cli (macos-latest)	Run pnpm --filter @openpresentation/opf test	2026-09-14T23:41:09.9139660Z ✔ catalog export shapes (1.9615ms)
cli (macos-latest)	Run pnpm --filter @openpresentation/opf test	2026-09-14T23:41:09.9140390Z ▶ catalog entries validate
cli (macos-latest)	Run pnpm --filter @openpresentation/opf test	2026-09-14T23:41:09.9140850Z   ✔ catalog 'audiences' has records and its first record validates (59.002792ms)
cli (macos-latest)	Run pnpm --filter @openpresentation/opf test	2026-09-14T23:41:09.9141370Z   ✔ catalog 'purposes' has records and its first record validates (4.195666ms)
cli (macos-latest)	Run pnpm --filter @openpresentation/opf test	2026-09-14T23:41:09.9141980Z   ✔ catalog 'tones' has records and its first record validates (4.348916ms)
cli (macos-latest)	Run pnpm --filter @openpresentation/opf test	2026-09-14T23:41:09.9142550Z   ✔ catalog 'themes' has records and its first record validates (11.500917ms)
cli (macos-latest)	Run pnpm --filter @openpresentation/opf test	2026-09-14T23:41:09.9143100Z   ✔ catalog 'layouts' has records and its first record validates (10.879208ms)
cli (macos-latest)	Run pnpm --filter @openpresentation/opf test	2026-09-14T23:41:09.9143620Z   ✔ catalog 'chartTypes' has records and its first record validates (12.319125ms)
cli (macos-latest)	Run pnpm --filter @openpresentation/opf test	2026-09-14T23:41:09.9144210Z   ✔ catalog 'narratives' has records and its first record validates (4.68925ms)
cli (macos-latest)	Run pnpm --filter @openpresentation/opf test	2026-09-14T23:41:09.9144790Z   ✔ catalog 'socialPlatforms' has records and its first record validates (6.613708ms)
cli (macos-latest)	Run pnpm --filter @openpresentation/opf test	2026-09-14T23:41:09.9145330Z   ✔ catalog 'languages' has records and its first record validates (3.043583ms)
cli (macos-latest)	Run pnpm --filter @openpresentation/opf test	2026-09-14T23:41:09.9145920Z   ✔ catalog 'colorSchemes' has records and its first record validates (3.69325ms)
cli (macos-latest)	Run pnpm --filter @openpresentation/opf test	2026-09-14T23:41:09.9146480Z   ✔ catalog 'fontSchemes' has records and its first record validates (3.834292ms)
cli (macos-latest)	Run pnpm --filter @openpresentation/opf test	2026-09-14T23:41:09.9146930Z ✔ catalog entries validate (124.767125ms)
cli (macos-latest)	Run pnpm --filter @openpresentation/opf test	2026-09-14T23:41:09.9147230Z ▶ catalog cross-links resolve
cli (macos-latest)	Run pnpm --filter @openpresentation/opf test	2026-09-14T23:41:09.9147580Z   ✔ audiences/executives has no broken cross-links (0.669375ms)
cli (macos-latest)	Run pnpm --filter @openpresentation/opf test	2026-09-14T23:41:09.9148090Z   ✔ audiences/board has no broken cross-links (0.190375ms)
cli (macos-latest)	Run pnpm --filter @openpresentation/opf test	2026-09-14T23:41:09.9148580Z   ✔ audiences/engineering-team has no broken cross-links (0.125959ms)
cli (macos-latest)	Run pnpm --filter @openpresentation/opf test	2026-09-14T23:41:09.9149130Z   ✔ audiences/investors has no broken cross-links (0.102ms)
cli (macos-latest)	Run pnpm --filter @openpresentation/opf test	2026-09-14T23:41:09.9149570Z   ✔ audiences/customers has no broken cross-links (0.136ms)
cli (macos-latest)	Run pnpm --filter @openpresentation/opf test	2026-09-14T23:41:09.9151060Z   ✔ audiences/sales-team has no broken cross-links (0.117083ms)
cli (macos-latest)	Run pnpm --filter @openpresentation/opf test	2026-09-14T23:41:09.9151540Z   ✔ audiences/marketing-team has no broken cross-links (0.110583ms)
cli (macos-latest)	Run pnpm --filter @openpresentation/opf test	2026-09-14T23:41:09.9152010Z   ✔ audiences/all-hands has no broken cross-links (0.123459ms)
cli (macos-latest)	Run pnpm --filter @openpresentation/opf test	2026-09-14T23:41:09.9152420Z   ✔ audiences/candidates has no broken cross-links (0.110042ms)
cli (macos-latest)	Run pnpm --filter @openpresentation/opf test	2026-09-14T23:41:09.9152930Z   ✔ audiences/regulators has no broken cross-links (0.467458ms)
cli (macos-latest)	Run pnpm --filter @openpresentation/opf test	2026-09-14T23:41:09.9153320Z   ✔ purposes/inform has no broken cross-links (0.134791ms)
cli (macos-latest)	Run pnpm --filter @openpresentation/opf test	2026-09-14T23:41:09.9153730Z   ✔ purposes/decide has no broken cross-links (0.041917ms)
cli (macos-latest)	Run pnpm --filter @openpresentation/opf test	2026-09-14T23:41:09.9154100Z   ✔ purposes/align has no broken cross-links (0.056541ms)
cli (macos-latest)	Run pnpm --filter @openpresentation/opf test	2026-09-14T23:41:09.9154490Z   ✔ purposes/persuade has no broken cross-links (0.039458ms)
cli (macos-latest)	Run pnpm --filter @openpresentation/opf test	2026-09-14T23:41:09.9155310Z   ✔ purposes/educate has no broken cross-links (0.03525ms)
cli (macos-latest)	Run pnpm --filter @openpresentation/opf test	2026-09-14T23:41:09.9155750Z   ✔ purposes/report has no broken cross-links (0.051334ms)
cli (macos-latest)	Run pnpm --filter @openpresentation/opf test	2026-09-14T23:41:09.9156150Z   ✔ purposes/pitch has no broken cross-links (0.034333ms)
cli (macos-latest)	Run pnpm --filter @openpresentation/opf test	2026-09-14T23:41:09.9156530Z   ✔ purposes/sell has no broken cross-links (0.028708ms)
cli (macos-latest)	Run pnpm --filter @openpresentation/opf test	2026-09-14T23:41:09.9156880Z   ✔ purposes/plan has no broken cross-links (0.026917ms)
cli (macos-latest)	Run pnpm --filter @openpresentation/opf test	2026-09-14T23:41:09.9157270Z   ✔ tones/formal has no broken cross-links (0.32275ms)
cli (macos-latest)	Run pnpm --filter @openpresentation/opf test	2026-09-14T23:41:09.9157680Z   ✔ tones/casual has no broken cross-links (0.050667ms)
cli (macos-latest)	Run pnpm --filter @openpresentation/opf test	2026-09-14T23:41:09.9158070Z   ✔ tones/inspirational has no broken cross-links (0.03675ms)
cli (macos-latest)	Run pnpm --filter @openpresentation/opf test	2026-09-14T23:41:09.9158470Z   ✔ tones/technical has no broken cross-links (0.046167ms)
cli (macos-latest)	Run pnpm --filter @openpresentation/opf test	2026-09-14T23:41:09.9158850Z   ✔ tones/persuasive has no broken cross-links (0.039083ms)
cli (macos-latest)	Run pnpm --filter @openpresentation/opf test	2026-09-14T23:41:09.9159270Z   ✔ tones/authoritative has no broken cross-links (0.026708ms)
cli (macos-latest)	Run pnpm --filter @openpresentation/opf test	2026-09-14T23:41:09.9159690Z   ✔ tones/conversational has no broken cross-links (0.023583ms)
cli (macos-latest)	Run pnpm --filter @openpresentation/opf test	2026-09-14T23:41:09.9160220Z   ✔ invalid en-UK language catalog record is rejected with a helpful message (0.167209ms)
cli (macos-latest)	Run pnpm --filter @openpresentation/opf test	2026-09-14T23:41:09.9160750Z   ✔ broken cross-links in a catalog record warn, never error (0.074667ms)
cli (macos-latest)	Run pnpm --filter @openpresentation/opf test	2026-09-14T23:41:09.9161150Z ✔ catalog cross-links resolve (4.227ms)
cli (macos-latest)	Run pnpm --filter @openpresentation/opf test	2026-09-14T23:41:09.9161450Z ▶ repo readme export
cli (macos-latest)	Run pnpm --filter @openpresentation/opf test	2026-09-14T23:41:09.9161870Z   ✔ repoReadme ships as a non-trivial string mentioning the format name (0.3765ms)
cli (macos-latest)	Run pnpm --filter @openpresentation/opf test	2026-09-14T23:41:09.9162280Z ✔ repo readme export (0.42725ms)
cli (macos-latest)	Run pnpm --filter @openpresentation/opf test	2026-09-14T23:41:09.9162880Z ✔ furniture preserves inherited/local sources, whitespace and generated metadata at both floors (40.997042ms)
cli (macos-latest)	Run pnpm --filter @openpresentation/opf test	2026-09-14T23:41:09.9163720Z ✔ furniture clearance scales with the canvas and respects explicit host padding (1.707375ms)
cli (macos-latest)	Run pnpm --filter @openpresentation/opf test	2026-09-14T23:41:09.9164520Z ✔ whole local overrides and explicit false preserve furniture-free body geometry (0.482625ms)
cli (macos-latest)	Run pnpm --filter @openpresentation/opf test	2026-09-14T23:41:09.9165280Z ✔ images and every authored/generated field coexist without deleting text (0.21975ms)
cli (macos-latest)	Run pnpm --filter @openpresentation/opf test	2026-09-14T23:41:09.9166200Z ✔ missing generated values diagnose controlling paths and strict composition/pagination reject them (250.217166ms)
cli (macos-latest)	Run pnpm --filter @openpresentation/opf test	2026-09-14T23:41:09.9166930Z ✔ irreducible furniture and provided ink cannot be hidden by body pagination (7.103167ms)
cli (macos-latest)	Run pnpm --filter @openpresentation/opf test	2026-09-14T23:41:09.9167570Z ✔ pagination repeats furniture and retains exact body source and mappings (117.764958ms)
cli (macos-latest)	Run pnpm --filter @openpresentation/opf test	2026-09-14T23:41:09.9168160Z ✔ a continuation whose wider number cannot fit fails atomically (37.532875ms)
cli (macos-latest)	Run pnpm --filter @openpresentation/opf test	2026-09-14T23:41:11.2462880Z ✔ public generated payload declarations agree with closed schema fields (1231.983417ms)
cli (macos-latest)	Run pnpm --filter @openpresentation/opf test	2026-09-14T23:41:11.9660100Z ✔ composition accepts complete metric geometry against its rounded cell and aliases the value fit (6.727167ms)
cli (macos-latest)	Run pnpm --filter @openpresentation/opf test	2026-09-14T23:41:11.9660930Z ✔ metric scoring includes long metadata and charges each failing leaf once (10.673041ms)
cli (macos-latest)	Run pnpm --filter @openpresentation/opf test	2026-09-14T23:41:11.9661580Z ✔ slide alignment overrides host alignment for complete metric parts (5.33775ms)
cli (macos-latest)	Run pnpm --filter @openpresentation/opf test	2026-09-14T23:41:11.9764460Z ✔ strict ancestors reject complete metric field paths without changing source (1584.542666ms)
cli (macos-latest)	Run pnpm --filter @openpresentation/opf test	2026-09-14T23:41:11.9836650Z ✔ explicit metric placement and weights remain authoritative despite overflowing metadata (95.095917ms)
cli (macos-latest)	Run pnpm --filter @openpresentation/opf test	2026-09-14T23:41:11.9941560Z ✔ atomic metric pagination preserves scalar/metadata types and persists its readable floor (199.044709ms)
cli (macos-latest)	Run pnpm --filter @openpresentation/opf test	2026-09-14T23:41:12.0037840Z ✔ irreducible atomic metrics reject all pagination output including empty values after earlier content (195.320458ms)
cli (macos-latest)	Run pnpm --filter @openpresentation/opf test	2026-09-14T23:41:12.0137980Z ✔ metric value, unit, labels, zero delta and trend retain their own editable source paths (6.429667ms)
cli (macos-latest)	Run pnpm --filter @openpresentation/opf test	2026-09-14T23:41:12.0233410Z ✔ short units stay next to the value on the same baseline; long units and values stack (53.540875ms)
cli (macos-latest)	Run pnpm --filter @openpresentation/opf test	2026-09-14T23:41:12.0234530Z ✔ inline fitting tries a smaller single-line value before rejecting a compact readable metric (2.145292ms)
cli (macos-latest)	Run pnpm --filter @openpresentation/opf test	2026-09-14T23:41:12.0236480Z ✔ metric alignment positions the inline pair together and records exact origins for every source line (0.555125ms)
cli (macos-latest)	Run pnpm --filter @openpresentation/opf test	2026-09-14T23:41:12.0282830Z ✔ metadata borrows spare primary space before reducing type and exposes resolved style paths (0.686583ms)
cli (macos-latest)	Run pnpm --filter @openpresentation/opf test	2026-09-14T23:41:12.0286160Z ✔ explicit readability floors raise nominal labels and remain invariant across canvas scales (1.528166ms)
cli (macos-latest)	Run pnpm --filter @openpresentation/opf test	2026-09-14T23:41:12.0331270Z ✔ irreducible metadata retains all source and strict rejection reports its actual path (4.46225ms)
cli (macos-latest)	Run pnpm --filter @openpresentation/opf test	2026-09-14T23:41:12.0434710Z ✔ empty optional fields retain source without blank spacing and an empty value stays targetable (0.275708ms)
cli (macos-latest)	Run pnpm --filter @openpresentation/opf test	2026-09-14T23:41:12.0538040Z ✔ metric whitespace, tabs and Unicode retain exact line and segment boundaries (1.220084ms)
cli (macos-latest)	Run pnpm --filter @openpresentation/opf test	2026-09-14T23:41:12.0633620Z ✔ invalid input, failed measurement and non-finite geometry reject without plausible substitute fits (2.048333ms)
cli (macos-latest)	Run pnpm --filter @openpresentation/opf test	2026-09-14T23:41:12.0735400Z ✔ difficult metrics use a bounded deterministic candidate search independent of canvas scale (294.602917ms)
cli (macos-latest)	Run pnpm --filter @openpresentation/opf test	2026-09-14T23:41:12.0837220Z ✔ metric outlines preserve exact tabs and whitespace while containing overhangs, tall ink and inline baselines (12.968708ms)
cli (macos-latest)	Run pnpm --filter @openpresentation/opf test	2026-09-14T23:41:12.0938980Z ✔ metric outline-aware fitting retains the readability floor and rejects irreducible ink (3.742209ms)
cli (macos-latest)	Run pnpm --filter @openpresentation/opf test	2026-09-14T23:41:12.1040770Z ✔ zero outline clearance is explicit and width-only providers retain prior geometry (0.418709ms)
cli (macos-latest)	Run pnpm --filter @openpresentation/opf test	2026-09-14T23:41:12.1141940Z ✔ invalid metric outline providers and padding reject instead of silently accepting width-only fits (0.310666ms)
cli (macos-latest)	Run pnpm --filter @openpresentation/opf test	2026-09-14T23:41:12.1248230Z ✔ plain source ranges retain whitespace, hard breaks and explicit tabs at every width (4.143625ms)
cli (macos-latest)	Run pnpm --filter @openpresentation/opf test	2026-09-14T23:41:12.1350630Z ✔ nonbreaking prose tokens stay intact and overflow at the readability floor (0.299791ms)
cli (macos-latest)	Run pnpm --filter @openpresentation/opf test	2026-09-14T23:41:12.1452270Z ✔ accepted scalar placement unions text outlines at tab stops without shaping controls (2.082625ms)
cli (macos-latest)	Run pnpm --filter @openpresentation/opf test	2026-09-14T23:41:12.1552370Z ▶ layoutPreviews export
cli (macos-latest)	Run pnpm --filter @openpresentation/opf test	2026-09-14T23:41:12.1652830Z   ✔ is a non-empty record of HTML strings (0.49575ms)
cli (macos-latest)	Run pnpm --filter @openpresentation/opf test	2026-09-14T23:41:12.1754060Z ✔ layoutPreviews export (1.019917ms)
cli (macos-latest)	Run pnpm --filter @openpresentation/opf test	2026-09-14T23:41:12.1855600Z ▶ layoutPreviewIndex export
cli (macos-latest)	Run pnpm --filter @openpresentation/opf test	2026-09-14T23:41:12.1955100Z   ✔ records match Object.keys(layoutPreviews) exactly (1.192209ms)
cli (macos-latest)	Run pnpm --filter @openpresentation/opf test	2026-09-14T23:41:12.2058360Z   ✔ preview record 'action-plan' bytes match its source file's UTF-8 byte length (0.364125ms)
cli (macos-latest)	Run pnpm --filter @openpresentation/opf test	2026-09-14T23:41:12.2158110Z   ✔ preview record 'agenda' bytes match its source file's UTF-8 byte length (0.112042ms)
cli (macos-latest)	Run pnpm --filter @openpresentation/opf test	2026-09-14T23:41:12.2213710Z   ✔ preview record 'appendix-index' bytes match its source file's UTF-8 byte length (0.098ms)
cli (macos-latest)	Run pnpm --filter @openpresentation/opf test	2026-09-14T23:41:12.2215560Z   ✔ preview record 'architecture-stack' bytes match its source file's UTF-8 byte length (0.082792ms)
cli (macos-latest)	Run pnpm --filter @openpresentation/opf test	2026-09-14T23:41:12.2217410Z   ✔ preview record 'assumptions-dependencies' bytes match its source file's UTF-8 byte length (0.078375ms)
cli (macos-latest)	Run pnpm --filter @openpresentation/opf test	2026-09-14T23:41:12.2219110Z   ✔ preview record 'before-after' bytes match its source file's UTF-8 byte length (0.090375ms)
cli (macos-latest)	Run pnpm --filter @openpresentation/opf test	2026-09-14T23:41:12.2221040Z   ✔ preview record 'benchmark-target-table' bytes match its source file's UTF-8 byte length (0.087583ms)
cli (macos-latest)	Run pnpm --filter @openpresentation/opf test	2026-09-14T23:41:12.2222770Z   ✔ preview record 'bullet-list' bytes match its source file's UTF-8 byte length (0.3605ms)
cli (macos-latest)	Run pnpm --filter @openpresentation/opf test	2026-09-14T23:41:12.2225180Z   ✔ preview record 'business-model-canvas' bytes match its source file's UTF-8 byte length (0.098375ms)
cli (macos-latest)	Run pnpm --filter @openpresentation/opf test	2026-09-14T23:41:12.2226980Z   ✔ preview record 'capability-map' bytes match its source file's UTF-8 byte length (0.075333ms)
cli (macos-latest)	Run pnpm --filter @openpresentation/opf test	2026-09-14T23:41:12.2228670Z   ✔ preview record 'case-study' bytes match its source file's UTF-8 byte length (0.051458ms)
cli (macos-latest)	Run pnpm --filter @openpresentation/opf test	2026-09-14T23:41:12.2230260Z   ✔ preview record 'chapter-recap' bytes match its source file's UTF-8 byte length (0.076542ms)
cli (macos-latest)	Run pnpm --filter @openpresentation/opf test	2026-09-14T23:41:12.2232040Z   ✔ preview record 'circular-lifecycle' bytes match its source file's UTF-8 byte length (0.054ms)
cli (macos-latest)	Run pnpm --filter @openpresentation/opf test	2026-09-14T23:41:12.2233620Z   ✔ preview record 'comparison' bytes match its source file's UTF-8 byte length (0.0775ms)
cli (macos-latest)	Run pnpm --filter @openpresentation/opf test	2026-09-14T23:41:12.2235270Z   ✔ preview record 'competitive-landscape' bytes match its source file's UTF-8 byte length (0.043625ms)
cli (macos-latest)	Run pnpm --filter @openpresentation/opf test	2026-09-14T23:41:12.2237760Z   ✔ preview record 'customer-journey' bytes match its source file's UTF-8 byte length (0.066208ms)
cli (macos-latest)	Run pnpm --filter @openpresentation/opf test	2026-09-14T23:41:12.2239400Z   ✔ preview record 'customer-logos' bytes match its source file's UTF-8 byte length (0.064334ms)
cli (macos-latest)	Run pnpm --filter @openpresentation/opf test	2026-09-14T23:41:12.2240950Z   ✔ preview record 'dashboard' bytes match its source file's UTF-8 byte length (0.049791ms)
cli (macos-latest)	Run pnpm --filter @openpresentation/opf test	2026-09-14T23:41:12.2242580Z   ✔ preview record 'data-visualization' bytes match its source file's UTF-8 byte length (0.062541ms)
cli (macos-latest)	Run pnpm --filter @openpresentation/opf test	2026-09-14T23:41:12.2244290Z   ✔ preview record 'decision-tree' bytes match its source file's UTF-8 byte length (0.185375ms)
cli (macos-latest)	Run pnpm --filter @openpresentation/opf test	2026-09-14T23:41:12.2245950Z   ✔ preview record 'detailed-data-table' bytes match its source file's UTF-8 byte length (0.08175ms)
cli (macos-latest)	Run pnpm --filter @openpresentation/opf test	2026-09-14T23:41:12.2247580Z   ✔ preview record 'ecosystem-map' bytes match its source file's UTF-8 byte length (0.053292ms)
cli (macos-latest)	Run pnpm --filter @openpresentation/opf test	2026-09-14T23:41:12.2249220Z   ✔ preview record 'executive-decision' bytes match its source file's UTF-8 byte length (0.04475ms)
cli (macos-latest)	Run pnpm --filter @openpresentation/opf test	2026-09-14T23:41:12.2250930Z   ✔ preview record 'executive-summary' bytes match its source file's UTF-8 byte length (0.057542ms)
cli (macos-latest)	Run pnpm --filter @openpresentation/opf test	2026-09-14T23:41:12.2252450Z   ✔ preview record 'faq' bytes match its source file's UTF-8 byte length (0.060625ms)
cli (macos-latest)	Run pnpm --filter @openpresentation/opf test	2026-09-14T23:41:12.2254110Z   ✔ preview record 'feature-comparison-matrix' bytes match its source file's UTF-8 byte length (0.076542ms)
cli (macos-latest)	Run pnpm --filter @openpresentation/opf test	2026-09-14T23:41:12.2255850Z   ✔ preview record 'forecast-scenario' bytes match its source file's UTF-8 byte length (0.087125ms)
cli (macos-latest)	Run pnpm --filter @openpresentation/opf test	2026-09-14T23:41:12.2257520Z   ✔ preview record 'funnel-pyramid' bytes match its source file's UTF-8 byte length (0.05375ms)
cli (macos-latest)	Run pnpm --filter @openpresentation/opf test	2026-09-14T23:41:12.2259230Z   ✔ preview record 'gantt-project-plan' bytes match its source file's UTF-8 byte length (0.05725ms)
cli (macos-latest)	Run pnpm --filter @openpresentation/opf test	2026-09-14T23:41:12.2261060Z   ✔ preview record 'geographic-map' bytes match its source file's UTF-8 byte length (0.062041ms)
cli (macos-latest)	Run pnpm --filter @openpresentation/opf test	2026-09-14T23:41:12.2262700Z   ✔ preview record 'heatmap-cohort' bytes match its source file's UTF-8 byte length (0.051458ms)
cli (macos-latest)	Run pnpm --filter @openpresentation/opf test	2026-09-14T23:41:12.2264310Z   ✔ preview record 'hub-and-spoke' bytes match its source file's UTF-8 byte length (0.043792ms)
cli (macos-latest)	Run pnpm --filter @openpresentation/opf test	2026-09-14T23:41:12.2266450Z   ✔ preview record 'icon-grid' bytes match its source file's UTF-8 byte length (0.055084ms)
cli (macos-latest)	Run pnpm --filter @openpresentation/opf test	2026-09-14T23:41:12.2267990Z   ✔ preview record 'image-focus' bytes match its source file's UTF-8 byte length (0.080042ms)
cli (macos-latest)	Run pnpm --filter @openpresentation/opf test	2026-09-14T23:41:12.2269540Z   ✔ preview record 'key-takeaway' bytes match its source file's UTF-8 byte length (0.059875ms)
cli (macos-latest)	Run pnpm --filter @openpresentation/opf test	2026-09-14T23:41:12.2271130Z   ✔ preview record 'kpi-scorecard' bytes match its source file's UTF-8 byte length (0.084125ms)
cli (macos-latest)	Run pnpm --filter @openpresentation/opf test	2026-09-14T23:41:12.2272830Z   ✔ preview record 'logic-tree' bytes match its source file's UTF-8 byte length (0.076ms)
cli (macos-latest)	Run pnpm --filter @openpresentation/opf test	2026-09-14T23:41:12.2274350Z   ✔ preview record 'market-size' bytes match its source file's UTF-8 byte length (0.05025ms)
cli (macos-latest)	Run pnpm --filter @openpresentation/opf test	2026-09-14T23:41:12.2275940Z   ✔ preview record 'matrix-quadrant' bytes match its source file's UTF-8 byte length (0.042333ms)
cli (macos-latest)	Run pnpm --filter @openpresentation/opf test	2026-09-14T23:41:12.2277670Z   ✔ preview record 'network-dependency-map' bytes match its source file's UTF-8 byte length (0.269542ms)
cli (macos-latest)	Run pnpm --filter @openpresentation/opf test	2026-09-14T23:41:12.2279410Z   ✔ preview record 'one-column-explainer' bytes match its source file's UTF-8 byte length (0.26025ms)
cli (macos-latest)	Run pnpm --filter @openpresentation/opf test	2026-09-14T23:41:12.2281050Z   ✔ preview record 'org-chart' bytes match its source file's UTF-8 byte length (0.174042ms)
cli (macos-latest)	Run pnpm --filter @openpresentation/opf test	2026-09-14T23:41:12.2282590Z   ✔ preview record 'persona-grid' bytes match its source file's UTF-8 byte length (0.211208ms)
cli (macos-latest)	Run pnpm --filter @openpresentation/opf test	2026-09-14T23:41:12.2284130Z   ✔ preview record 'photo-grid' bytes match its source file's UTF-8 byte length (0.171167ms)
cli (macos-latest)	Run pnpm --filter @openpresentation/opf test	2026-09-14T23:41:12.2285650Z   ✔ preview record 'pricing-table' bytes match its source file's UTF-8 byte length (0.147ms)
cli (macos-latest)	Run pnpm --filter @openpresentation/opf test	2026-09-14T23:41:12.2287200Z   ✔ preview record 'process-flow' bytes match its source file's UTF-8 byte length (0.519083ms)
cli (macos-latest)	Run pnpm --filter @openpresentation/opf test	2026-09-14T23:41:12.2288810Z   ✔ preview record 'product-feature' bytes match its source file's UTF-8 byte length (0.199833ms)
cli (macos-latest)	Run pnpm --filter @openpresentation/opf test	2026-09-14T23:41:12.2290370Z   ✔ preview record 'pros-cons' bytes match its source file's UTF-8 byte length (0.153709ms)
cli (macos-latest)	Run pnpm --filter @openpresentation/opf test	2026-09-14T23:41:12.2292470Z   ✔ preview record 'qa-discussion' bytes match its source file's UTF-8 byte length (0.065042ms)
cli (macos-latest)	Run pnpm --filter @openpresentation/opf test	2026-09-14T23:41:12.2294360Z   ✔ preview record 'quote-highlight' bytes match its source file's UTF-8 byte length (0.061458ms)
cli (macos-latest)	Run pnpm --filter @openpresentation/opf test	2026-09-14T23:41:12.2295020Z   ✔ preview record 'raci-matrix' bytes match its source file's UTF-8 byte length (0.0595ms)
cli (macos-latest)	Run pnpm --filter @openpresentation/opf test	2026-09-14T23:41:12.2295630Z   ✔ preview record 'risk-heatmap' bytes match its source file's UTF-8 byte length (0.050041ms)
cli (macos-latest)	Run pnpm --filter @openpresentation/opf test	2026-09-14T23:41:12.2296220Z   ✔ preview record 'roadmap' bytes match its source file's UTF-8 byte length (0.0575ms)
cli (macos-latest)	Run pnpm --filter @openpresentation/opf test	2026-09-14T23:41:12.2296870Z   ✔ preview record 'screenshot-walkthrough' bytes match its source file's UTF-8 byte length (0.323666ms)
cli (macos-latest)	Run pnpm --filter @openpresentation/opf test	2026-09-14T23:41:12.2297540Z   ✔ preview record 'section-divider' bytes match its source file's UTF-8 byte length (0.049125ms)
cli (macos-latest)	Run pnpm --filter @openpresentation/opf test	2026-09-14T23:41:12.2298300Z   ✔ preview record 'single-message-statement' bytes match its source file's UTF-8 byte length (0.062042ms)
cli (macos-latest)	Run pnpm --filter @openpresentation/opf test	2026-09-14T23:41:12.2298960Z   ✔ preview record 'stats-metrics' bytes match its source file's UTF-8 byte length (0.06025ms)
cli (macos-latest)	Run pnpm --filter @openpresentation/opf test	2026-09-14T23:41:12.2299570Z   ✔ preview record 'status-rag' bytes match its source file's UTF-8 byte length (0.064416ms)
cli (macos-latest)	Run pnpm --filter @openpresentation/opf test	2026-09-14T23:41:12.2300190Z   ✔ preview record 'swimlane-process' bytes match its source file's UTF-8 byte length (0.054958ms)
cli (macos-latest)	Run pnpm --filter @openpresentation/opf test	2026-09-14T23:41:12.2300800Z   ✔ preview record 'swot-analysis' bytes match its source file's UTF-8 byte length (0.043334ms)
cli (macos-latest)	Run pnpm --filter @openpresentation/opf test	2026-09-14T23:41:12.2301390Z   ✔ preview record 'team-bio' bytes match its source file's UTF-8 byte length (0.10375ms)
cli (macos-latest)	Run pnpm --filter @openpresentation/opf test	2026-09-14T23:41:12.2301990Z   ✔ preview record 'testimonial-grid' bytes match its source file's UTF-8 byte length (0.059458ms)
cli (macos-latest)	Run pnpm --filter @openpresentation/opf test	2026-09-14T23:41:12.2302610Z   ✔ preview record 'thank-you-cta' bytes match its source file's UTF-8 byte length (0.041375ms)
cli (macos-latest)	Run pnpm --filter @openpresentation/opf test	2026-09-14T23:41:12.2303200Z   ✔ preview record 'three-column' bytes match its source file's UTF-8 byte length (0.080833ms)
cli (macos-latest)	Run pnpm --filter @openpresentation/opf test	2026-09-14T23:41:12.2303790Z   ✔ preview record 'timeline' bytes match its source file's UTF-8 byte length (0.05275ms)
cli (macos-latest)	Run pnpm --filter @openpresentation/opf test	2026-09-14T23:41:12.2304690Z   ✔ preview record 'title-slide' bytes match its source file's UTF-8 byte length (0.04275ms)
cli (macos-latest)	Run pnpm --filter @openpresentation/opf test	2026-09-14T23:41:12.2305340Z   ✔ preview record 'two-column' bytes match its source file's UTF-8 byte length (0.036917ms)
cli (macos-latest)	Run pnpm --filter @openpresentation/opf test	2026-09-14T23:41:12.2305960Z   ✔ preview record 'venn-overlap' bytes match its source file's UTF-8 byte length (0.037334ms)
cli (macos-latest)	Run pnpm --filter @openpresentation/opf test	2026-09-14T23:41:12.2306580Z   ✔ preview record 'waterfall-bridge' bytes match its source file's UTF-8 byte length (0.036334ms)
cli (macos-latest)	Run pnpm --filter @openpresentation/opf test	2026-09-14T23:41:12.2307180Z   ✔ preview record 'wheel-radial' bytes match its source file's UTF-8 byte length (0.037042ms)
cli (macos-latest)	Run pnpm --filter @openpresentation/opf test	2026-09-14T23:41:12.2307650Z ✔ layoutPreviewIndex export (10.319375ms)
cli (macos-latest)	Run pnpm --filter @openpresentation/opf test	2026-09-14T23:41:12.2307910Z ▶ getLayoutPreview
cli (macos-latest)	Run pnpm --filter @openpresentation/opf test	2026-09-14T23:41:12.2308170Z   ✔ returns the HTML for a known slug (0.091417ms)
cli (macos-latest)	Run pnpm --filter @openpresentation/opf test	2026-09-14T23:41:12.2308510Z   ✔ returns undefined for a bogus slug (0.026208ms)
cli (macos-latest)	Run pnpm --filter @openpresentation/opf test	2026-09-14T23:41:12.2308870Z ✔ getLayoutPreview (0.171875ms)
cli (macos-latest)	Run pnpm --filter @openpresentation/opf test	2026-09-14T23:41:12.2309160Z ▶ hasLayoutPreview
cli (macos-latest)	Run pnpm --filter @openpresentation/opf test	2026-09-14T23:41:12.2309480Z   ✔ returns true for a known slug (0.043333ms)
cli (macos-latest)	Run pnpm --filter @openpresentation/opf test	2026-09-14T23:41:12.2309790Z   ✔ returns false for a bogus slug (0.023792ms)
cli (macos-latest)	Run pnpm --filter @openpresentation/opf test	2026-09-14T23:41:12.2310090Z ✔ hasLayoutPreview (0.098708ms)
cli (macos-latest)	Run pnpm --filter @openpresentation/opf test	2026-09-14T23:41:14.4064040Z ✔ accepted quote geometry includes all parts without changing source or re-measuring for explanations (4.900125ms)
cli (macos-latest)	Run pnpm --filter @openpresentation/opf test	2026-09-14T23:41:14.4074240Z ✔ automatic candidates account for footer fit and choose the arrangement that keeps it readable (11.043541ms)
cli (macos-latest)	Run pnpm --filter @openpresentation/opf test	2026-09-14T23:41:14.4104120Z ✔ strict ancestors reject a quote body diagnostic below the leaf path (276.730583ms)
cli (macos-latest)	Run pnpm --filter @openpresentation/opf test	2026-09-14T23:41:14.4105200Z ✔ strict path matching respects component boundaries rather than numeric prefixes (271.554584ms)
cli (macos-latest)	Run pnpm --filter @openpresentation/opf test	2026-09-14T23:41:14.4106870Z ✔ pagination preserves quote body, repeated metadata, ranges and the accepted readability floor (1693.24325ms)
cli (macos-latest)	Run pnpm --filter @openpresentation/opf test	2026-09-14T23:41:14.4108850Z ✔ irreducible footer overflow rejects pagination without mutating or returning partial content (30.360625ms)
cli (macos-latest)	Run pnpm --filter @openpresentation/opf test	2026-09-14T23:41:14.4205390Z ✔ complete quote layout preserves source ranges, requested/resolved styles and legacy readable geometry (5.681458ms)
cli (macos-latest)	Run pnpm --filter @openpresentation/opf test	2026-09-14T23:41:14.4207470Z ✔ shorthand and empty metadata preserve schema paths without an invented footer (0.509792ms)
cli (macos-latest)	Run pnpm --filter @openpresentation/opf test	2026-09-14T23:41:14.4208350Z ✔ body and footer share available space before shrinking text or changing the outer arrangement (11.58425ms)
cli (macos-latest)	Run pnpm --filter @openpresentation/opf test	2026-09-14T23:41:14.4209280Z ✔ long footer, body/footer collision and strict rejection remain explicit without source truncation (115.784667ms)
cli (macos-latest)	Run pnpm --filter @openpresentation/opf test	2026-09-14T23:41:14.4210180Z ✔ tiny cells retain invalid available dimensions and never measure an invented fitting box (0.201667ms)
cli (macos-latest)	Run pnpm --filter @openpresentation/opf test	2026-09-14T23:41:14.4211070Z ✔ explicit readability floors are respected after scaling, including above nominal footer size (0.186541ms)
cli (macos-latest)	Run pnpm --filter @openpresentation/opf test	2026-09-14T23:41:14.4211930Z ✔ invalid content, geometry, scales and policies fail before reporting a usable layout (0.21375ms)
cli (macos-latest)	Run pnpm --filter @openpresentation/opf test	2026-09-14T23:41:14.4212730Z ✔ plain, rich, list description, marker and table glyphs honor selected floors (10.527333ms)
cli (macos-latest)	Run pnpm --filter @openpresentation/opf test	2026-09-14T23:41:14.4213820Z ✔ short headings and nested content use the scaled floor with or without outlines (3.243625ms)
cli (macos-latest)	Run pnpm --filter @openpresentation/opf test	2026-09-14T23:41:14.4214630Z ✔ irreducible content reports overflow and bounded fitting always evaluates the floor (40.697334ms)
cli (macos-latest)	Run pnpm --filter @openpresentation/opf test	2026-09-14T23:41:14.4215580Z ✔ pagination retains source and enforces the selected floor on table cells and descriptions (195.561792ms)
cli (macos-latest)	Run pnpm --filter @openpresentation/opf test	2026-09-14T23:41:14.4216510Z ✔ rich table cells and headers use canonical runs while scalar values remain valid (187.797667ms)
cli (macos-latest)	Run pnpm --filter @openpresentation/opf test	2026-09-14T23:41:14.4218910Z ✔ table overflow uses run metrics and pagination preserves whole rich cells (48.137375ms)
cli (macos-latest)	Run pnpm --filter @openpresentation/opf test	2026-09-14T23:41:14.4219400Z ▶ spec file manifest
cli (macos-latest)	Run pnpm --filter @openpresentation/opf test	2026-09-14T23:41:14.4229660Z   ✔ spec-files subpath export matches the main index's specFileEntries (0.414ms)
cli (macos-latest)	Run pnpm --filter @openpresentation/opf test	2026-09-14T23:41:14.4230320Z   ✔ specFilePaths includes the expected canonical paths (0.103875ms)
cli (macos-latest)	Run pnpm --filter @openpresentation/opf test	2026-09-14T23:41:14.4231010Z   ✔ openapi.yaml manifest entry has the expected kind, mediaType, and packagePath (0.123084ms)
cli (macos-latest)	Run pnpm --filter @openpresentation/opf test	2026-09-14T23:41:14.4232020Z ✔ spec file manifest (1.2535ms)
cli (macos-latest)	Run pnpm --filter @openpresentation/opf test	2026-09-14T23:41:14.4232330Z ▶ dist/spec assets
cli (macos-latest)	Run pnpm --filter @openpresentation/opf test	2026-09-14T23:41:14.4232880Z   ✔ dist/spec ships openapi.yaml, the presentation schema, and the layouts catalog index (0.236666ms)
cli (macos-latest)	Run pnpm --filter @openpresentation/opf test	2026-09-14T23:41:14.4233550Z   ✔ dist/spec/openapi.yaml starts with an 'openapi:' declaration (0.271167ms)
cli (macos-latest)	Run pnpm --filter @openpresentation/opf test	2026-09-14T23:41:14.4234250Z   ✔ dist/spec/schemas/opf.schema.json $id matches the exported presentation schema's $id (2.655042ms)
cli (macos-latest)	Run pnpm --filter @openpresentation/opf test	2026-09-14T23:41:14.4234790Z ✔ dist/spec assets (3.300625ms)
cli (macos-latest)	Run pnpm --filter @openpresentation/opf test	2026-09-14T23:41:14.4235350Z ✔ styled values coexist with scalar, rich, empty and merged header cells (165.587708ms)
cli (macos-latest)	Run pnpm --filter @openpresentation/opf test	2026-09-14T23:41:14.4236210Z ✔ schema rejects ambiguous values and unsupported style properties (1.156042ms)
cli (macos-latest)	Run pnpm --filter @openpresentation/opf test	2026-09-14T23:41:14.4236990Z ✔ spans reject hidden content, missing covered positions, overlap and header crossing (4.328292ms)
cli (macos-latest)	Run pnpm --filter @openpresentation/opf test	2026-09-14T23:41:14.4237850Z ✔ span rectangles preserve dense column indexes and editable value paths (5.946042ms)
cli (macos-latest)	Run pnpm --filter @openpresentation/opf test	2026-09-14T23:41:14.4238540Z ✔ vertical alignment and padding use the full merged rectangle (2.710292ms)
cli (macos-latest)	Run pnpm --filter @openpresentation/opf test	2026-09-14T23:41:14.4239200Z ✔ staggered vertical merges reserve enough space for every anchor (0.419541ms)
cli (macos-latest)	Run pnpm --filter @openpresentation/opf test	2026-09-14T23:41:14.4239960Z ✔ pagination preserves vertical merge groups, rich styles, headers and source ranges (24.762833ms)
cli (macos-latest)	Run pnpm --filter @openpresentation/opf test	2026-09-14T23:41:14.4240810Z ✔ overlapping merge groups are atomic, and oversized groups fail without partial output (1.281375ms)
cli (macos-latest)	Run pnpm --filter @openpresentation/opf test	2026-09-14T23:41:14.4241580Z ✔ short table rows preserve baseline geometry and missing cells (2.193083ms)
cli (macos-latest)	Run pnpm --filter @openpresentation/opf test	2026-09-14T23:41:14.4242210Z ✔ wrapped and rich multiline rows grow into available space (7.876042ms)
cli (macos-latest)	Run pnpm --filter @openpresentation/opf test	2026-09-14T23:41:14.4242910Z ✔ constrained tables consume spare row height before reporting real overflow (0.909542ms)
cli (macos-latest)	Run pnpm --filter @openpresentation/opf test	2026-09-14T23:41:14.4243610Z ✔ readability settings and mixed-font metrics govern row fitting (0.771292ms)
cli (macos-latest)	Run pnpm --filter @openpresentation/opf test	2026-09-14T23:41:14.4244720Z ✔ pagination retains complete multiline rows and repeated headers (178.382708ms)
cli (macos-latest)	Run pnpm --filter @openpresentation/opf test	2026-09-14T23:41:14.4245420Z ✔ mixed-size table paragraphs reserve the native uniform line spacing (1.075167ms)
cli (macos-latest)	Run pnpm --filter @openpresentation/opf test	2026-09-14T23:41:14.4246160Z ✔ spare height in short rows is removed before any font shrinking (1.090167ms)
cli (macos-latest)	Run pnpm --filter @openpresentation/opf test	2026-09-14T23:41:14.4246870Z ✔ optional outline providers distinguish unknown measurement from no ink (1.068916ms)
cli (macos-latest)	Run pnpm --filter @openpresentation/opf test	2026-09-14T23:41:14.4247700Z ✔ shared placement respects alignment and contains negative bearings and right overhangs (0.411792ms)
cli (macos-latest)	Run pnpm --filter @openpresentation/opf test	2026-09-14T23:41:14.4262560Z ✔ tall outlines move following baselines as a group without intersecting (0.108875ms)
cli (macos-latest)	Run pnpm --filter @openpresentation/opf test	2026-09-14T23:41:14.4266610Z ✔ missing ink preserves empty lines; irreducible width or height remains overflow (0.1075ms)
cli (macos-latest)	Run pnpm --filter @openpresentation/opf test	2026-09-14T23:41:14.4271310Z ✔ malformed placements and providers reject invalid numeric claims (0.443125ms)
cli (macos-latest)	Run pnpm --filter @openpresentation/opf test	2026-09-14T23:41:14.4272080Z ✔ composition preserves width-only behavior and exposes the actual outline policy (3.342041ms)
cli (macos-latest)	Run pnpm --filter @openpresentation/opf test	2026-09-14T23:41:14.4272920Z ✔ outline failures participate in bounded fitting, candidate scores and strict errors (0.959125ms)
cli (macos-latest)	Run pnpm --filter @openpresentation/opf test	2026-09-14T23:41:14.4273740Z ✔ presentation pagination forwards outline padding and effective title alignment (174.83175ms)
cli (macos-latest)	Run pnpm --filter @openpresentation/opf test	2026-09-14T23:41:14.4274480Z ✔ invalid outline coordinates fail instead of silently claiming fit (0.483917ms)
cli (macos-latest)	Run pnpm --filter @openpresentation/opf test	2026-09-14T23:41:14.4275330Z ✔ timeline parts keep exact array/object source paths, whitespace, selected floors and outlined ink (8.635292ms)
cli (macos-latest)	Run pnpm --filter @openpresentation/opf test	2026-09-14T23:41:14.4276320Z ✔ timeline tries a vertical arrangement before accepting unreadable narrow labels (1.384833ms)
cli (macos-latest)	Run pnpm --filter @openpresentation/opf test	2026-09-14T23:41:14.4277290Z ✔ timeline rejects irreducible fields and invalid inputs with bounded attempts and source diagnostics (12.811625ms)
cli (macos-latest)	Run pnpm --filter @openpresentation/opf test	2026-09-14T23:41:14.4278280Z ✔ composition measures nested timelines and pagination preserves atomic event order and metadata (205.746209ms)
cli (macos-latest)	Run pnpm --filter @openpresentation/opf test	2026-09-14T23:41:14.6605550Z ▶ basic presentation validation entry points
cli (macos-latest)	Run pnpm --filter @openpresentation/opf test	2026-09-14T23:41:14.6606330Z   ✔ well-formed presentation validates via validatePresentation (156.986917ms)
cli (macos-latest)	Run pnpm --filter @openpresentation/opf test	2026-09-14T23:41:14.6615200Z   ✔ well-formed presentation validates via validate(doc, 'presentation') (0.226041ms)
cli (macos-latest)	Run pnpm --filter @openpresentation/opf test	2026-09-14T23:41:14.6616210Z   ✔ well-formed presentation passes assertValid without throwing (0.188458ms)
cli (macos-latest)	Run pnpm --filter @openpresentation/opf test	2026-09-14T23:41:14.6617180Z ✔ basic presentation validation entry points (158.119375ms)
cli (macos-latest)	Run pnpm --filter @openpresentation/opf test	2026-09-14T23:41:14.6636790Z ▶ presentation shapes that must validate
cli (macos-latest)	Run pnpm --filter @openpresentation/opf test	2026-09-14T23:41:14.6637850Z   ✔ Root Payload (1.03ms)
cli (macos-latest)	Run pnpm --filter @openpresentation/opf test	2026-09-14T23:41:14.6640780Z   ✔ Array Metadata (0.194458ms)
cli (macos-latest)	Run pnpm --filter @openpresentation/opf test	2026-09-14T23:41:14.6649560Z   ✔ Slide Design (1.574083ms)
cli (macos-latest)	Run pnpm --filter @openpresentation/opf test	2026-09-14T23:41:14.6652140Z   ✔ Inline Language (0.23575ms)
cli (macos-latest)	Run pnpm --filter @openpresentation/opf test	2026-09-14T23:41:14.6657970Z   ✔ Inline Audience Purpose Tone (0.376417ms)
cli (macos-latest)	Run pnpm --filter @openpresentation/opf test	2026-09-14T23:41:14.6658550Z   ✔ Columns (2.294042ms)
cli (macos-latest)	Run pnpm --filter @openpresentation/opf test	2026-09-14T23:41:14.6658840Z   ✔ Rows (0.690708ms)
cli (macos-latest)	Run pnpm --filter @openpresentation/opf test	2026-09-14T23:41:14.6664730Z   ✔ Chart And Table Objects (1.29425ms)
cli (macos-latest)	Run pnpm --filter @openpresentation/opf test	2026-09-14T23:41:14.6668320Z   ✔ Chart Data Source (0.3225ms)
cli (macos-latest)	Run pnpm --filter @openpresentation/opf test	2026-09-14T23:41:14.6669360Z   ✔ Grid (0.3695ms)
cli (macos-latest)	Run pnpm --filter @openpresentation/opf test	2026-09-14T23:41:14.6670100Z   ✔ Blocks (0.324375ms)
cli (macos-latest)	Run pnpm --filter @openpresentation/opf test	2026-09-14T23:41:14.6670440Z   ✔ Rich Text (0.091375ms)
cli (macos-latest)	Run pnpm --filter @openpresentation/opf test	2026-09-14T23:41:14.6670740Z   ✔ Bullets (0.517542ms)
cli (macos-latest)	Run pnpm --filter @openpresentation/opf test	2026-09-14T23:41:14.6671090Z   ✔ Media Source String Forms (1.776042ms)
cli (macos-latest)	Run pnpm --filter @openpresentation/opf test	2026-09-14T23:41:14.6671540Z   ✔ Code Block (0.139875ms)
cli (macos-latest)	Run pnpm --filter @openpresentation/opf test	2026-09-14T23:41:14.6682040Z   ✔ Metric Quote Timeline (0.435ms)
cli (macos-latest)	Run pnpm --filter @openpresentation/opf test	2026-09-14T23:41:14.6694570Z   ✔ Implicit Text List Blocks (0.090875ms)
cli (macos-latest)	Run pnpm --filter @openpresentation/opf test	2026-09-14T23:41:14.6695160Z   ✔ Implicit Text Bullets List Blocks (0.28525ms)
cli (macos-latest)	Run pnpm --filter @openpresentation/opf test	2026-09-14T23:41:14.6695590Z   ✔ Implicit Mixed Content Blocks (0.162709ms)
cli (macos-latest)	Run pnpm --filter @openpresentation/opf test	2026-09-14T23:41:14.6796820Z   ✔ Singular Audience Text (0.17025ms)
cli (macos-latest)	Run pnpm --filter @openpresentation/opf test	2026-09-14T23:41:14.6973250Z ✔ presentation shapes that must validate (12.955ms)
cli (macos-latest)	Run pnpm --filter @openpresentation/opf test	2026-09-14T23:41:14.7076060Z ▶ presentation shapes that must be rejected
cli (macos-latest)	Run pnpm --filter @openpresentation/opf test	2026-09-14T23:41:14.7242510Z   ✔ Overlap (0.450834ms)
cli (macos-latest)	Run pnpm --filter @openpresentation/opf test	2026-09-14T23:41:14.7261100Z   ✔ Bad Span (0.094291ms)
cli (macos-latest)	Run pnpm --filter @openpresentation/opf test	2026-09-14T23:41:14.7261760Z   ✔ Root Title (root-level "title" field is rejected) (0.058375ms)
cli (macos-latest)	Run pnpm --filter @openpresentation/opf test	2026-09-14T23:41:14.7262940Z   ✔ Unknown Slide Field (0.055167ms)
cli (macos-latest)	Run pnpm --filter @openpresentation/opf test	2026-09-14T23:41:14.7263420Z   ✔ Mixed Root And Regions (0.071084ms)
cli (macos-latest)	Run pnpm --filter @openpresentation/opf test	2026-09-14T23:41:14.7263850Z   ✔ Missing List Items (0.055625ms)
cli (macos-latest)	Run pnpm --filter @openpresentation/opf test	2026-09-14T23:41:14.7264250Z   ✔ Missing Image Source (0.042916ms)
cli (macos-latest)	Run pnpm --filter @openpresentation/opf test	2026-09-14T23:41:14.7264720Z   ✔ Missing Video Source (0.039542ms)
cli (macos-latest)	Run pnpm --filter @openpresentation/opf test	2026-09-14T23:41:14.7265180Z   ✔ Missing Chart Payload (0.040208ms)
cli (macos-latest)	Run pnpm --filter @openpresentation/opf test	2026-09-14T23:41:14.7265570Z   ✔ Missing Chart Data (0.068292ms)
cli (macos-latest)	Run pnpm --filter @openpresentation/opf test	2026-09-14T23:41:14.7266000Z   ✔ Old Chart Data Shape Rejected (0.10175ms)
cli (macos-latest)	Run pnpm --filter @openpresentation/opf test	2026-09-14T23:41:14.7266420Z   ✔ Missing Table Payload (0.047584ms)
cli (macos-latest)	Run pnpm --filter @openpresentation/opf test	2026-09-14T23:41:14.7266860Z   ✔ Removed Loose Chart Fields (0.060542ms)
cli (macos-latest)	Run pnpm --filter @openpresentation/opf test	2026-09-14T23:41:14.7267380Z   ✔ Removed Loose Table Fields (0.07675ms)
cli (macos-latest)	Run pnpm --filter @openpresentation/opf test	2026-09-14T23:41:14.7267820Z   ✔ Removed Table Headers Field (0.143708ms)
cli (macos-latest)	Run pnpm --filter @openpresentation/opf test	2026-09-14T23:41:14.7268340Z   ✔ Removed Chart Data Asset Field (0.065292ms)
cli (macos-latest)	Run pnpm --filter @openpresentation/opf test	2026-09-14T23:41:14.7268730Z   ✔ Image Array Rejected (0.08175ms)
cli (macos-latest)	Run pnpm --filter @openpresentation/opf test	2026-09-14T23:41:14.7269110Z   ✔ Video Array Rejected (0.067291ms)
cli (macos-latest)	Run pnpm --filter @openpresentation/opf test	2026-09-14T23:41:14.7269490Z   ✔ Missing Asset Src (0.05625ms)
cli (macos-latest)	Run pnpm --filter @openpresentation/opf test	2026-09-14T23:41:14.7269930Z   ✔ Removed Asset Type Field (0.186083ms)
cli (macos-latest)	Run pnpm --filter @openpresentation/opf test	2026-09-14T23:41:14.7270360Z   ✔ Missing List Item Text (0.12875ms)
cli (macos-latest)	Run pnpm --filter @openpresentation/opf test	2026-09-14T23:41:14.7270820Z   ✔ Bullet Description Rejected (0.08475ms)
cli (macos-latest)	Run pnpm --filter @openpresentation/opf test	2026-09-14T23:41:14.7271710Z   ✔ Removed Runs Field (0.059542ms)
cli (macos-latest)	Run pnpm --filter @openpresentation/opf test	2026-09-14T23:41:14.7272080Z   ✔ Removed Src Field (0.248958ms)
cli (macos-latest)	Run pnpm --filter @openpresentation/opf test	2026-09-14T23:41:14.7272520Z   ✔ Renamed Design Overrides (0.069333ms)
cli (macos-latest)	Run pnpm --filter @openpresentation/opf test	2026-09-14T23:41:14.7273110Z   ✔ Removed Loose Code Language Field (0.160833ms)
cli (macos-latest)	Run pnpm --filter @openpresentation/opf test	2026-09-14T23:41:14.7273610Z   ✔ Missing Code Source (0.079292ms)
cli (macos-latest)	Run pnpm --filter @openpresentation/opf test	2026-09-14T23:41:14.7313790Z   ✔ Missing Metric Payload (0.045416ms)
cli (macos-latest)	Run pnpm --filter @openpresentation/opf test	2026-09-14T23:41:14.7335880Z   ✔ Missing Metric Value (0.058583ms)
cli (macos-latest)	Run pnpm --filter @openpresentation/opf test	2026-09-14T23:41:14.7336390Z   ✔ Removed Loose Metric Fields (0.053042ms)
cli (macos-latest)	Run pnpm --filter @openpresentation/opf test	2026-09-14T23:41:14.7336790Z   ✔ Missing Quote Payload (0.037458ms)
cli (macos-latest)	Run pnpm --filter @openpresentation/opf test	2026-09-14T23:41:14.7337160Z   ✔ Missing Quote Text (0.18225ms)
cli (macos-latest)	Run pnpm --filter @openpresentation/opf test	2026-09-14T23:41:14.7337570Z   ✔ Removed Loose Quote Fields (0.115542ms)
cli (macos-latest)	Run pnpm --filter @openpresentation/opf test	2026-09-14T23:41:14.7337940Z   ✔ Missing Timeline Payload (0.0505ms)
cli (macos-latest)	Run pnpm --filter @openpresentation/opf test	2026-09-14T23:41:14.7338870Z   ✔ Missing Timeline Event What (0.07175ms)
cli (macos-latest)	Run pnpm --filter @openpresentation/opf test	2026-09-14T23:41:14.7339260Z   ✔ Removed Loose Events Field (0.048792ms)
cli (macos-latest)	Run pnpm --filter @openpresentation/opf test	2026-09-14T23:41:14.7339650Z   ✔ Removed Placeholder Type (0.065292ms)
cli (macos-latest)	Run pnpm --filter @openpresentation/opf test	2026-09-14T23:41:14.7340010Z   ✔ Removed Prompt Field (0.084ms)
cli (macos-latest)	Run pnpm --filter @openpresentation/opf test	2026-09-14T23:41:14.7340380Z   ✔ Removed Expected Type Field (0.044458ms)
cli (macos-latest)	Run pnpm --filter @openpresentation/opf test	2026-09-14T23:41:14.7340750Z   ✔ Removed Group Type (0.098667ms)
cli (macos-latest)	Run pnpm --filter @openpresentation/opf test	2026-09-14T23:41:14.7341100Z   ✔ Removed Children Field (0.055541ms)
cli (macos-latest)	Run pnpm --filter @openpresentation/opf test	2026-09-14T23:41:14.7342720Z   ✔ Nested Blocks Field (0.120042ms)
cli (macos-latest)	Run pnpm --filter @openpresentation/opf test	2026-09-14T23:41:14.7343090Z   ✔ Removed Shape Type (0.051166ms)
cli (macos-latest)	Run pnpm --filter @openpresentation/opf test	2026-09-14T23:41:14.7343440Z   ✔ Removed Shape Field (0.048292ms)
cli (macos-latest)	Run pnpm --filter @openpresentation/opf test	2026-09-14T23:41:14.7343830Z   ✔ Explicit Type Mixed Payload Kinds (0.054833ms)
cli (macos-latest)	Run pnpm --filter @openpresentation/opf test	2026-09-14T23:41:14.7344320Z   ✔ Region Mixed Payload Kinds (0.07375ms)
cli (macos-latest)	Run pnpm --filter @openpresentation/opf test	2026-09-14T23:41:14.7344930Z   ✔ Incomplete Language (0.066209ms)
cli (macos-latest)	Run pnpm --filter @openpresentation/opf test	2026-09-14T23:41:14.7345210Z   ✔ Incomplete Audience (0.057375ms)
cli (macos-latest)	Run pnpm --filter @openpresentation/opf test	2026-09-14T23:41:14.7345460Z   ✔ Incomplete Purpose (0.048292ms)
cli (macos-latest)	Run pnpm --filter @openpresentation/opf test	2026-09-14T23:41:14.7345730Z   ✔ Incomplete Tone (0.0485ms)
cli (macos-latest)	Run pnpm --filter @openpresentation/opf test	2026-09-14T23:41:14.7345980Z   ✔ Invalid UK English Tag (0.039292ms)
cli (macos-latest)	Run pnpm --filter @openpresentation/opf test	2026-09-14T23:41:14.7346250Z   ✔ Fractional Duration (0.040625ms)
cli (macos-latest)	Run pnpm --filter @openpresentation/opf test	2026-09-14T23:41:14.7346620Z ✔ presentation shapes that must be rejected (4.989125ms)
cli (macos-latest)	Run pnpm --filter @openpresentation/opf test	2026-09-14T23:41:14.7346960Z ▶ catalog-id warning behavior
cli (macos-latest)	Run pnpm --filter @openpresentation/opf test	2026-09-14T23:41:14.7347320Z   ✔ unknown narrative id warns but does not invalidate (0.434083ms)
cli (macos-latest)	Run pnpm --filter @openpresentation/opf test	2026-09-14T23:41:14.7347720Z   ✔ known narrative id produces no warnings (0.151ms)
cli (macos-latest)	Run pnpm --filter @openpresentation/opf test	2026-09-14T23:41:14.7348270Z   ✔ object-form narrative with unknown id is a custom inline narrative, not a broken reference (0.066542ms)
cli (macos-latest)	Run pnpm --filter @openpresentation/opf test	2026-09-14T23:41:14.7348840Z   ✔ unknown design references warn at their respective paths (0.992917ms)
cli (macos-latest)	Run pnpm --filter @openpresentation/opf test	2026-09-14T23:41:14.7349470Z   ✔ unknown chart type id warns at the chart type path (0.196875ms)
cli (macos-latest)	Run pnpm --filter @openpresentation/opf test	2026-09-14T23:41:14.7350060Z   ✔ inline catalog record legitimizes an id the bundled catalogs don't know (0.886125ms)
cli (macos-latest)	Run pnpm --filter @openpresentation/opf test	2026-09-14T23:41:14.7350620Z   ✔ custom catalog source legitimizes an id the bundled catalogs don't know (0.293125ms)
cli (macos-latest)	Run pnpm --filter @openpresentation/opf test	2026-09-14T23:41:14.7351060Z ✔ catalog-id warning behavior (3.237125ms)
cli (macos-latest)	Run pnpm --filter @openpresentation/opf test	2026-09-14T23:41:16.1503000Z ✔ Windows package invocation preserves literal arguments and ignores the other manager (59.117083ms)
cli (macos-latest)	Run pnpm --filter @openpresentation/opf test	2026-09-14T23:41:16.1503890Z ✔ local package links build through real npm and can replace existing junctions (1604.196125ms)
cli (macos-latest)	Run pnpm --filter @openpresentation/opf test	2026-09-14T23:41:16.2025210Z ✔ local linking refuses a node_modules parent that resolves outside its checkout (52.164708ms)
cli (macos-latest)	Run pnpm --filter @openpresentation/opf test	2026-09-14T23:41:16.2067630Z ℹ tests 508
cli (macos-latest)	Run pnpm --filter @openpresentation/opf test	2026-09-14T23:41:16.2068620Z ℹ suites 20
cli (macos-latest)	Run pnpm --filter @openpresentation/opf test	2026-09-14T23:41:16.2069430Z ℹ pass 508
cli (macos-latest)	Run pnpm --filter @openpresentation/opf test	2026-09-14T23:41:16.2070690Z ℹ fail 0
cli (macos-latest)	Run pnpm --filter @openpresentation/opf test	2026-09-14T23:41:16.2071500Z ℹ cancelled 0
cli (macos-latest)	Run pnpm --filter @openpresentation/opf test	2026-09-14T23:41:16.2072180Z ℹ skipped 0
cli (macos-latest)	Run pnpm --filter @openpresentation/opf test	2026-09-14T23:41:16.2072870Z ℹ todo 0
cli (macos-latest)	Run pnpm --filter @openpresentation/opf test	2026-09-14T23:41:16.2073730Z ℹ duration_ms 8683.739625
cli (macos-latest)	Run pnpm --filter @openpresentation/opf test	2026-09-14T23:41:18.1098480Z Composition: geometry, preservation, responsive grids, weights, regions, diagnostics and schemas passed.
cli (macos-latest)	Run pnpm --filter @openpresentation/opf test	2026-09-14T23:41:19.0165570Z Nested groups: containment, source paths, region composition, inheritance, strict overflow and depth guards passed.
cli (macos-latest)	Run pnpm --filter @openpresentation/opf test	2026-09-14T23:41:20.0103890Z Pagination: exact text/rich-run preservation, groups, lists, tables, regions, mappings, IDs, limits and fit passed.
cli (macos-latest)	Run pnpm --filter @openpresentation/opf test	2026-09-14T23:41:20.3808490Z Data import passed 40 parsing, preservation, mapping, and error checks.
cli (macos-latest)	Run pnpm --filter @openpresentation/opf test	2026-09-14T23:41:20.4645280Z Rich text passed 16 shared-layout checks.
cli (macos-latest)	Run pnpm --filter @openpresentation/opf test	2026-09-14T23:41:20.8005750Z Lists passed: rich runs, descriptions, nesting, hanging indents, consistent shrink, source paths, Unicode, overflow and exact pagination.
cli (macos-latest)	Run node packages/javascript/test/packed-install-smoke.mjs	﻿2026-09-14T23:41:20.8277490Z ##[group]Run node packages/javascript/test/packed-install-smoke.mjs
cli (macos-latest)	Run node packages/javascript/test/packed-install-smoke.mjs	2026-09-14T23:41:20.8277930Z ^[[36;1mnode packages/javascript/test/packed-install-smoke.mjs^[[0m
cli (macos-latest)	Run node packages/javascript/test/packed-install-smoke.mjs	2026-09-14T23:41:20.8312530Z shell: /bin/bash -e {0}
cli (macos-latest)	Run node packages/javascript/test/packed-install-smoke.mjs	2026-09-14T23:41:20.8312720Z env:
cli (macos-latest)	Run node packages/javascript/test/packed-install-smoke.mjs	2026-09-14T23:41:20.8312930Z   PNPM_HOME: /Users/runner/setup-pnpm/node_modules/.bin
cli (macos-latest)	Run node packages/javascript/test/packed-install-smoke.mjs	2026-09-14T23:41:20.8313180Z ##[endgroup]
cli (macos-latest)	Run node packages/javascript/test/packed-install-smoke.mjs	2026-09-14T23:41:36.8889110Z Packed TypeScript 5.9/7 consumers passed: 13 exports, NodeNext/Bundler, published renderer/editor/PPTX.
cli (macos-latest)	Run node packages/javascript/test/packed-install-smoke.mjs	2026-09-14T23:41:37.8050430Z ✔ complete quote layout preserves source ranges, requested/resolved styles and legacy readable geometry (3.074667ms)
cli (macos-latest)	Run node packages/javascript/test/packed-install-smoke.mjs	2026-09-14T23:41:37.8052900Z ✔ shorthand and empty metadata preserve schema paths without an invented footer (0.460375ms)
cli (macos-latest)	Run node packages/javascript/test/packed-install-smoke.mjs	2026-09-14T23:41:37.8055030Z ✔ body and footer share available space before shrinking text or changing the outer arrangement (8.732833ms)
cli (macos-latest)	Run node packages/javascript/test/packed-install-smoke.mjs	2026-09-14T23:41:37.8057410Z ✔ long footer, body/footer collision and strict rejection remain explicit without source truncation (79.659167ms)
cli (macos-latest)	Run node packages/javascript/test/packed-install-smoke.mjs	2026-09-14T23:41:37.8060090Z ✔ tiny cells retain invalid available dimensions and never measure an invented fitting box (0.200958ms)
cli (macos-latest)	Run node packages/javascript/test/packed-install-smoke.mjs	2026-09-14T23:41:37.8062260Z ✔ explicit readability floors are respected after scaling, including above nominal footer size (0.201875ms)
cli (macos-latest)	Run node packages/javascript/test/packed-install-smoke.mjs	2026-09-14T23:41:37.8064410Z ✔ invalid content, geometry, scales and policies fail before reporting a usable layout (0.394875ms)
cli (macos-latest)	Run node packages/javascript/test/packed-install-smoke.mjs	2026-09-14T23:41:37.8065130Z ℹ tests 7
cli (macos-latest)	Run node packages/javascript/test/packed-install-smoke.mjs	2026-09-14T23:41:37.8065370Z ℹ suites 0
cli (macos-latest)	Run node packages/javascript/test/packed-install-smoke.mjs	2026-09-14T23:41:37.8065770Z ℹ pass 7
cli (macos-latest)	Run node packages/javascript/test/packed-install-smoke.mjs	2026-09-14T23:41:37.8066010Z ℹ fail 0
cli (macos-latest)	Run node packages/javascript/test/packed-install-smoke.mjs	2026-09-14T23:41:37.8066160Z ℹ cancelled 0
cli (macos-latest)	Run node packages/javascript/test/packed-install-smoke.mjs	2026-09-14T23:41:37.8066400Z ℹ skipped 0
cli (macos-latest)	Run node packages/javascript/test/packed-install-smoke.mjs	2026-09-14T23:41:37.8066590Z ℹ todo 0
cli (macos-latest)	Run node packages/javascript/test/packed-install-smoke.mjs	2026-09-14T23:41:37.8066790Z ℹ duration_ms 170.365458
cli (macos-latest)	Run node packages/javascript/test/packed-install-smoke.mjs	2026-09-14T23:41:39.5607010Z ✔ accepted quote geometry includes all parts without changing source or re-measuring for explanations (4.160666ms)
cli (macos-latest)	Run node packages/javascript/test/packed-install-smoke.mjs	2026-09-14T23:41:39.5609520Z ✔ automatic candidates account for footer fit and choose the arrangement that keeps it readable (8.449292ms)
cli (macos-latest)	Run node packages/javascript/test/packed-install-smoke.mjs	2026-09-14T23:41:39.5611650Z ✔ strict ancestors reject a quote body diagnostic below the leaf path (168.512917ms)
cli (macos-latest)	Run node packages/javascript/test/packed-install-smoke.mjs	2026-09-14T23:41:39.5613580Z ✔ strict path matching respects component boundaries rather than numeric prefixes (148.4015ms)
cli (macos-latest)	Run node packages/javascript/test/packed-install-smoke.mjs	2026-09-14T23:41:39.5615610Z ✔ pagination preserves quote body, repeated metadata, ranges and the accepted readability floor (1250.058542ms)
cli (macos-latest)	Run node packages/javascript/test/packed-install-smoke.mjs	2026-09-14T23:41:39.5618310Z ✔ irreducible footer overflow rejects pagination without mutating or returning partial content (25.191083ms)
cli (macos-latest)	Run node packages/javascript/test/packed-install-smoke.mjs	2026-09-14T23:41:39.5619100Z ℹ tests 6
cli (macos-latest)	Run node packages/javascript/test/packed-install-smoke.mjs	2026-09-14T23:41:39.5619290Z ℹ suites 0
cli (macos-latest)	Run node packages/javascript/test/packed-install-smoke.mjs	2026-09-14T23:41:39.5619470Z ℹ pass 6
cli (macos-latest)	Run node packages/javascript/test/packed-install-smoke.mjs	2026-09-14T23:41:39.5619630Z ℹ fail 0
cli (macos-latest)	Run node packages/javascript/test/packed-install-smoke.mjs	2026-09-14T23:41:39.5619800Z ℹ cancelled 0
cli (macos-latest)	Run node packages/javascript/test/packed-install-smoke.mjs	2026-09-14T23:41:39.5620120Z ℹ skipped 0
cli (macos-latest)	Run node packages/javascript/test/packed-install-smoke.mjs	2026-09-14T23:41:39.5620320Z ℹ todo 0
cli (macos-latest)	Run node packages/javascript/test/packed-install-smoke.mjs	2026-09-14T23:41:39.5620680Z ℹ duration_ms 1716.88725
cli (macos-latest)	Run node packages/javascript/test/packed-install-smoke.mjs	2026-09-14T23:41:39.7369520Z ✔ complete code parts preserve exact filename, language, body, whitespace and hard line boundaries (2.640583ms)
cli (macos-latest)	Run node packages/javascript/test/packed-install-smoke.mjs	2026-09-14T23:41:39.7372220Z ✔ shorthand, empty source and absent metadata retain their source and generated-label distinction (0.390791ms)
cli (macos-latest)	Run node packages/javascript/test/packed-install-smoke.mjs	2026-09-14T23:41:39.7374570Z ✔ long language labels and filenames are measured within their cell before allocating the body (4.354459ms)
cli (macos-latest)	Run node packages/javascript/test/packed-install-smoke.mjs	2026-09-14T23:41:39.7377180Z ✔ wrapped whitespace and graphemes retain contiguous source offsets, including CRLF and blank final lines (0.6915ms)
cli (macos-latest)	Run node packages/javascript/test/packed-install-smoke.mjs	2026-09-14T23:41:39.7379480Z ✔ tabs use measured space stops and never send control tabs to the font-width provider (0.513042ms)
cli (macos-latest)	Run node packages/javascript/test/packed-install-smoke.mjs	2026-09-14T23:41:39.7381560Z ✔ readability floors scale once and body shrinking preserves all code content (0.334083ms)
cli (macos-latest)	Run node packages/javascript/test/packed-install-smoke.mjs	2026-09-14T23:41:39.7383750Z ✔ irreducible body and metadata failures remain explicit; strict mode does not return partial output (7.108041ms)
cli (macos-latest)	Run node packages/javascript/test/packed-install-smoke.mjs	2026-09-14T23:41:39.7385820Z ✔ invalid inner boxes never become invented one-pixel fits; malformed options reject (0.324791ms)
cli (macos-latest)	Run node packages/javascript/test/packed-install-smoke.mjs	2026-09-14T23:41:39.7387590Z ✔ font trials stay bounded independently of canvas scale (11.947833ms)
cli (macos-latest)	Run node packages/javascript/test/packed-install-smoke.mjs	2026-09-14T23:41:39.7390250Z ℹ tests 9
cli (macos-latest)	Run node packages/javascript/test/packed-install-smoke.mjs	2026-09-14T23:41:39.7390790Z ℹ suites 0
cli (macos-latest)	Run node packages/javascript/test/packed-install-smoke.mjs	2026-09-14T23:41:39.7391340Z ℹ pass 9
cli (macos-latest)	Run node packages/javascript/test/packed-install-smoke.mjs	2026-09-14T23:41:39.7392100Z ℹ fail 0
cli (macos-latest)	Run node packages/javascript/test/packed-install-smoke.mjs	2026-09-14T23:41:39.7393250Z ℹ cancelled 0
cli (macos-latest)	Run node packages/javascript/test/packed-install-smoke.mjs	2026-09-14T23:41:39.7393780Z ℹ skipped 0
cli (macos-latest)	Run node packages/javascript/test/packed-install-smoke.mjs	2026-09-14T23:41:39.7394100Z ℹ todo 0
cli (macos-latest)	Run node packages/javascript/test/packed-install-smoke.mjs	2026-09-14T23:41:39.7394400Z ℹ duration_ms 133.986042
cli (macos-latest)	Run node packages/javascript/test/packed-install-smoke.mjs	2026-09-14T23:41:40.3826680Z ✔ accepted code uses rounded cells and preserves body compatibility without repeated explanation measurements (6.471417ms)
cli (macos-latest)	Run node packages/javascript/test/packed-install-smoke.mjs	2026-09-14T23:41:40.3830550Z ✔ candidate penalties include complete code metadata and charge overflowing leaves once (9.813875ms)
cli (macos-latest)	Run node packages/javascript/test/packed-install-smoke.mjs	2026-09-14T23:41:40.3832610Z ✔ strict ancestors reject code metadata paths and cannot be weakened by descendants (164.997542ms)
cli (macos-latest)	Run node packages/javascript/test/packed-install-smoke.mjs	2026-09-14T23:41:40.3834770Z ✔ explicit code placement and weights remain authoritative even when metadata overflows (9.368041ms)
cli (macos-latest)	Run node packages/javascript/test/packed-install-smoke.mjs	2026-09-14T23:41:40.3837140Z ✔ pagination preserves exact code bytes, metadata, ranges and floors across wide and portrait slides (159.894833ms)
cli (macos-latest)	Run node packages/javascript/test/packed-install-smoke.mjs	2026-09-14T23:41:40.3839510Z ✔ irreducible code metadata rejects pagination even after earlier content or with an empty body (149.107041ms)
cli (macos-latest)	Run node packages/javascript/test/packed-install-smoke.mjs	2026-09-14T23:41:40.3841300Z ℹ tests 6
cli (macos-latest)	Run node packages/javascript/test/packed-install-smoke.mjs	2026-09-14T23:41:40.3841870Z ℹ suites 0
cli (macos-latest)	Run node packages/javascript/test/packed-install-smoke.mjs	2026-09-14T23:41:40.3842430Z ℹ pass 6
cli (macos-latest)	Run node packages/javascript/test/packed-install-smoke.mjs	2026-09-14T23:41:40.3843090Z ℹ fail 0
cli (macos-latest)	Run node packages/javascript/test/packed-install-smoke.mjs	2026-09-14T23:41:40.3844250Z ℹ cancelled 0
cli (macos-latest)	Run node packages/javascript/test/packed-install-smoke.mjs	2026-09-14T23:41:40.3845740Z ℹ skipped 0
cli (macos-latest)	Run node packages/javascript/test/packed-install-smoke.mjs	2026-09-14T23:41:40.3847290Z ℹ todo 0
cli (macos-latest)	Run node packages/javascript/test/packed-install-smoke.mjs	2026-09-14T23:41:40.3848500Z ℹ duration_ms 605.312292
cli (macos-latest)	Run node packages/javascript/test/packed-install-smoke.mjs	2026-09-14T23:41:40.3849810Z Packed install smoke passed for openpresentation-opf-0.9.0.tgz (2354557 bytes).
cli (macos-latest)	Run node packages/javascript/test/packed-install-smoke.mjs	2026-09-14T23:41:40.3851130Z Packed tarball entries checked: 519.
cli (macos-latest)	Run node scripts/test-ecosystem-links.mjs	﻿2026-09-14T23:41:40.6489540Z ##[group]Run node scripts/test-ecosystem-links.mjs
cli (macos-latest)	Run node scripts/test-ecosystem-links.mjs	2026-09-14T23:41:40.6490010Z ^[[36;1mnode scripts/test-ecosystem-links.mjs^[[0m
cli (macos-latest)	Run node scripts/test-ecosystem-links.mjs	2026-09-14T23:41:40.6746560Z shell: /bin/bash -e {0}
cli (macos-latest)	Run node scripts/test-ecosystem-links.mjs	2026-09-14T23:41:40.6746830Z env:
cli (macos-latest)	Run node scripts/test-ecosystem-links.mjs	2026-09-14T23:41:40.6747050Z   PNPM_HOME: /Users/runner/setup-pnpm/node_modules/.bin
cli (macos-latest)	Run node scripts/test-ecosystem-links.mjs	2026-09-14T23:41:40.6747300Z ##[endgroup]
cli (macos-latest)	Run node scripts/test-ecosystem-links.mjs	2026-09-14T23:41:41.9523790Z Coordinated links passed: core, renderer and editor converter, repeat setup and packages-only isolation.
cli (macos-latest)	Run pnpm test:cli	﻿2026-09-14T23:41:41.9642120Z ##[group]Run pnpm test:cli
cli (macos-latest)	Run pnpm test:cli	2026-09-14T23:41:41.9642410Z ^[[36;1mpnpm test:cli^[[0m
cli (macos-latest)	Run pnpm test:cli	2026-09-14T23:41:41.9676780Z shell: /bin/bash -e {0}
cli (macos-latest)	Run pnpm test:cli	2026-09-14T23:41:41.9676990Z env:
cli (macos-latest)	Run pnpm test:cli	2026-09-14T23:41:41.9677330Z   PNPM_HOME: /Users/runner/setup-pnpm/node_modules/.bin
cli (macos-latest)	Run pnpm test:cli	2026-09-14T23:41:41.9677660Z ##[endgroup]
cli (macos-latest)	Run pnpm test:cli	2026-09-14T23:41:42.2476200Z 
cli (macos-latest)	Run pnpm test:cli	2026-09-14T23:41:42.2477370Z > openpresentation-workspace@ test:cli /Users/runner/work/opf/opf
cli (macos-latest)	Run pnpm test:cli	2026-09-14T23:41:42.2478720Z > pnpm --filter @openpresentation/cli test
cli (macos-latest)	Run pnpm test:cli	2026-09-14T23:41:42.2479600Z 
cli (macos-latest)	Run pnpm test:cli	2026-09-14T23:41:42.4908450Z 
cli (macos-latest)	Run pnpm test:cli	2026-09-14T23:41:42.4909710Z > @openpresentation/cli@0.7.0 test /Users/runner/work/opf/opf/packages/cli
cli (macos-latest)	Run pnpm test:cli	2026-09-14T23:41:42.4911190Z > pnpm build && node ../../scripts/run-node-tests.mjs && node test/cli.mjs
cli (macos-latest)	Run pnpm test:cli	2026-09-14T23:41:42.4911810Z 
cli (macos-latest)	Run pnpm test:cli	2026-09-14T23:41:42.7232560Z 
cli (macos-latest)	Run pnpm test:cli	2026-09-14T23:41:42.7234230Z > @openpresentation/cli@0.7.0 build /Users/runner/work/opf/opf/packages/cli
cli (macos-latest)	Run pnpm test:cli	2026-09-14T23:41:42.7235720Z > pnpm --filter @openpresentation/opf build && tsup
cli (macos-latest)	Run pnpm test:cli	2026-09-14T23:41:42.7236400Z 
cli (macos-latest)	Run pnpm test:cli	2026-09-14T23:41:42.9595290Z 
cli (macos-latest)	Run pnpm test:cli	2026-09-14T23:41:42.9596720Z > @openpresentation/opf@0.9.0 build /Users/runner/work/opf/opf/packages/javascript
cli (macos-latest)	Run pnpm test:cli	2026-09-14T23:41:42.9598050Z > pnpm run generate && tsup && node scripts/copy-spec.mjs
cli (macos-latest)	Run pnpm test:cli	2026-09-14T23:41:42.9598680Z 
cli (macos-latest)	Run pnpm test:cli	2026-09-14T23:41:43.2504460Z 
cli (macos-latest)	Run pnpm test:cli	2026-09-14T23:41:43.2507640Z > @openpresentation/opf@0.9.0 generate /Users/runner/work/opf/opf/packages/javascript
cli (macos-latest)	Run pnpm test:cli	2026-09-14T23:41:43.2509540Z > node scripts/generate.mjs && node scripts/generate-previews.mjs && node scripts/generate-content.mjs
cli (macos-latest)	Run pnpm test:cli	2026-09-14T23:41:43.2510470Z 
cli (macos-latest)	Run pnpm test:cli	2026-09-14T23:41:43.6989830Z Generated src/generated/previews.ts (70 previews)
cli (macos-latest)	Run pnpm test:cli	2026-09-14T23:41:43.8159260Z Generated src/generated/examples.ts (126 examples, 7 galleries)
cli (macos-latest)	Run pnpm test:cli	2026-09-14T23:41:43.8272970Z Generated src/generated/docs.ts (28 docs)
cli (macos-latest)	Run pnpm test:cli	2026-09-14T23:41:43.8282890Z Generated src/generated/repo-readme.ts (11388 bytes)
cli (macos-latest)	Run pnpm test:cli	2026-09-14T23:41:44.1603010Z ^[[34mCLI^[[39m Building entry: {"data":"src/data.ts","pagination":"src/pagination.ts","composition":"src/composition.ts","index":"src/index.ts","schemas":"src/schemas.ts","catalogs":"src/catalogs.ts","validator":"src/validator.ts","types":"src/types.ts","spec-files":"src/spec-files.ts","previews":"src/previews.ts","examples":"src/examples.ts","docs":"src/docs.ts","repo-readme":"src/repo-readme.ts"}
cli (macos-latest)	Run pnpm test:cli	2026-09-14T23:41:44.1704380Z ^[[34mCLI^[[39m Using tsconfig: tsconfig.json
cli (macos-latest)	Run pnpm test:cli	2026-09-14T23:41:44.1715310Z ^[[34mCLI^[[39m tsup v8.5.1
cli (macos-latest)	Run pnpm test:cli	2026-09-14T23:41:44.1755380Z ^[[34mCLI^[[39m Using tsup config: /Users/runner/work/opf/opf/packages/javascript/tsup.config.ts
cli (macos-latest)	Run pnpm test:cli	2026-09-14T23:41:44.1774030Z ^[[34mCLI^[[39m Target: es2022
cli (macos-latest)	Run pnpm test:cli	2026-09-14T23:41:44.2190330Z ^[[34mCLI^[[39m Cleaning output folder
cli (macos-latest)	Run pnpm test:cli	2026-09-14T23:41:44.2241250Z ^[[34mESM^[[39m Build start
cli (macos-latest)	Run pnpm test:cli	2026-09-14T23:41:44.7533940Z Generated an empty chunk: "types".
cli (macos-latest)	Run pnpm test:cli	2026-09-14T23:41:44.7634370Z ^[[34mDTS^[[39m Build start
cli (macos-latest)	Run pnpm test:cli	2026-09-14T23:41:45.1190600Z ^[[32mESM^[[39m ^[[1mdist/previews.js       ^[[22m^[[32m130.00 B^[[39m
cli (macos-latest)	Run pnpm test:cli	2026-09-14T23:41:45.1200390Z ^[[32mESM^[[39m ^[[1mdist/spec-files.js     ^[[22m^[[32m85.00 B^[[39m
cli (macos-latest)	Run pnpm test:cli	2026-09-14T23:41:45.1201060Z ^[[32mESM^[[39m ^[[1mdist/repo-readme.js    ^[[22m^[[32m11.47 KB^[[39m
cli (macos-latest)	Run pnpm test:cli	2026-09-14T23:41:45.1201640Z ^[[32mESM^[[39m ^[[1mdist/pagination.js     ^[[22m^[[32m215.00 B^[[39m
cli (macos-latest)	Run pnpm test:cli	2026-09-14T23:41:45.1202370Z ^[[32mESM^[[39m ^[[1mdist/data.js           ^[[22m^[[32m95.00 B^[[39m
cli (macos-latest)	Run pnpm test:cli	2026-09-14T23:41:45.1202890Z ^[[32mESM^[[39m ^[[1mdist/composition.js    ^[[22m^[[32m437.00 B^[[39m
cli (macos-latest)	Run pnpm test:cli	2026-09-14T23:41:45.1203350Z ^[[32mESM^[[39m ^[[1mdist/index.js          ^[[22m^[[32m1.38 KB^[[39m
cli (macos-latest)	Run pnpm test:cli	2026-09-14T23:41:45.1203820Z ^[[32mESM^[[39m ^[[1mdist/chunk-OZULJBSG.js ^[[22m^[[32m117.86 KB^[[39m
cli (macos-latest)	Run pnpm test:cli	2026-09-14T23:41:45.1204300Z ^[[32mESM^[[39m ^[[1mdist/chunk-SOSOBKQ2.js ^[[22m^[[32m6.52 KB^[[39m
cli (macos-latest)	Run pnpm test:cli	2026-09-14T23:41:45.1205390Z ^[[32mESM^[[39m ^[[1mdist/catalogs.js       ^[[22m^[[32m238.00 B^[[39m
cli (macos-latest)	Run pnpm test:cli	2026-09-14T23:41:45.1205940Z ^[[32mESM^[[39m ^[[1mdist/schemas.js        ^[[22m^[[32m202.00 B^[[39m
cli (macos-latest)	Run pnpm test:cli	2026-09-14T23:41:45.1206460Z ^[[32mESM^[[39m ^[[1mdist/chunk-JANDGUGA.js ^[[22m^[[32m27.16 KB^[[39m
cli (macos-latest)	Run pnpm test:cli	2026-09-14T23:41:45.1206910Z ^[[32mESM^[[39m ^[[1mdist/chunk-7IWTWUNU.js ^[[22m^[[32m93.98 KB^[[39m
cli (macos-latest)	Run pnpm test:cli	2026-09-14T23:41:45.1208080Z ^[[32mESM^[[39m ^[[1mdist/types.js          ^[[22m^[[32m1.00 B^[[39m
cli (macos-latest)	Run pnpm test:cli	2026-09-14T23:41:45.1208540Z ^[[32mESM^[[39m ^[[1mdist/validator.js      ^[[22m^[[32m267.00 B^[[39m
cli (macos-latest)	Run pnpm test:cli	2026-09-14T23:41:45.1209010Z ^[[32mESM^[[39m ^[[1mdist/chunk-GQSK3T7X.js ^[[22m^[[32m219.58 KB^[[39m
cli (macos-latest)	Run pnpm test:cli	2026-09-14T23:41:45.1209540Z ^[[32mESM^[[39m ^[[1mdist/chunk-PIQXLBBJ.js ^[[22m^[[32m108.89 KB^[[39m
cli (macos-latest)	Run pnpm test:cli	2026-09-14T23:41:45.1210140Z ^[[32mESM^[[39m ^[[1mdist/chunk-F7ZUBA4H.js ^[[22m^[[32m14.23 KB^[[39m
cli (macos-latest)	Run pnpm test:cli	2026-09-14T23:41:45.1210700Z ^[[32mESM^[[39m ^[[1mdist/chunk-TWMRZ43O.js ^[[22m^[[32m499.00 KB^[[39m
cli (macos-latest)	Run pnpm test:cli	2026-09-14T23:41:45.1211160Z ^[[32mESM^[[39m ^[[1mdist/docs.js           ^[[22m^[[32m526.61 KB^[[39m
cli (macos-latest)	Run pnpm test:cli	2026-09-14T23:41:45.1211610Z ^[[32mESM^[[39m ^[[1mdist/examples.js       ^[[22m^[[32m3.48 MB^[[39m
cli (macos-latest)	Run pnpm test:cli	2026-09-14T23:41:45.1212070Z ^[[32mESM^[[39m ⚡️ Build success in 900ms
cli (macos-latest)	Run pnpm test:cli	2026-09-14T23:41:52.0754420Z ^[[32mDTS^[[39m ⚡️ Build success in 7505ms
cli (macos-latest)	Run pnpm test:cli	2026-09-14T23:41:52.0761490Z ^[[32mDTS^[[39m ^[[1mdist/index.d.ts                 ^[[22m^[[32m3.16 KB^[[39m
cli (macos-latest)	Run pnpm test:cli	2026-09-14T23:41:52.0795920Z ^[[32mDTS^[[39m ^[[1mdist/data.d.ts                  ^[[22m^[[32m1005.00 B^[[39m
cli (macos-latest)	Run pnpm test:cli	2026-09-14T23:41:52.0854760Z ^[[32mDTS^[[39m ^[[1mdist/pagination.d.ts            ^[[22m^[[32m2.40 KB^[[39m
cli (macos-latest)	Run pnpm test:cli	2026-09-14T23:41:52.0881850Z ^[[32mDTS^[[39m ^[[1mdist/previews.d.ts              ^[[22m^[[32m1.71 KB^[[39m
cli (macos-latest)	Run pnpm test:cli	2026-09-14T23:41:52.0904570Z ^[[32mDTS^[[39m ^[[1mdist/repo-readme.d.ts           ^[[22m^[[32m139.00 B^[[39m
cli (macos-latest)	Run pnpm test:cli	2026-09-14T23:41:52.0909600Z ^[[32mDTS^[[39m ^[[1mdist/examples.d.ts              ^[[22m^[[32m2.09 KB^[[39m
cli (macos-latest)	Run pnpm test:cli	2026-09-14T23:41:52.0912800Z ^[[32mDTS^[[39m ^[[1mdist/docs.d.ts                  ^[[22m^[[32m671.00 B^[[39m
cli (macos-latest)	Run pnpm test:cli	2026-09-14T23:41:52.0917230Z ^[[32mDTS^[[39m ^[[1mdist/composition.d.ts           ^[[22m^[[32m25.02 KB^[[39m
cli (macos-latest)	Run pnpm test:cli	2026-09-14T23:41:52.0920670Z ^[[32mDTS^[[39m ^[[1mdist/validator.d.ts             ^[[22m^[[32m1.54 KB^[[39m
cli (macos-latest)	Run pnpm test:cli	2026-09-14T23:41:52.0924160Z ^[[32mDTS^[[39m ^[[1mdist/spec-files.d.ts            ^[[22m^[[32m19.57 KB^[[39m
cli (macos-latest)	Run pnpm test:cli	2026-09-14T23:41:52.0925980Z ^[[32mDTS^[[39m ^[[1mdist/schemas.d.ts               ^[[22m^[[32m314.00 B^[[39m
cli (macos-latest)	Run pnpm test:cli	2026-09-14T23:41:52.0931750Z ^[[32mDTS^[[39m ^[[1mdist/catalogs.d.ts              ^[[22m^[[32m454.00 B^[[39m
cli (macos-latest)	Run pnpm test:cli	2026-09-14T23:41:52.0932400Z ^[[32mDTS^[[39m ^[[1mdist/types.d.ts                 ^[[22m^[[32m416.00 B^[[39m
cli (macos-latest)	Run pnpm test:cli	2026-09-14T23:41:52.0941400Z ^[[32mDTS^[[39m ^[[1mdist/presentation-BMTdX6O1.d.ts ^[[22m^[[32m113.38 KB^[[39m
cli (macos-latest)	Run pnpm test:cli	2026-09-14T23:41:52.0941970Z ^[[32mDTS^[[39m ^[[1mdist/schemas--QRVBhU1.d.ts      ^[[22m^[[32m8.84 KB^[[39m
cli (macos-latest)	Run pnpm test:cli	2026-09-14T23:41:52.0942510Z ^[[32mDTS^[[39m ^[[1mdist/catalogs-BnnkUX9O.d.ts     ^[[22m^[[32m46.31 KB^[[39m
cli (macos-latest)	Run pnpm test:cli	2026-09-14T23:41:54.8554960Z ^[[34mCLI^[[39m Building entry: {"index":"src/index.ts"}
cli (macos-latest)	Run pnpm test:cli	2026-09-14T23:41:54.8614500Z ^[[34mCLI^[[39m Using tsconfig: tsconfig.json
cli (macos-latest)	Run pnpm test:cli	2026-09-14T23:41:54.8642240Z ^[[34mCLI^[[39m tsup v8.5.1
cli (macos-latest)	Run pnpm test:cli	2026-09-14T23:41:54.8660650Z ^[[34mCLI^[[39m Using tsup config: /Users/runner/work/opf/opf/packages/cli/tsup.config.ts
cli (macos-latest)	Run pnpm test:cli	2026-09-14T23:41:54.8667610Z ^[[34mCLI^[[39m Target: node24
cli (macos-latest)	Run pnpm test:cli	2026-09-14T23:41:54.8668620Z ^[[34mCLI^[[39m Cleaning output folder
cli (macos-latest)	Run pnpm test:cli	2026-09-14T23:41:54.8669090Z ^[[34mESM^[[39m Build start
cli (macos-latest)	Run pnpm test:cli	2026-09-14T23:41:55.3653750Z ^[[32mESM^[[39m ^[[1mdist/index.js     ^[[22m^[[32m1.22 MB^[[39m
cli (macos-latest)	Run pnpm test:cli	2026-09-14T23:41:55.3675670Z ^[[32mESM^[[39m ^[[1mdist/index.js.map ^[[22m^[[32m1.90 MB^[[39m
cli (macos-latest)	Run pnpm test:cli	2026-09-14T23:41:55.3685320Z ^[[32mESM^[[39m ⚡️ Build success in 501ms
cli (macos-latest)	Run pnpm test:cli	2026-09-14T23:41:56.9216110Z ▶ opf validate
cli (macos-latest)	Run pnpm test:cli	2026-09-14T23:41:56.9318980Z   ✔ validates a well-formed deck with exit code 0 and reports valid: true (333.697583ms)
cli (macos-latest)	Run pnpm test:cli	2026-09-14T23:41:56.9436740Z   ✔ rejects an invalid deck with a non-zero exit code and reports errors (313.489875ms)
cli (macos-latest)	Run pnpm test:cli	2026-09-14T23:41:56.9538710Z   ✔ reports a read/parse error and exits 2 for a nonexistent file (96.29225ms)
cli (macos-latest)	Run pnpm test:cli	2026-09-14T23:41:56.9640680Z   ✔ prints usage and exits 2 when 'validate' is called without a file argument (107.307042ms)
cli (macos-latest)	Run pnpm test:cli	2026-09-14T23:41:56.9742560Z ✔ opf validate (852.305333ms)
cli (macos-latest)	Run pnpm test:cli	2026-09-14T23:41:56.9843930Z ▶ opf usage
cli (macos-latest)	Run pnpm test:cli	2026-09-14T23:41:56.9950880Z   ✔ prints help and exits 0 with no arguments (98.469458ms)
cli (macos-latest)	Run pnpm test:cli	2026-09-14T23:41:56.9957280Z   ✔ prints usage and exits 2 for an unknown command (101.503125ms)
cli (macos-latest)	Run pnpm test:cli	2026-09-14T23:41:57.0072110Z ✔ opf usage (200.226417ms)
cli (macos-latest)	Run pnpm test:cli	2026-09-14T23:41:57.0174210Z ▶ opf catalogs
cli (macos-latest)	Run pnpm test:cli	2026-09-14T23:41:57.0276230Z   ✔ lists every bundled catalog kind with its record count (88.631125ms)
cli (macos-latest)	Run pnpm test:cli	2026-09-14T23:41:57.0378790Z ✔ opf catalogs (88.7955ms)
cli (macos-latest)	Run pnpm test:cli	2026-09-14T23:41:57.0481130Z ▶ opf schemas
cli (macos-latest)	Run pnpm test:cli	2026-09-14T23:41:57.0532120Z   ✔ lists every bundled schema name, file, and $id (106.657208ms)
cli (macos-latest)	Run pnpm test:cli	2026-09-14T23:41:57.0532940Z ✔ opf schemas (106.995708ms)
cli (macos-latest)	Run pnpm test:cli	2026-09-14T23:41:57.0533690Z ✔ managed skills install, idempotence, safe update and recoverable previous files (100.816583ms)
cli (macos-latest)	Run pnpm test:cli	2026-09-14T23:41:57.0534590Z ✔ unmanaged destinations, links and another installer lock are preserved (31.046458ms)
cli (macos-latest)	Run pnpm test:cli	2026-09-14T23:41:57.0535540Z ✔ CLI bundles all six complete skills and advertises the actual npx command (843.88975ms)
cli (macos-latest)	Run pnpm test:cli	2026-09-14T23:41:57.0536350Z ℹ tests 11
cli (macos-latest)	Run pnpm test:cli	2026-09-14T23:41:57.0536740Z ℹ suites 4
cli (macos-latest)	Run pnpm test:cli	2026-09-14T23:41:57.0537190Z ℹ pass 11
cli (macos-latest)	Run pnpm test:cli	2026-09-14T23:41:57.0537620Z ℹ fail 0
cli (macos-latest)	Run pnpm test:cli	2026-09-14T23:41:57.0538050Z ℹ cancelled 0
cli (macos-latest)	Run pnpm test:cli	2026-09-14T23:41:57.0538460Z ℹ skipped 0
cli (macos-latest)	Run pnpm test:cli	2026-09-14T23:41:57.0541670Z ℹ todo 0
cli (macos-latest)	Run pnpm test:cli	2026-09-14T23:41:57.0542390Z ℹ duration_ms 1414.020667
cli (macos-latest)	Run pnpm test:cli	2026-09-14T23:42:09.9067970Z CLI passed 70 command checks: file preservation, patch operations, validation, pipes, schema lookup, pagination.
cli (macos-latest)	Run pnpm test:cli:packed	﻿2026-09-14T23:42:09.9529500Z ##[group]Run pnpm test:cli:packed
cli (macos-latest)	Run pnpm test:cli:packed	2026-09-14T23:42:09.9529810Z ^[[36;1mpnpm test:cli:packed^[[0m
cli (macos-latest)	Run pnpm test:cli:packed	2026-09-14T23:42:09.9567730Z shell: /bin/bash -e {0}
cli (macos-latest)	Run pnpm test:cli:packed	2026-09-14T23:42:09.9568010Z env:
cli (macos-latest)	Run pnpm test:cli:packed	2026-09-14T23:42:09.9568350Z   PNPM_HOME: /Users/runner/setup-pnpm/node_modules/.bin
cli (macos-latest)	Run pnpm test:cli:packed	2026-09-14T23:42:09.9568680Z ##[endgroup]
cli (macos-latest)	Run pnpm test:cli:packed	2026-09-14T23:42:10.2834890Z 
cli (macos-latest)	Run pnpm test:cli:packed	2026-09-14T23:42:10.2936670Z > openpresentation-workspace@ test:cli:packed /Users/runner/work/opf/opf
cli (macos-latest)	Run pnpm test:cli:packed	2026-09-14T23:42:10.3046650Z > pnpm --filter @openpresentation/cli test:packed
cli (macos-latest)	Run pnpm test:cli:packed	2026-09-14T23:42:10.3148110Z 
cli (macos-latest)	Run pnpm test:cli:packed	2026-09-14T23:42:10.6955750Z 
cli (macos-latest)	Run pnpm test:cli:packed	2026-09-14T23:42:10.6956450Z > @openpresentation/cli@0.7.0 test:packed /Users/runner/work/opf/opf/packages/cli
cli (macos-latest)	Run pnpm test:cli:packed	2026-09-14T23:42:10.6957140Z > node test/packed.mjs
cli (macos-latest)	Run pnpm test:cli:packed	2026-09-14T23:42:10.6957450Z 
cli (macos-latest)	Run pnpm test:cli:packed	2026-09-14T23:42:35.3570830Z CLI passed 70 command checks: file preservation, patch operations, validation, pipes, schema lookup, pagination.
cli (macos-latest)	Run pnpm test:cli:packed	2026-09-14T23:42:35.3631300Z Standalone global and npx-style installation passed (local pack). Integrity: sha512-jagg3ScT91ap/CpmSZ98GFGFQGwIQZsYiERODY9hSLNVrocw5L4NGAu6kniQ1581Eohqs6VT1tSMPM67LBNlXg==. Tarball: /Users/runner/work/opf/opf/artifacts/cli/openpresentation-cli-0.7.0.tgz
cli (macos-latest)	Post Run actions/setup-node@820762786026740c76f36085b0efc47a31fe5020	﻿2026-09-14T23:42:35.4168340Z Post job cleanup.
cli (macos-latest)	Post Run actions/setup-node@820762786026740c76f36085b0efc47a31fe5020	2026-09-14T23:42:35.8104820Z Cache hit occurred on the primary key node-cache-macOS-arm64-pnpm-1b7795a64b3f5c9935c6c77059dc5dc948c44ab49ad3fca4f0a4e0d836589833, not saving cache.
cli (macos-latest)	Post Run pnpm/action-setup@ea17c68df8912ef543352723c149a84f56e3d413	﻿2026-09-14T23:42:35.8199930Z Post job cleanup.
cli (macos-latest)	Post Run pnpm/action-setup@ea17c68df8912ef543352723c149a84f56e3d413	2026-09-14T23:42:35.9678150Z Pruning is unnecessary.
cli (macos-latest)	Post Run actions/checkout@3d3c42e5aac5ba805825da76410c181273ba90b1	﻿2026-09-14T23:42:35.9817600Z Post job cleanup.
cli (macos-latest)	Post Run actions/checkout@3d3c42e5aac5ba805825da76410c181273ba90b1	2026-09-14T23:42:36.0886850Z [command]/opt/homebrew/bin/git version
cli (macos-latest)	Post Run actions/checkout@3d3c42e5aac5ba805825da76410c181273ba90b1	2026-09-14T23:42:36.1149300Z git version 2.55.0
cli (macos-latest)	Post Run actions/checkout@3d3c42e5aac5ba805825da76410c181273ba90b1	2026-09-14T23:42:36.1171530Z Copying '/Users/runner/.gitconfig' to '/Users/runner/work/_temp/7bd70059-d3fd-4b71-b3b0-677218df8a8a/.gitconfig'
cli (macos-latest)	Post Run actions/checkout@3d3c42e5aac5ba805825da76410c181273ba90b1	2026-09-14T23:42:36.1191390Z Temporarily overriding HOME='/Users/runner/work/_temp/7bd70059-d3fd-4b71-b3b0-677218df8a8a' before making global git config changes
cli (macos-latest)	Post Run actions/checkout@3d3c42e5aac5ba805825da76410c181273ba90b1	2026-09-14T23:42:36.1207900Z Adding repository directory to the temporary git global config as a safe directory
cli (macos-latest)	Post Run actions/checkout@3d3c42e5aac5ba805825da76410c181273ba90b1	2026-09-14T23:42:36.1273570Z [command]/opt/homebrew/bin/git config --global --add safe.directory /Users/runner/work/opf/opf
cli (macos-latest)	Post Run actions/checkout@3d3c42e5aac5ba805825da76410c181273ba90b1	2026-09-14T23:42:36.1379370Z Removing SSH command configuration
cli (macos-latest)	Post Run actions/checkout@3d3c42e5aac5ba805825da76410c181273ba90b1	2026-09-14T23:42:36.1409070Z [command]/opt/homebrew/bin/git config --local --name-only --get-regexp core\.sshCommand
cli (macos-latest)	Post Run actions/checkout@3d3c42e5aac5ba805825da76410c181273ba90b1	2026-09-14T23:42:36.1450930Z [command]/opt/homebrew/bin/git submodule foreach --recursive sh -c "git config --local --name-only --get-regexp 'core\.sshCommand' && git config --local --unset-all 'core.sshCommand' || :"
cli (macos-latest)	Post Run actions/checkout@3d3c42e5aac5ba805825da76410c181273ba90b1	2026-09-14T23:42:36.2709950Z Removing HTTP extra header
cli (macos-latest)	Post Run actions/checkout@3d3c42e5aac5ba805825da76410c181273ba90b1	2026-09-14T23:42:36.2710640Z [command]/opt/homebrew/bin/git config --local --name-only --get-regexp http\.https\:\/\/github\.com\/\.extraheader
cli (macos-latest)	Post Run actions/checkout@3d3c42e5aac5ba805825da76410c181273ba90b1	2026-09-14T23:42:36.2797590Z [command]/opt/homebrew/bin/git submodule foreach --recursive sh -c "git config --local --name-only --get-regexp 'http\.https\:\/\/github\.com\/\.extraheader' && git config --local --unset-all 'http.https://github.com/.extraheader' || :"
cli (macos-latest)	Post Run actions/checkout@3d3c42e5aac5ba805825da76410c181273ba90b1	2026-09-14T23:42:36.4664950Z Removing includeIf entries pointing to credentials config files
cli (macos-latest)	Post Run actions/checkout@3d3c42e5aac5ba805825da76410c181273ba90b1	2026-09-14T23:42:36.4766230Z [command]/opt/homebrew/bin/git config --local --name-only --get-regexp ^includeIf\.gitdir:
cli (macos-latest)	Post Run actions/checkout@3d3c42e5aac5ba805825da76410c181273ba90b1	2026-09-14T23:42:36.5070170Z [command]/opt/homebrew/bin/git submodule foreach --recursive git config --local --show-origin --name-only --get-regexp remote.origin.url
cli (macos-latest)	Complete job	﻿2026-09-14T23:42:36.6591630Z Cleaning up orphan processes
