package	Set up job	﻿2026-09-14T23:41:11.9435554Z Current runner version: '2.337.0'
package	Set up job	2026-09-14T23:41:11.9462798Z ##[group]Runner Image Provisioner
package	Set up job	2026-09-14T23:41:11.9463690Z Hosted Compute Agent
package	Set up job	2026-09-14T23:41:11.9464410Z Version: 20260828.587
package	Set up job	2026-09-14T23:41:11.9465065Z Commit: abac92662cab4cc7352de4f9f9d2e2419aad9c29
package	Set up job	2026-09-14T23:41:11.9465860Z Build Date: 2026-08-28T16:44:25Z
package	Set up job	2026-09-14T23:41:11.9466650Z Worker ID: {5a41239e-179e-4ce8-babc-0c65aa9c9300}
package	Set up job	2026-09-14T23:41:11.9467356Z Azure Region: westus
package	Set up job	2026-09-14T23:41:11.9467982Z ##[endgroup]
package	Set up job	2026-09-14T23:41:11.9469403Z ##[group]Operating System
package	Set up job	2026-09-14T23:41:11.9470145Z Ubuntu
package	Set up job	2026-09-14T23:41:11.9470728Z 24.04.5
package	Set up job	2026-09-14T23:41:11.9471584Z LTS
package	Set up job	2026-09-14T23:41:11.9472223Z ##[endgroup]
package	Set up job	2026-09-14T23:41:11.9472794Z ##[group]Runner Image
package	Set up job	2026-09-14T23:41:11.9473484Z Image: ubuntu-24.04
package	Set up job	2026-09-14T23:41:11.9474098Z Version: 20260907.300.1
package	Set up job	2026-09-14T23:41:11.9475167Z Included Software: https://github.com/actions/runner-images/blob/ubuntu24/20260907.300/images/ubuntu/Ubuntu2404-Readme.md
package	Set up job	2026-09-14T23:41:11.9476990Z Image Release: https://github.com/actions/runner-images/releases/tag/ubuntu24%2F20260907.300
package	Set up job	2026-09-14T23:41:11.9478060Z ##[endgroup]
package	Set up job	2026-09-14T23:41:11.9479274Z ##[group]GITHUB_TOKEN Permissions
package	Set up job	2026-09-14T23:41:11.9481730Z Contents: read
package	Set up job	2026-09-14T23:41:11.9482420Z Metadata: read
package	Set up job	2026-09-14T23:41:11.9483001Z ##[endgroup]
package	Set up job	2026-09-14T23:41:11.9485672Z Secret source: Actions
package	Set up job	2026-09-14T23:41:11.9486704Z Cache mode: write
package	Set up job	2026-09-14T23:41:11.9487465Z Prepare workflow directory
package	Set up job	2026-09-14T23:41:12.0145831Z Prepare all required actions
package	Set up job	2026-09-14T23:41:12.0197549Z Getting action download info
package	Set up job	2026-09-14T23:41:12.3762722Z Download action repository 'actions/checkout@3d3c42e5aac5ba805825da76410c181273ba90b1' (SHA:3d3c42e5aac5ba805825da76410c181273ba90b1)
package	Set up job	2026-09-14T23:41:12.4938034Z Download action repository 'pnpm/action-setup@ea17c68df8912ef543352723c149a84f56e3d413' (SHA:ea17c68df8912ef543352723c149a84f56e3d413)
package	Set up job	2026-09-14T23:41:12.7854282Z Download action repository 'actions/setup-node@820762786026740c76f36085b0efc47a31fe5020' (SHA:820762786026740c76f36085b0efc47a31fe5020)
package	Set up job	2026-09-14T23:41:12.8666754Z Download action repository 'actions/upload-artifact@043fb46d1a93c77aae656e7c1c64a875d1fc6a0a' (SHA:043fb46d1a93c77aae656e7c1c64a875d1fc6a0a)
package	Set up job	2026-09-14T23:41:13.0759568Z Complete job name: package
package	Initialize containers	﻿2026-09-14T23:41:13.1380131Z ##[group]Checking docker version
package	Initialize containers	2026-09-14T23:41:13.1393569Z ##[command]/usr/bin/docker version --format '{{.Server.APIVersion}}'
package	Initialize containers	2026-09-14T23:41:13.2244735Z '1.48'
package	Initialize containers	2026-09-14T23:41:13.2262067Z Docker daemon API version: '1.48'
package	Initialize containers	2026-09-14T23:41:13.2262892Z ##[command]/usr/bin/docker version --format '{{.Client.APIVersion}}'
package	Initialize containers	2026-09-14T23:41:13.2438950Z '1.48'
package	Initialize containers	2026-09-14T23:41:13.2453764Z Docker client API version: '1.48'
package	Initialize containers	2026-09-14T23:41:13.2459721Z ##[endgroup]
package	Initialize containers	2026-09-14T23:41:13.2464236Z ##[group]Clean up resources from previous jobs
package	Initialize containers	2026-09-14T23:41:13.2469431Z ##[command]/usr/bin/docker ps --all --quiet --no-trunc --filter "label=50c8dd"
package	Initialize containers	2026-09-14T23:41:13.2625242Z ##[command]/usr/bin/docker network prune --force --filter "label=50c8dd"
package	Initialize containers	2026-09-14T23:41:13.2768820Z ##[endgroup]
package	Initialize containers	2026-09-14T23:41:13.2769414Z ##[group]Create local container network
package	Initialize containers	2026-09-14T23:41:13.2780715Z ##[command]/usr/bin/docker network create --label 50c8dd github_network_e9ced495c0404da085bcf06fbb30afea
package	Initialize containers	2026-09-14T23:41:13.3315112Z cea5d3052da25e42aaa67a0bc2a045b9c940d2a28457a92a998a1c41f7331830
package	Initialize containers	2026-09-14T23:41:13.3335816Z ##[endgroup]
package	Initialize containers	2026-09-14T23:41:13.3360472Z ##[group]Starting job container
package	Initialize containers	2026-09-14T23:41:13.3384395Z ##[command]/usr/bin/docker pull mcr.microsoft.com/playwright:v1.63.0-noble@sha256:eff16c30e6f3f4af0a03fa4b706120d5e9b0891c344a27d64559aff5900a4a27
package	Initialize containers	2026-09-14T23:41:13.4352502Z mcr.microsoft.com/playwright@sha256:eff16c30e6f3f4af0a03fa4b706120d5e9b0891c344a27d64559aff5900a4a27: Pulling from playwright
package	Initialize containers	2026-09-14T23:41:13.4654792Z 0926a8eb0e60: Already exists
package	Initialize containers	2026-09-14T23:41:13.4682672Z e2bfec3c8017: Pulling fs layer
package	Initialize containers	2026-09-14T23:41:13.4683693Z 74c72610aa2d: Pulling fs layer
package	Initialize containers	2026-09-14T23:41:13.4685103Z d8cf7dc1ff62: Pulling fs layer
package	Initialize containers	2026-09-14T23:41:13.4686000Z b4dfe9b5d621: Pulling fs layer
package	Initialize containers	2026-09-14T23:41:13.4689793Z a2ac83a9a562: Pulling fs layer
package	Initialize containers	2026-09-14T23:41:13.4690414Z 1b189482e65c: Pulling fs layer
package	Initialize containers	2026-09-14T23:41:13.4691075Z b4dfe9b5d621: Waiting
package	Initialize containers	2026-09-14T23:41:13.4691900Z a2ac83a9a562: Waiting
package	Initialize containers	2026-09-14T23:41:13.4692424Z 1b189482e65c: Waiting
package	Initialize containers	2026-09-14T23:41:13.5264528Z 74c72610aa2d: Verifying Checksum
package	Initialize containers	2026-09-14T23:41:13.5266279Z 74c72610aa2d: Download complete
package	Initialize containers	2026-09-14T23:41:14.3877459Z e2bfec3c8017: Verifying Checksum
package	Initialize containers	2026-09-14T23:41:14.3879228Z e2bfec3c8017: Download complete
package	Initialize containers	2026-09-14T23:41:15.0495895Z d8cf7dc1ff62: Verifying Checksum
package	Initialize containers	2026-09-14T23:41:15.0497635Z d8cf7dc1ff62: Download complete
package	Initialize containers	2026-09-14T23:41:15.0796537Z a2ac83a9a562: Verifying Checksum
package	Initialize containers	2026-09-14T23:41:15.0797481Z a2ac83a9a562: Download complete
package	Initialize containers	2026-09-14T23:41:15.2972377Z b4dfe9b5d621: Verifying Checksum
package	Initialize containers	2026-09-14T23:41:15.2976124Z b4dfe9b5d621: Download complete
package	Initialize containers	2026-09-14T23:41:15.6178110Z 1b189482e65c: Verifying Checksum
package	Initialize containers	2026-09-14T23:41:15.6179730Z 1b189482e65c: Download complete
package	Initialize containers	2026-09-14T23:41:21.6062434Z e2bfec3c8017: Pull complete
package	Initialize containers	2026-09-14T23:41:21.6289879Z 74c72610aa2d: Pull complete
package	Initialize containers	2026-09-14T23:41:30.7337064Z d8cf7dc1ff62: Pull complete
package	Initialize containers	2026-09-14T23:41:35.3524841Z b4dfe9b5d621: Pull complete
package	Initialize containers	2026-09-14T23:41:37.2144840Z a2ac83a9a562: Pull complete
package	Initialize containers	2026-09-14T23:41:38.6469778Z 1b189482e65c: Pull complete
package	Initialize containers	2026-09-14T23:41:39.0620223Z Digest: sha256:eff16c30e6f3f4af0a03fa4b706120d5e9b0891c344a27d64559aff5900a4a27
package	Initialize containers	2026-09-14T23:41:39.0627809Z Status: Downloaded newer image for mcr.microsoft.com/playwright@sha256:eff16c30e6f3f4af0a03fa4b706120d5e9b0891c344a27d64559aff5900a4a27
package	Initialize containers	2026-09-14T23:41:39.0636326Z mcr.microsoft.com/playwright:v1.63.0-noble@sha256:eff16c30e6f3f4af0a03fa4b706120d5e9b0891c344a27d64559aff5900a4a27
package	Initialize containers	2026-09-14T23:41:39.0722508Z ##[command]/usr/bin/docker create --name e76f974b4a254f27be43059089d118a3_mcrmicrosoftcomplaywrightv1630noblesha256eff16c30e6f3f4af0a03fa4b706120d5e9b0891c344a27d64559aff5900a4a27_e3bc40 --label 50c8dd --workdir /__w/opf-editor/opf-editor --network github_network_e9ced495c0404da085bcf06fbb30afea  -e "HOME=/github/home" -e GITHUB_ACTIONS=true -e CI=true -v "/var/run/docker.sock":"/var/run/docker.sock" -v "/home/runner/work":"/__w" -v "/home/runner/actions-runner/cached/2.337.0/externals":"/__e":ro -v "/home/runner/work/_temp":"/__w/_temp" -v "/home/runner/work/_actions":"/__w/_actions" -v "/opt/hostedtoolcache":"/__t" -v "/home/runner/work/_temp/_github_home":"/github/home" -v "/home/runner/work/_temp/_github_workflow":"/github/workflow" --entrypoint "tail" mcr.microsoft.com/playwright:v1.63.0-noble@sha256:eff16c30e6f3f4af0a03fa4b706120d5e9b0891c344a27d64559aff5900a4a27 "-f" "/dev/null"
package	Initialize containers	2026-09-14T23:41:39.1063624Z 3fc51460f7ba39ab2d82b5d2af7e106c85e2033f2f918671515e7aeac43ac677
package	Initialize containers	2026-09-14T23:41:39.1086971Z ##[command]/usr/bin/docker start 3fc51460f7ba39ab2d82b5d2af7e106c85e2033f2f918671515e7aeac43ac677
package	Initialize containers	2026-09-14T23:41:39.2906961Z 3fc51460f7ba39ab2d82b5d2af7e106c85e2033f2f918671515e7aeac43ac677
package	Initialize containers	2026-09-14T23:41:39.2931612Z ##[command]/usr/bin/docker ps --all --filter id=3fc51460f7ba39ab2d82b5d2af7e106c85e2033f2f918671515e7aeac43ac677 --filter status=running --no-trunc --format "{{.ID}} {{.Status}}"
package	Initialize containers	2026-09-14T23:41:39.3051401Z 3fc51460f7ba39ab2d82b5d2af7e106c85e2033f2f918671515e7aeac43ac677 Up Less than a second
package	Initialize containers	2026-09-14T23:41:39.3070494Z ##[command]/usr/bin/docker inspect --format "{{range .Config.Env}}{{println .}}{{end}}" 3fc51460f7ba39ab2d82b5d2af7e106c85e2033f2f918671515e7aeac43ac677
package	Initialize containers	2026-09-14T23:41:39.3191833Z HOME=/github/home
package	Initialize containers	2026-09-14T23:41:39.3192167Z GITHUB_ACTIONS=true
package	Initialize containers	2026-09-14T23:41:39.3192399Z CI=true
package	Initialize containers	2026-09-14T23:41:39.3192706Z PATH=/usr/local/sbin:/usr/local/bin:/usr/sbin:/usr/bin:/sbin:/bin
package	Initialize containers	2026-09-14T23:41:39.3193316Z LANG=C.UTF-8
package	Initialize containers	2026-09-14T23:41:39.3193543Z LC_ALL=C.UTF-8
package	Initialize containers	2026-09-14T23:41:39.3193768Z PLAYWRIGHT_BROWSERS_PATH=/ms-playwright
package	Initialize containers	2026-09-14T23:41:39.3213082Z ##[endgroup]
package	Initialize containers	2026-09-14T23:41:39.3223267Z ##[group]Waiting for all services to be ready
package	Initialize containers	2026-09-14T23:41:39.3225376Z ##[endgroup]
package	Run actions/checkout@3d3c42e5aac5ba805825da76410c181273ba90b1	﻿2026-09-14T23:41:39.3513685Z ##[group]Run actions/checkout@3d3c42e5aac5ba805825da76410c181273ba90b1
package	Run actions/checkout@3d3c42e5aac5ba805825da76410c181273ba90b1	2026-09-14T23:41:39.3514421Z with:
package	Run actions/checkout@3d3c42e5aac5ba805825da76410c181273ba90b1	2026-09-14T23:41:39.3514657Z   persist-credentials: false
package	Run actions/checkout@3d3c42e5aac5ba805825da76410c181273ba90b1	2026-09-14T23:41:39.3514917Z   fetch-depth: 0
package	Run actions/checkout@3d3c42e5aac5ba805825da76410c181273ba90b1	2026-09-14T23:41:39.3515121Z   path: opf-editor
package	Run actions/checkout@3d3c42e5aac5ba805825da76410c181273ba90b1	2026-09-14T23:41:39.3515367Z   repository: OpenPresentation/opf-editor
package	Run actions/checkout@3d3c42e5aac5ba805825da76410c181273ba90b1	2026-09-14T23:41:39.3518229Z   token: ***
package	Run actions/checkout@3d3c42e5aac5ba805825da76410c181273ba90b1	2026-09-14T23:41:39.3518440Z   ssh-strict: true
package	Run actions/checkout@3d3c42e5aac5ba805825da76410c181273ba90b1	2026-09-14T23:41:39.3518645Z   ssh-user: git
package	Run actions/checkout@3d3c42e5aac5ba805825da76410c181273ba90b1	2026-09-14T23:41:39.3518840Z   clean: true
package	Run actions/checkout@3d3c42e5aac5ba805825da76410c181273ba90b1	2026-09-14T23:41:39.3519053Z   sparse-checkout-cone-mode: true
package	Run actions/checkout@3d3c42e5aac5ba805825da76410c181273ba90b1	2026-09-14T23:41:39.3519311Z   fetch-tags: false
package	Run actions/checkout@3d3c42e5aac5ba805825da76410c181273ba90b1	2026-09-14T23:41:39.3519521Z   show-progress: true
package	Run actions/checkout@3d3c42e5aac5ba805825da76410c181273ba90b1	2026-09-14T23:41:39.3519726Z   lfs: false
package	Run actions/checkout@3d3c42e5aac5ba805825da76410c181273ba90b1	2026-09-14T23:41:39.3519912Z   submodules: false
package	Run actions/checkout@3d3c42e5aac5ba805825da76410c181273ba90b1	2026-09-14T23:41:39.3520120Z   set-safe-directory: true
package	Run actions/checkout@3d3c42e5aac5ba805825da76410c181273ba90b1	2026-09-14T23:41:39.3520364Z   allow-unsafe-pr-checkout: false
package	Run actions/checkout@3d3c42e5aac5ba805825da76410c181273ba90b1	2026-09-14T23:41:39.3520822Z env:
package	Run actions/checkout@3d3c42e5aac5ba805825da76410c181273ba90b1	2026-09-14T23:41:39.3521621Z   OPF_GOLDEN_BASELINE: /home/runner/work/opf-editor/opf-editor/opf-render/test/golden/opf-examples-png.furniture.sha256.json
package	Run actions/checkout@3d3c42e5aac5ba805825da76410c181273ba90b1	2026-09-14T23:41:39.3522331Z ##[endgroup]
package	Run actions/checkout@3d3c42e5aac5ba805825da76410c181273ba90b1	2026-09-14T23:41:39.3585666Z ##[command]/usr/bin/docker exec  3fc51460f7ba39ab2d82b5d2af7e106c85e2033f2f918671515e7aeac43ac677 sh -c "cat /etc/*release | grep ^ID"
package	Run actions/checkout@3d3c42e5aac5ba805825da76410c181273ba90b1	2026-09-14T23:41:39.9395021Z Syncing repository: OpenPresentation/opf-editor
package	Run actions/checkout@3d3c42e5aac5ba805825da76410c181273ba90b1	2026-09-14T23:41:39.9396914Z ##[group]Getting Git version info
package	Run actions/checkout@3d3c42e5aac5ba805825da76410c181273ba90b1	2026-09-14T23:41:39.9397528Z Working directory is '/__w/opf-editor/opf-editor/opf-editor'
package	Run actions/checkout@3d3c42e5aac5ba805825da76410c181273ba90b1	2026-09-14T23:41:39.9398423Z [command]/usr/bin/git version
package	Run actions/checkout@3d3c42e5aac5ba805825da76410c181273ba90b1	2026-09-14T23:41:39.9539533Z git version 2.43.0
package	Run actions/checkout@3d3c42e5aac5ba805825da76410c181273ba90b1	2026-09-14T23:41:39.9565432Z ##[endgroup]
package	Run actions/checkout@3d3c42e5aac5ba805825da76410c181273ba90b1	2026-09-14T23:41:39.9579489Z Temporarily overriding HOME='/__w/_temp/3553663e-5fab-43fe-9e3b-dd1606ad7fea' before making global git config changes
package	Run actions/checkout@3d3c42e5aac5ba805825da76410c181273ba90b1	2026-09-14T23:41:39.9581533Z Adding repository directory to the temporary git global config as a safe directory
package	Run actions/checkout@3d3c42e5aac5ba805825da76410c181273ba90b1	2026-09-14T23:41:39.9585524Z [command]/usr/bin/git config --global --add safe.directory /__w/opf-editor/opf-editor/opf-editor
package	Run actions/checkout@3d3c42e5aac5ba805825da76410c181273ba90b1	2026-09-14T23:41:39.9620422Z ##[group]Determining repository object format
package	Run actions/checkout@3d3c42e5aac5ba805825da76410c181273ba90b1	2026-09-14T23:41:39.9622859Z ##[endgroup]
package	Run actions/checkout@3d3c42e5aac5ba805825da76410c181273ba90b1	2026-09-14T23:41:39.9623958Z ##[group]Initializing the repository
package	Run actions/checkout@3d3c42e5aac5ba805825da76410c181273ba90b1	2026-09-14T23:41:39.9627909Z [command]/usr/bin/git init /__w/opf-editor/opf-editor/opf-editor
package	Run actions/checkout@3d3c42e5aac5ba805825da76410c181273ba90b1	2026-09-14T23:41:39.9668304Z hint: Using 'master' as the name for the initial branch. This default branch name
package	Run actions/checkout@3d3c42e5aac5ba805825da76410c181273ba90b1	2026-09-14T23:41:39.9669857Z hint: is subject to change. To configure the initial branch name to use in all
package	Run actions/checkout@3d3c42e5aac5ba805825da76410c181273ba90b1	2026-09-14T23:41:39.9671144Z hint: of your new repositories, which will suppress this warning, call:
package	Run actions/checkout@3d3c42e5aac5ba805825da76410c181273ba90b1	2026-09-14T23:41:39.9672209Z hint: 
package	Run actions/checkout@3d3c42e5aac5ba805825da76410c181273ba90b1	2026-09-14T23:41:39.9673365Z hint: 	git config --global init.defaultBranch <name>
package	Run actions/checkout@3d3c42e5aac5ba805825da76410c181273ba90b1	2026-09-14T23:41:39.9674078Z hint: 
package	Run actions/checkout@3d3c42e5aac5ba805825da76410c181273ba90b1	2026-09-14T23:41:39.9674637Z hint: Names commonly chosen instead of 'master' are 'main', 'trunk' and
package	Run actions/checkout@3d3c42e5aac5ba805825da76410c181273ba90b1	2026-09-14T23:41:39.9675575Z hint: 'development'. The just-created branch can be renamed via this command:
package	Run actions/checkout@3d3c42e5aac5ba805825da76410c181273ba90b1	2026-09-14T23:41:39.9676359Z hint: 
package	Run actions/checkout@3d3c42e5aac5ba805825da76410c181273ba90b1	2026-09-14T23:41:39.9676750Z hint: 	git branch -m <name>
package	Run actions/checkout@3d3c42e5aac5ba805825da76410c181273ba90b1	2026-09-14T23:41:39.9682178Z Initialized empty Git repository in /__w/opf-editor/opf-editor/opf-editor/.git/
package	Run actions/checkout@3d3c42e5aac5ba805825da76410c181273ba90b1	2026-09-14T23:41:39.9694796Z [command]/usr/bin/git remote add origin https://github.com/OpenPresentation/opf-editor
package	Run actions/checkout@3d3c42e5aac5ba805825da76410c181273ba90b1	2026-09-14T23:41:39.9728707Z ##[endgroup]
package	Run actions/checkout@3d3c42e5aac5ba805825da76410c181273ba90b1	2026-09-14T23:41:39.9729342Z ##[group]Disabling automatic garbage collection
package	Run actions/checkout@3d3c42e5aac5ba805825da76410c181273ba90b1	2026-09-14T23:41:39.9735921Z [command]/usr/bin/git config --local gc.auto 0
package	Run actions/checkout@3d3c42e5aac5ba805825da76410c181273ba90b1	2026-09-14T23:41:39.9774371Z ##[endgroup]
package	Run actions/checkout@3d3c42e5aac5ba805825da76410c181273ba90b1	2026-09-14T23:41:39.9775530Z ##[group]Setting up auth
package	Run actions/checkout@3d3c42e5aac5ba805825da76410c181273ba90b1	2026-09-14T23:41:39.9782684Z Removing SSH command configuration
package	Run actions/checkout@3d3c42e5aac5ba805825da76410c181273ba90b1	2026-09-14T23:41:39.9783497Z [command]/usr/bin/git config --local --name-only --get-regexp core\.sshCommand
package	Run actions/checkout@3d3c42e5aac5ba805825da76410c181273ba90b1	2026-09-14T23:41:39.9824326Z [command]/usr/bin/git submodule foreach --recursive sh -c "git config --local --name-only --get-regexp 'core\.sshCommand' && git config --local --unset-all 'core.sshCommand' || :"
package	Run actions/checkout@3d3c42e5aac5ba805825da76410c181273ba90b1	2026-09-14T23:41:40.0732735Z Removing HTTP extra header
package	Run actions/checkout@3d3c42e5aac5ba805825da76410c181273ba90b1	2026-09-14T23:41:40.0735523Z [command]/usr/bin/git config --local --name-only --get-regexp http\.https\:\/\/github\.com\/\.extraheader
package	Run actions/checkout@3d3c42e5aac5ba805825da76410c181273ba90b1	2026-09-14T23:41:40.0774209Z [command]/usr/bin/git submodule foreach --recursive sh -c "git config --local --name-only --get-regexp 'http\.https\:\/\/github\.com\/\.extraheader' && git config --local --unset-all 'http.https://github.com/.extraheader' || :"
package	Run actions/checkout@3d3c42e5aac5ba805825da76410c181273ba90b1	2026-09-14T23:41:40.1044267Z Removing includeIf entries pointing to credentials config files
package	Run actions/checkout@3d3c42e5aac5ba805825da76410c181273ba90b1	2026-09-14T23:41:40.1049547Z [command]/usr/bin/git config --local --name-only --get-regexp ^includeIf\.gitdir:
package	Run actions/checkout@3d3c42e5aac5ba805825da76410c181273ba90b1	2026-09-14T23:41:40.1086779Z [command]/usr/bin/git submodule foreach --recursive git config --local --show-origin --name-only --get-regexp remote.origin.url
package	Run actions/checkout@3d3c42e5aac5ba805825da76410c181273ba90b1	2026-09-14T23:41:40.1367151Z [command]/usr/bin/git config --file /__w/_temp/git-credentials-c18a364a-58b6-4be2-a23c-23bd7a38d117.config http.https://github.com/.extraheader AUTHORIZATION: basic ***
package	Run actions/checkout@3d3c42e5aac5ba805825da76410c181273ba90b1	2026-09-14T23:41:40.1422947Z [command]/usr/bin/git config --local includeIf.gitdir:/__w/opf-editor/opf-editor/opf-editor/.git.path /__w/_temp/git-credentials-c18a364a-58b6-4be2-a23c-23bd7a38d117.config
package	Run actions/checkout@3d3c42e5aac5ba805825da76410c181273ba90b1	2026-09-14T23:41:40.1455847Z [command]/usr/bin/git config --local includeIf.gitdir:/__w/opf-editor/opf-editor/opf-editor/.git/worktrees/*.path /__w/_temp/git-credentials-c18a364a-58b6-4be2-a23c-23bd7a38d117.config
package	Run actions/checkout@3d3c42e5aac5ba805825da76410c181273ba90b1	2026-09-14T23:41:40.1490529Z [command]/usr/bin/git config --local includeIf.gitdir:/github/workspace/opf-editor/.git.path /github/runner_temp/git-credentials-c18a364a-58b6-4be2-a23c-23bd7a38d117.config
package	Run actions/checkout@3d3c42e5aac5ba805825da76410c181273ba90b1	2026-09-14T23:41:40.1533476Z [command]/usr/bin/git config --local includeIf.gitdir:/github/workspace/opf-editor/.git/worktrees/*.path /github/runner_temp/git-credentials-c18a364a-58b6-4be2-a23c-23bd7a38d117.config
package	Run actions/checkout@3d3c42e5aac5ba805825da76410c181273ba90b1	2026-09-14T23:41:40.1557824Z ##[endgroup]
package	Run actions/checkout@3d3c42e5aac5ba805825da76410c181273ba90b1	2026-09-14T23:41:40.1558479Z ##[group]Fetching the repository
package	Run actions/checkout@3d3c42e5aac5ba805825da76410c181273ba90b1	2026-09-14T23:41:40.1565227Z [command]/usr/bin/git -c protocol.version=2 fetch --no-tags --prune --no-recurse-submodules origin +refs/heads/*:refs/remotes/origin/* +refs/tags/*:refs/tags/* +0e4c0a4fb23ce12e1d42a62a5736f706e7ab5e0c:refs/remotes/pull/17/merge
package	Run actions/checkout@3d3c42e5aac5ba805825da76410c181273ba90b1	2026-09-14T23:41:41.3017028Z From https://github.com/OpenPresentation/opf-editor
package	Run actions/checkout@3d3c42e5aac5ba805825da76410c181273ba90b1	2026-09-14T23:41:41.3018196Z  * [new branch]      codex/shared-furniture-20260910          -> origin/codex/shared-furniture-20260910
package	Run actions/checkout@3d3c42e5aac5ba805825da76410c181273ba90b1	2026-09-14T23:41:41.3019442Z  * [new branch]      codex/shared-furniture-20260914          -> origin/codex/shared-furniture-20260914
package	Run actions/checkout@3d3c42e5aac5ba805825da76410c181273ba90b1	2026-09-14T23:41:41.3023801Z  * [new branch]      main                                     -> origin/main
package	Run actions/checkout@3d3c42e5aac5ba805825da76410c181273ba90b1	2026-09-14T23:41:41.3024662Z  * [new tag]         opf-editor-v0.1.0                        -> opf-editor-v0.1.0
package	Run actions/checkout@3d3c42e5aac5ba805825da76410c181273ba90b1	2026-09-14T23:41:41.3025579Z  * [new tag]         opf-editor-v0.1.1                        -> opf-editor-v0.1.1
package	Run actions/checkout@3d3c42e5aac5ba805825da76410c181273ba90b1	2026-09-14T23:41:41.3026450Z  * [new tag]         opf-editor-v0.1.2                        -> opf-editor-v0.1.2
package	Run actions/checkout@3d3c42e5aac5ba805825da76410c181273ba90b1	2026-09-14T23:41:41.3027539Z  * [new tag]         opf-editor-v0.2.0                        -> opf-editor-v0.2.0
package	Run actions/checkout@3d3c42e5aac5ba805825da76410c181273ba90b1	2026-09-14T23:41:41.3028658Z  * [new tag]         opf-editor-v0.3.0                        -> opf-editor-v0.3.0
package	Run actions/checkout@3d3c42e5aac5ba805825da76410c181273ba90b1	2026-09-14T23:41:41.3029863Z  * [new tag]         opf-editor-v0.4.0                        -> opf-editor-v0.4.0
package	Run actions/checkout@3d3c42e5aac5ba805825da76410c181273ba90b1	2026-09-14T23:41:41.3031723Z  * [new tag]         opf-editor-v0.5.0                        -> opf-editor-v0.5.0
package	Run actions/checkout@3d3c42e5aac5ba805825da76410c181273ba90b1	2026-09-14T23:41:41.3032955Z  * [new tag]         opf-editor-v0.6.0                        -> opf-editor-v0.6.0
package	Run actions/checkout@3d3c42e5aac5ba805825da76410c181273ba90b1	2026-09-14T23:41:41.3039118Z  * [new ref]         0e4c0a4fb23ce12e1d42a62a5736f706e7ab5e0c -> pull/17/merge
package	Run actions/checkout@3d3c42e5aac5ba805825da76410c181273ba90b1	2026-09-14T23:41:41.3063888Z ##[endgroup]
package	Run actions/checkout@3d3c42e5aac5ba805825da76410c181273ba90b1	2026-09-14T23:41:41.3064597Z ##[group]Determining the checkout info
package	Run actions/checkout@3d3c42e5aac5ba805825da76410c181273ba90b1	2026-09-14T23:41:41.3065411Z ##[endgroup]
package	Run actions/checkout@3d3c42e5aac5ba805825da76410c181273ba90b1	2026-09-14T23:41:41.3070160Z [command]/usr/bin/git sparse-checkout disable
package	Run actions/checkout@3d3c42e5aac5ba805825da76410c181273ba90b1	2026-09-14T23:41:41.3115290Z [command]/usr/bin/git config --local --unset-all extensions.worktreeConfig
package	Run actions/checkout@3d3c42e5aac5ba805825da76410c181273ba90b1	2026-09-14T23:41:41.3149944Z ##[group]Checking out the ref
package	Run actions/checkout@3d3c42e5aac5ba805825da76410c181273ba90b1	2026-09-14T23:41:41.3154591Z [command]/usr/bin/git checkout --progress --force refs/remotes/pull/17/merge
package	Run actions/checkout@3d3c42e5aac5ba805825da76410c181273ba90b1	2026-09-14T23:41:41.3273302Z Note: switching to 'refs/remotes/pull/17/merge'.
package	Run actions/checkout@3d3c42e5aac5ba805825da76410c181273ba90b1	2026-09-14T23:41:41.3274362Z 
package	Run actions/checkout@3d3c42e5aac5ba805825da76410c181273ba90b1	2026-09-14T23:41:41.3274741Z You are in 'detached HEAD' state. You can look around, make experimental
package	Run actions/checkout@3d3c42e5aac5ba805825da76410c181273ba90b1	2026-09-14T23:41:41.3275622Z changes and commit them, and you can discard any commits you make in this
package	Run actions/checkout@3d3c42e5aac5ba805825da76410c181273ba90b1	2026-09-14T23:41:41.3276442Z state without impacting any branches by switching back to a branch.
package	Run actions/checkout@3d3c42e5aac5ba805825da76410c181273ba90b1	2026-09-14T23:41:41.3276920Z 
package	Run actions/checkout@3d3c42e5aac5ba805825da76410c181273ba90b1	2026-09-14T23:41:41.3277187Z If you want to create a new branch to retain commits you create, you may
package	Run actions/checkout@3d3c42e5aac5ba805825da76410c181273ba90b1	2026-09-14T23:41:41.3277671Z do so (now or later) by using -c with the switch command. Example:
package	Run actions/checkout@3d3c42e5aac5ba805825da76410c181273ba90b1	2026-09-14T23:41:41.3277937Z 
package	Run actions/checkout@3d3c42e5aac5ba805825da76410c181273ba90b1	2026-09-14T23:41:41.3278046Z   git switch -c <new-branch-name>
package	Run actions/checkout@3d3c42e5aac5ba805825da76410c181273ba90b1	2026-09-14T23:41:41.3278227Z 
package	Run actions/checkout@3d3c42e5aac5ba805825da76410c181273ba90b1	2026-09-14T23:41:41.3278331Z Or undo this operation with:
package	Run actions/checkout@3d3c42e5aac5ba805825da76410c181273ba90b1	2026-09-14T23:41:41.3278498Z 
package	Run actions/checkout@3d3c42e5aac5ba805825da76410c181273ba90b1	2026-09-14T23:41:41.3278599Z   git switch -
package	Run actions/checkout@3d3c42e5aac5ba805825da76410c181273ba90b1	2026-09-14T23:41:41.3278864Z 
package	Run actions/checkout@3d3c42e5aac5ba805825da76410c181273ba90b1	2026-09-14T23:41:41.3279256Z Turn off this advice by setting config variable advice.detachedHead to false
package	Run actions/checkout@3d3c42e5aac5ba805825da76410c181273ba90b1	2026-09-14T23:41:41.3279603Z 
package	Run actions/checkout@3d3c42e5aac5ba805825da76410c181273ba90b1	2026-09-14T23:41:41.3280001Z HEAD is now at 0e4c0a4 Merge 40023fb3b65611ada05de8a9860bc41733a415a9 into 76249a18d73b12cf168152ed0be9df533a9d1069
package	Run actions/checkout@3d3c42e5aac5ba805825da76410c181273ba90b1	2026-09-14T23:41:41.3316694Z ##[endgroup]
package	Run actions/checkout@3d3c42e5aac5ba805825da76410c181273ba90b1	2026-09-14T23:41:41.3329450Z [command]/usr/bin/git log -1 --format=%H
package	Run actions/checkout@3d3c42e5aac5ba805825da76410c181273ba90b1	2026-09-14T23:41:41.3363471Z 0e4c0a4fb23ce12e1d42a62a5736f706e7ab5e0c
package	Run actions/checkout@3d3c42e5aac5ba805825da76410c181273ba90b1	2026-09-14T23:41:41.3376406Z ##[group]Removing auth
package	Run actions/checkout@3d3c42e5aac5ba805825da76410c181273ba90b1	2026-09-14T23:41:41.3377043Z Removing SSH command configuration
package	Run actions/checkout@3d3c42e5aac5ba805825da76410c181273ba90b1	2026-09-14T23:41:41.3380725Z [command]/usr/bin/git config --local --name-only --get-regexp core\.sshCommand
package	Run actions/checkout@3d3c42e5aac5ba805825da76410c181273ba90b1	2026-09-14T23:41:41.3421188Z [command]/usr/bin/git submodule foreach --recursive sh -c "git config --local --name-only --get-regexp 'core\.sshCommand' && git config --local --unset-all 'core.sshCommand' || :"
package	Run actions/checkout@3d3c42e5aac5ba805825da76410c181273ba90b1	2026-09-14T23:41:41.3680085Z Removing HTTP extra header
package	Run actions/checkout@3d3c42e5aac5ba805825da76410c181273ba90b1	2026-09-14T23:41:41.3693844Z [command]/usr/bin/git config --local --name-only --get-regexp http\.https\:\/\/github\.com\/\.extraheader
package	Run actions/checkout@3d3c42e5aac5ba805825da76410c181273ba90b1	2026-09-14T23:41:41.3736517Z [command]/usr/bin/git submodule foreach --recursive sh -c "git config --local --name-only --get-regexp 'http\.https\:\/\/github\.com\/\.extraheader' && git config --local --unset-all 'http.https://github.com/.extraheader' || :"
package	Run actions/checkout@3d3c42e5aac5ba805825da76410c181273ba90b1	2026-09-14T23:41:41.4013495Z Removing includeIf entries pointing to credentials config files
package	Run actions/checkout@3d3c42e5aac5ba805825da76410c181273ba90b1	2026-09-14T23:41:41.4017342Z [command]/usr/bin/git config --local --name-only --get-regexp ^includeIf\.gitdir:
package	Run actions/checkout@3d3c42e5aac5ba805825da76410c181273ba90b1	2026-09-14T23:41:41.4045713Z includeif.gitdir:/__w/opf-editor/opf-editor/opf-editor/.git.path
package	Run actions/checkout@3d3c42e5aac5ba805825da76410c181273ba90b1	2026-09-14T23:41:41.4047102Z includeif.gitdir:/__w/opf-editor/opf-editor/opf-editor/.git/worktrees/*.path
package	Run actions/checkout@3d3c42e5aac5ba805825da76410c181273ba90b1	2026-09-14T23:41:41.4047973Z includeif.gitdir:/github/workspace/opf-editor/.git.path
package	Run actions/checkout@3d3c42e5aac5ba805825da76410c181273ba90b1	2026-09-14T23:41:41.4048738Z includeif.gitdir:/github/workspace/opf-editor/.git/worktrees/*.path
package	Run actions/checkout@3d3c42e5aac5ba805825da76410c181273ba90b1	2026-09-14T23:41:41.4056322Z [command]/usr/bin/git config --local --get-all includeif.gitdir:/__w/opf-editor/opf-editor/opf-editor/.git.path
package	Run actions/checkout@3d3c42e5aac5ba805825da76410c181273ba90b1	2026-09-14T23:41:41.4083377Z /__w/_temp/git-credentials-c18a364a-58b6-4be2-a23c-23bd7a38d117.config
package	Run actions/checkout@3d3c42e5aac5ba805825da76410c181273ba90b1	2026-09-14T23:41:41.4127176Z [command]/usr/bin/git config --local --unset includeif.gitdir:/__w/opf-editor/opf-editor/opf-editor/.git.path \/__w\/_temp\/git\-credentials\-c18a364a\-58b6\-4be2\-a23c\-23bd7a38d117\.config
package	Run actions/checkout@3d3c42e5aac5ba805825da76410c181273ba90b1	2026-09-14T23:41:41.4136450Z [command]/usr/bin/git config --local --get-all includeif.gitdir:/__w/opf-editor/opf-editor/opf-editor/.git/worktrees/*.path
package	Run actions/checkout@3d3c42e5aac5ba805825da76410c181273ba90b1	2026-09-14T23:41:41.4163209Z /__w/_temp/git-credentials-c18a364a-58b6-4be2-a23c-23bd7a38d117.config
package	Run actions/checkout@3d3c42e5aac5ba805825da76410c181273ba90b1	2026-09-14T23:41:41.4174827Z [command]/usr/bin/git config --local --unset includeif.gitdir:/__w/opf-editor/opf-editor/opf-editor/.git/worktrees/*.path \/__w\/_temp\/git\-credentials\-c18a364a\-58b6\-4be2\-a23c\-23bd7a38d117\.config
package	Run actions/checkout@3d3c42e5aac5ba805825da76410c181273ba90b1	2026-09-14T23:41:41.4211806Z [command]/usr/bin/git config --local --get-all includeif.gitdir:/github/workspace/opf-editor/.git.path
package	Run actions/checkout@3d3c42e5aac5ba805825da76410c181273ba90b1	2026-09-14T23:41:41.4238449Z /github/runner_temp/git-credentials-c18a364a-58b6-4be2-a23c-23bd7a38d117.config
package	Run actions/checkout@3d3c42e5aac5ba805825da76410c181273ba90b1	2026-09-14T23:41:41.4246824Z [command]/usr/bin/git config --local --unset includeif.gitdir:/github/workspace/opf-editor/.git.path \/github\/runner_temp\/git\-credentials\-c18a364a\-58b6\-4be2\-a23c\-23bd7a38d117\.config
package	Run actions/checkout@3d3c42e5aac5ba805825da76410c181273ba90b1	2026-09-14T23:41:41.4288414Z [command]/usr/bin/git config --local --get-all includeif.gitdir:/github/workspace/opf-editor/.git/worktrees/*.path
package	Run actions/checkout@3d3c42e5aac5ba805825da76410c181273ba90b1	2026-09-14T23:41:41.4319773Z /github/runner_temp/git-credentials-c18a364a-58b6-4be2-a23c-23bd7a38d117.config
package	Run actions/checkout@3d3c42e5aac5ba805825da76410c181273ba90b1	2026-09-14T23:41:41.4329310Z [command]/usr/bin/git config --local --unset includeif.gitdir:/github/workspace/opf-editor/.git/worktrees/*.path \/github\/runner_temp\/git\-credentials\-c18a364a\-58b6\-4be2\-a23c\-23bd7a38d117\.config
package	Run actions/checkout@3d3c42e5aac5ba805825da76410c181273ba90b1	2026-09-14T23:41:41.4365287Z [command]/usr/bin/git submodule foreach --recursive git config --local --show-origin --name-only --get-regexp remote.origin.url
package	Run actions/checkout@3d3c42e5aac5ba805825da76410c181273ba90b1	2026-09-14T23:41:41.4610788Z Removing credentials config '/__w/_temp/git-credentials-c18a364a-58b6-4be2-a23c-23bd7a38d117.config'
package	Run actions/checkout@3d3c42e5aac5ba805825da76410c181273ba90b1	2026-09-14T23:41:41.4619344Z ##[endgroup]
package	Run actions/checkout@3d3c42e5aac5ba805825da76410c181273ba90b1	﻿2026-09-14T23:41:41.5018737Z ##[group]Run actions/checkout@3d3c42e5aac5ba805825da76410c181273ba90b1
package	Run actions/checkout@3d3c42e5aac5ba805825da76410c181273ba90b1	2026-09-14T23:41:41.5019436Z with:
package	Run actions/checkout@3d3c42e5aac5ba805825da76410c181273ba90b1	2026-09-14T23:41:41.5019817Z   repository: OpenPresentation/opf
package	Run actions/checkout@3d3c42e5aac5ba805825da76410c181273ba90b1	2026-09-14T23:41:41.5020343Z   ref: 8a322c13884f2f1634fd3a207d1e0a662e3ad460
package	Run actions/checkout@3d3c42e5aac5ba805825da76410c181273ba90b1	2026-09-14T23:41:41.5020843Z   path: opf
package	Run actions/checkout@3d3c42e5aac5ba805825da76410c181273ba90b1	2026-09-14T23:41:41.5021393Z   fetch-depth: 0
package	Run actions/checkout@3d3c42e5aac5ba805825da76410c181273ba90b1	2026-09-14T23:41:41.5021768Z   persist-credentials: false
package	Run actions/checkout@3d3c42e5aac5ba805825da76410c181273ba90b1	2026-09-14T23:41:41.5024711Z   token: ***
package	Run actions/checkout@3d3c42e5aac5ba805825da76410c181273ba90b1	2026-09-14T23:41:41.5024931Z   ssh-strict: true
package	Run actions/checkout@3d3c42e5aac5ba805825da76410c181273ba90b1	2026-09-14T23:41:41.5025146Z   ssh-user: git
package	Run actions/checkout@3d3c42e5aac5ba805825da76410c181273ba90b1	2026-09-14T23:41:41.5025354Z   clean: true
package	Run actions/checkout@3d3c42e5aac5ba805825da76410c181273ba90b1	2026-09-14T23:41:41.5025581Z   sparse-checkout-cone-mode: true
package	Run actions/checkout@3d3c42e5aac5ba805825da76410c181273ba90b1	2026-09-14T23:41:41.5025853Z   fetch-tags: false
package	Run actions/checkout@3d3c42e5aac5ba805825da76410c181273ba90b1	2026-09-14T23:41:41.5026069Z   show-progress: true
package	Run actions/checkout@3d3c42e5aac5ba805825da76410c181273ba90b1	2026-09-14T23:41:41.5026297Z   lfs: false
package	Run actions/checkout@3d3c42e5aac5ba805825da76410c181273ba90b1	2026-09-14T23:41:41.5026500Z   submodules: false
package	Run actions/checkout@3d3c42e5aac5ba805825da76410c181273ba90b1	2026-09-14T23:41:41.5026724Z   set-safe-directory: true
package	Run actions/checkout@3d3c42e5aac5ba805825da76410c181273ba90b1	2026-09-14T23:41:41.5026997Z   allow-unsafe-pr-checkout: false
package	Run actions/checkout@3d3c42e5aac5ba805825da76410c181273ba90b1	2026-09-14T23:41:41.5027264Z env:
package	Run actions/checkout@3d3c42e5aac5ba805825da76410c181273ba90b1	2026-09-14T23:41:41.5027791Z   OPF_GOLDEN_BASELINE: /home/runner/work/opf-editor/opf-editor/opf-render/test/golden/opf-examples-png.furniture.sha256.json
package	Run actions/checkout@3d3c42e5aac5ba805825da76410c181273ba90b1	2026-09-14T23:41:41.5028402Z ##[endgroup]
package	Run actions/checkout@3d3c42e5aac5ba805825da76410c181273ba90b1	2026-09-14T23:41:41.5037022Z ##[command]/usr/bin/docker exec  3fc51460f7ba39ab2d82b5d2af7e106c85e2033f2f918671515e7aeac43ac677 sh -c "cat /etc/*release | grep ^ID"
package	Run actions/checkout@3d3c42e5aac5ba805825da76410c181273ba90b1	2026-09-14T23:41:41.6820015Z Syncing repository: OpenPresentation/opf
package	Run actions/checkout@3d3c42e5aac5ba805825da76410c181273ba90b1	2026-09-14T23:41:41.6827494Z ##[group]Getting Git version info
package	Run actions/checkout@3d3c42e5aac5ba805825da76410c181273ba90b1	2026-09-14T23:41:41.6828619Z Working directory is '/__w/opf-editor/opf-editor/opf'
package	Run actions/checkout@3d3c42e5aac5ba805825da76410c181273ba90b1	2026-09-14T23:41:41.6866560Z [command]/usr/bin/git version
package	Run actions/checkout@3d3c42e5aac5ba805825da76410c181273ba90b1	2026-09-14T23:41:41.6914430Z git version 2.43.0
package	Run actions/checkout@3d3c42e5aac5ba805825da76410c181273ba90b1	2026-09-14T23:41:41.6937412Z ##[endgroup]
package	Run actions/checkout@3d3c42e5aac5ba805825da76410c181273ba90b1	2026-09-14T23:41:41.6949222Z Temporarily overriding HOME='/__w/_temp/605f7693-fd26-47e9-b560-8283677d5e80' before making global git config changes
package	Run actions/checkout@3d3c42e5aac5ba805825da76410c181273ba90b1	2026-09-14T23:41:41.6950459Z Adding repository directory to the temporary git global config as a safe directory
package	Run actions/checkout@3d3c42e5aac5ba805825da76410c181273ba90b1	2026-09-14T23:41:41.6953617Z [command]/usr/bin/git config --global --add safe.directory /__w/opf-editor/opf-editor/opf
package	Run actions/checkout@3d3c42e5aac5ba805825da76410c181273ba90b1	2026-09-14T23:41:41.6991342Z ##[group]Determining repository object format
package	Run actions/checkout@3d3c42e5aac5ba805825da76410c181273ba90b1	2026-09-14T23:41:41.6994097Z ##[endgroup]
package	Run actions/checkout@3d3c42e5aac5ba805825da76410c181273ba90b1	2026-09-14T23:41:41.6995135Z ##[group]Initializing the repository
package	Run actions/checkout@3d3c42e5aac5ba805825da76410c181273ba90b1	2026-09-14T23:41:41.6998996Z [command]/usr/bin/git init /__w/opf-editor/opf-editor/opf
package	Run actions/checkout@3d3c42e5aac5ba805825da76410c181273ba90b1	2026-09-14T23:41:41.7037885Z hint: Using 'master' as the name for the initial branch. This default branch name
package	Run actions/checkout@3d3c42e5aac5ba805825da76410c181273ba90b1	2026-09-14T23:41:41.7038903Z hint: is subject to change. To configure the initial branch name to use in all
package	Run actions/checkout@3d3c42e5aac5ba805825da76410c181273ba90b1	2026-09-14T23:41:41.7039851Z hint: of your new repositories, which will suppress this warning, call:
package	Run actions/checkout@3d3c42e5aac5ba805825da76410c181273ba90b1	2026-09-14T23:41:41.7040584Z hint: 
package	Run actions/checkout@3d3c42e5aac5ba805825da76410c181273ba90b1	2026-09-14T23:41:41.7041017Z hint: 	git config --global init.defaultBranch <name>
package	Run actions/checkout@3d3c42e5aac5ba805825da76410c181273ba90b1	2026-09-14T23:41:41.7041830Z hint: 
package	Run actions/checkout@3d3c42e5aac5ba805825da76410c181273ba90b1	2026-09-14T23:41:41.7042643Z hint: Names commonly chosen instead of 'master' are 'main', 'trunk' and
package	Run actions/checkout@3d3c42e5aac5ba805825da76410c181273ba90b1	2026-09-14T23:41:41.7043781Z hint: 'development'. The just-created branch can be renamed via this command:
package	Run actions/checkout@3d3c42e5aac5ba805825da76410c181273ba90b1	2026-09-14T23:41:41.7045312Z hint: 
package	Run actions/checkout@3d3c42e5aac5ba805825da76410c181273ba90b1	2026-09-14T23:41:41.7045703Z hint: 	git branch -m <name>
package	Run actions/checkout@3d3c42e5aac5ba805825da76410c181273ba90b1	2026-09-14T23:41:41.7046381Z Initialized empty Git repository in /__w/opf-editor/opf-editor/opf/.git/
package	Run actions/checkout@3d3c42e5aac5ba805825da76410c181273ba90b1	2026-09-14T23:41:41.7059263Z [command]/usr/bin/git remote add origin https://github.com/OpenPresentation/opf
package	Run actions/checkout@3d3c42e5aac5ba805825da76410c181273ba90b1	2026-09-14T23:41:41.7130436Z ##[endgroup]
package	Run actions/checkout@3d3c42e5aac5ba805825da76410c181273ba90b1	2026-09-14T23:41:41.7131623Z ##[group]Disabling automatic garbage collection
package	Run actions/checkout@3d3c42e5aac5ba805825da76410c181273ba90b1	2026-09-14T23:41:41.7134128Z [command]/usr/bin/git config --local gc.auto 0
package	Run actions/checkout@3d3c42e5aac5ba805825da76410c181273ba90b1	2026-09-14T23:41:41.7172759Z ##[endgroup]
package	Run actions/checkout@3d3c42e5aac5ba805825da76410c181273ba90b1	2026-09-14T23:41:41.7173498Z ##[group]Setting up auth
package	Run actions/checkout@3d3c42e5aac5ba805825da76410c181273ba90b1	2026-09-14T23:41:41.7174058Z Removing SSH command configuration
package	Run actions/checkout@3d3c42e5aac5ba805825da76410c181273ba90b1	2026-09-14T23:41:41.7178435Z [command]/usr/bin/git config --local --name-only --get-regexp core\.sshCommand
package	Run actions/checkout@3d3c42e5aac5ba805825da76410c181273ba90b1	2026-09-14T23:41:41.7214046Z [command]/usr/bin/git submodule foreach --recursive sh -c "git config --local --name-only --get-regexp 'core\.sshCommand' && git config --local --unset-all 'core.sshCommand' || :"
package	Run actions/checkout@3d3c42e5aac5ba805825da76410c181273ba90b1	2026-09-14T23:41:41.7480474Z Removing HTTP extra header
package	Run actions/checkout@3d3c42e5aac5ba805825da76410c181273ba90b1	2026-09-14T23:41:41.7485975Z [command]/usr/bin/git config --local --name-only --get-regexp http\.https\:\/\/github\.com\/\.extraheader
package	Run actions/checkout@3d3c42e5aac5ba805825da76410c181273ba90b1	2026-09-14T23:41:41.7522123Z [command]/usr/bin/git submodule foreach --recursive sh -c "git config --local --name-only --get-regexp 'http\.https\:\/\/github\.com\/\.extraheader' && git config --local --unset-all 'http.https://github.com/.extraheader' || :"
package	Run actions/checkout@3d3c42e5aac5ba805825da76410c181273ba90b1	2026-09-14T23:41:41.7806685Z Removing includeIf entries pointing to credentials config files
package	Run actions/checkout@3d3c42e5aac5ba805825da76410c181273ba90b1	2026-09-14T23:41:41.7811419Z [command]/usr/bin/git config --local --name-only --get-regexp ^includeIf\.gitdir:
package	Run actions/checkout@3d3c42e5aac5ba805825da76410c181273ba90b1	2026-09-14T23:41:41.7850011Z [command]/usr/bin/git submodule foreach --recursive git config --local --show-origin --name-only --get-regexp remote.origin.url
package	Run actions/checkout@3d3c42e5aac5ba805825da76410c181273ba90b1	2026-09-14T23:41:41.8116414Z [command]/usr/bin/git config --file /__w/_temp/git-credentials-09381d8a-4853-47ae-b0d0-dea8bfbc7ac4.config http.https://github.com/.extraheader AUTHORIZATION: basic ***
package	Run actions/checkout@3d3c42e5aac5ba805825da76410c181273ba90b1	2026-09-14T23:41:41.8176798Z [command]/usr/bin/git config --local includeIf.gitdir:/__w/opf-editor/opf-editor/opf/.git.path /__w/_temp/git-credentials-09381d8a-4853-47ae-b0d0-dea8bfbc7ac4.config
package	Run actions/checkout@3d3c42e5aac5ba805825da76410c181273ba90b1	2026-09-14T23:41:41.8213131Z [command]/usr/bin/git config --local includeIf.gitdir:/__w/opf-editor/opf-editor/opf/.git/worktrees/*.path /__w/_temp/git-credentials-09381d8a-4853-47ae-b0d0-dea8bfbc7ac4.config
package	Run actions/checkout@3d3c42e5aac5ba805825da76410c181273ba90b1	2026-09-14T23:41:41.8250461Z [command]/usr/bin/git config --local includeIf.gitdir:/github/workspace/opf/.git.path /github/runner_temp/git-credentials-09381d8a-4853-47ae-b0d0-dea8bfbc7ac4.config
package	Run actions/checkout@3d3c42e5aac5ba805825da76410c181273ba90b1	2026-09-14T23:41:41.8289333Z [command]/usr/bin/git config --local includeIf.gitdir:/github/workspace/opf/.git/worktrees/*.path /github/runner_temp/git-credentials-09381d8a-4853-47ae-b0d0-dea8bfbc7ac4.config
package	Run actions/checkout@3d3c42e5aac5ba805825da76410c181273ba90b1	2026-09-14T23:41:41.8323217Z ##[endgroup]
package	Run actions/checkout@3d3c42e5aac5ba805825da76410c181273ba90b1	2026-09-14T23:41:41.8323953Z ##[group]Fetching the repository
package	Run actions/checkout@3d3c42e5aac5ba805825da76410c181273ba90b1	2026-09-14T23:41:41.8333763Z [command]/usr/bin/git -c protocol.version=2 fetch --no-tags --prune --no-recurse-submodules origin +refs/heads/*:refs/remotes/origin/* +refs/tags/*:refs/tags/*
package	Run actions/checkout@3d3c42e5aac5ba805825da76410c181273ba90b1	2026-09-14T23:41:45.8919661Z From https://github.com/OpenPresentation/opf
package	Run actions/checkout@3d3c42e5aac5ba805825da76410c181273ba90b1	2026-09-14T23:41:45.8921615Z  * [new branch]      claude/pen-dev-format-analysis-24vs61 -> origin/claude/pen-dev-format-analysis-24vs61
package	Run actions/checkout@3d3c42e5aac5ba805825da76410c181273ba90b1	2026-09-14T23:41:45.8923047Z  * [new branch]      codex/ecosystem-branch-audit-20260910 -> origin/codex/ecosystem-branch-audit-20260910
package	Run actions/checkout@3d3c42e5aac5ba805825da76410c181273ba90b1	2026-09-14T23:41:45.8924292Z  * [new branch]      codex/shared-furniture-20260910 -> origin/codex/shared-furniture-20260910
package	Run actions/checkout@3d3c42e5aac5ba805825da76410c181273ba90b1	2026-09-14T23:41:45.8926060Z  * [new branch]      codex/shared-furniture-20260914 -> origin/codex/shared-furniture-20260914
package	Run actions/checkout@3d3c42e5aac5ba805825da76410c181273ba90b1	2026-09-14T23:41:45.8927988Z  * [new branch]      dependabot/npm_and_yarn/npm-minor-patch-7a0c24a58d -> origin/dependabot/npm_and_yarn/npm-minor-patch-7a0c24a58d
package	Run actions/checkout@3d3c42e5aac5ba805825da76410c181273ba90b1	2026-09-14T23:41:45.8930228Z  * [new branch]      main       -> origin/main
package	Run actions/checkout@3d3c42e5aac5ba805825da76410c181273ba90b1	2026-09-14T23:41:45.8943800Z  * [new tag]         cli-v0.1.1 -> cli-v0.1.1
package	Run actions/checkout@3d3c42e5aac5ba805825da76410c181273ba90b1	2026-09-14T23:41:45.8954564Z  * [new tag]         cli-v0.2.0 -> cli-v0.2.0
package	Run actions/checkout@3d3c42e5aac5ba805825da76410c181273ba90b1	2026-09-14T23:41:45.8955498Z  * [new tag]         cli-v0.3.0 -> cli-v0.3.0
package	Run actions/checkout@3d3c42e5aac5ba805825da76410c181273ba90b1	2026-09-14T23:41:45.8956063Z  * [new tag]         cli-v0.4.0 -> cli-v0.4.0
package	Run actions/checkout@3d3c42e5aac5ba805825da76410c181273ba90b1	2026-09-14T23:41:45.8956549Z  * [new tag]         cli-v0.5.0 -> cli-v0.5.0
package	Run actions/checkout@3d3c42e5aac5ba805825da76410c181273ba90b1	2026-09-14T23:41:45.8957042Z  * [new tag]         cli-v0.6.0 -> cli-v0.6.0
package	Run actions/checkout@3d3c42e5aac5ba805825da76410c181273ba90b1	2026-09-14T23:41:45.8957523Z  * [new tag]         cli-v0.7.0 -> cli-v0.7.0
package	Run actions/checkout@3d3c42e5aac5ba805825da76410c181273ba90b1	2026-09-14T23:41:45.8958006Z  * [new tag]         go/v0.1.0  -> go/v0.1.0
package	Run actions/checkout@3d3c42e5aac5ba805825da76410c181273ba90b1	2026-09-14T23:41:45.8958501Z  * [new tag]         js/v0.2.1  -> js/v0.2.1
package	Run actions/checkout@3d3c42e5aac5ba805825da76410c181273ba90b1	2026-09-14T23:41:45.8958982Z  * [new tag]         opf-v0.2.2 -> opf-v0.2.2
package	Run actions/checkout@3d3c42e5aac5ba805825da76410c181273ba90b1	2026-09-14T23:41:45.8963612Z  * [new tag]         opf-v0.3.0 -> opf-v0.3.0
package	Run actions/checkout@3d3c42e5aac5ba805825da76410c181273ba90b1	2026-09-14T23:41:45.8964311Z  * [new tag]         opf-v0.4.0 -> opf-v0.4.0
package	Run actions/checkout@3d3c42e5aac5ba805825da76410c181273ba90b1	2026-09-14T23:41:45.8964959Z  * [new tag]         opf-v0.4.1 -> opf-v0.4.1
package	Run actions/checkout@3d3c42e5aac5ba805825da76410c181273ba90b1	2026-09-14T23:41:45.8972111Z  * [new tag]         opf-v0.5.0 -> opf-v0.5.0
package	Run actions/checkout@3d3c42e5aac5ba805825da76410c181273ba90b1	2026-09-14T23:41:45.8972806Z  * [new tag]         opf-v0.6.0 -> opf-v0.6.0
package	Run actions/checkout@3d3c42e5aac5ba805825da76410c181273ba90b1	2026-09-14T23:41:45.8973203Z  * [new tag]         opf-v0.7.0 -> opf-v0.7.0
package	Run actions/checkout@3d3c42e5aac5ba805825da76410c181273ba90b1	2026-09-14T23:41:45.8973630Z  * [new tag]         opf-v0.8.0 -> opf-v0.8.0
package	Run actions/checkout@3d3c42e5aac5ba805825da76410c181273ba90b1	2026-09-14T23:41:45.8974248Z  * [new tag]         opf-v0.9.0 -> opf-v0.9.0
package	Run actions/checkout@3d3c42e5aac5ba805825da76410c181273ba90b1	2026-09-14T23:41:45.8999346Z [command]/usr/bin/git rev-parse --verify --quiet 8a322c13884f2f1634fd3a207d1e0a662e3ad460^{object}
package	Run actions/checkout@3d3c42e5aac5ba805825da76410c181273ba90b1	2026-09-14T23:41:45.9029225Z 8a322c13884f2f1634fd3a207d1e0a662e3ad460
package	Run actions/checkout@3d3c42e5aac5ba805825da76410c181273ba90b1	2026-09-14T23:41:45.9034843Z ##[endgroup]
package	Run actions/checkout@3d3c42e5aac5ba805825da76410c181273ba90b1	2026-09-14T23:41:45.9035536Z ##[group]Determining the checkout info
package	Run actions/checkout@3d3c42e5aac5ba805825da76410c181273ba90b1	2026-09-14T23:41:45.9037357Z ##[endgroup]
package	Run actions/checkout@3d3c42e5aac5ba805825da76410c181273ba90b1	2026-09-14T23:41:45.9040830Z [command]/usr/bin/git sparse-checkout disable
package	Run actions/checkout@3d3c42e5aac5ba805825da76410c181273ba90b1	2026-09-14T23:41:45.9083237Z [command]/usr/bin/git config --local --unset-all extensions.worktreeConfig
package	Run actions/checkout@3d3c42e5aac5ba805825da76410c181273ba90b1	2026-09-14T23:41:45.9117484Z ##[group]Checking out the ref
package	Run actions/checkout@3d3c42e5aac5ba805825da76410c181273ba90b1	2026-09-14T23:41:45.9121774Z [command]/usr/bin/git checkout --progress --force 8a322c13884f2f1634fd3a207d1e0a662e3ad460
package	Run actions/checkout@3d3c42e5aac5ba805825da76410c181273ba90b1	2026-09-14T23:41:46.9144815Z Note: switching to '8a322c13884f2f1634fd3a207d1e0a662e3ad460'.
package	Run actions/checkout@3d3c42e5aac5ba805825da76410c181273ba90b1	2026-09-14T23:41:46.9145459Z 
package	Run actions/checkout@3d3c42e5aac5ba805825da76410c181273ba90b1	2026-09-14T23:41:46.9145796Z You are in 'detached HEAD' state. You can look around, make experimental
package	Run actions/checkout@3d3c42e5aac5ba805825da76410c181273ba90b1	2026-09-14T23:41:46.9146541Z changes and commit them, and you can discard any commits you make in this
package	Run actions/checkout@3d3c42e5aac5ba805825da76410c181273ba90b1	2026-09-14T23:41:46.9147214Z state without impacting any branches by switching back to a branch.
package	Run actions/checkout@3d3c42e5aac5ba805825da76410c181273ba90b1	2026-09-14T23:41:46.9147606Z 
package	Run actions/checkout@3d3c42e5aac5ba805825da76410c181273ba90b1	2026-09-14T23:41:46.9147859Z If you want to create a new branch to retain commits you create, you may
package	Run actions/checkout@3d3c42e5aac5ba805825da76410c181273ba90b1	2026-09-14T23:41:46.9148487Z do so (now or later) by using -c with the switch command. Example:
package	Run actions/checkout@3d3c42e5aac5ba805825da76410c181273ba90b1	2026-09-14T23:41:46.9148857Z 
package	Run actions/checkout@3d3c42e5aac5ba805825da76410c181273ba90b1	2026-09-14T23:41:46.9148996Z   git switch -c <new-branch-name>
package	Run actions/checkout@3d3c42e5aac5ba805825da76410c181273ba90b1	2026-09-14T23:41:46.9149240Z 
package	Run actions/checkout@3d3c42e5aac5ba805825da76410c181273ba90b1	2026-09-14T23:41:46.9149380Z Or undo this operation with:
package	Run actions/checkout@3d3c42e5aac5ba805825da76410c181273ba90b1	2026-09-14T23:41:46.9149596Z 
package	Run actions/checkout@3d3c42e5aac5ba805825da76410c181273ba90b1	2026-09-14T23:41:46.9149712Z   git switch -
package	Run actions/checkout@3d3c42e5aac5ba805825da76410c181273ba90b1	2026-09-14T23:41:46.9149873Z 
package	Run actions/checkout@3d3c42e5aac5ba805825da76410c181273ba90b1	2026-09-14T23:41:46.9150172Z Turn off this advice by setting config variable advice.detachedHead to false
package	Run actions/checkout@3d3c42e5aac5ba805825da76410c181273ba90b1	2026-09-14T23:41:46.9150603Z 
package	Run actions/checkout@3d3c42e5aac5ba805825da76410c181273ba90b1	2026-09-14T23:41:46.9150880Z HEAD is now at 8a322c1 Reserve shared furniture clearance for actual browser paint
package	Run actions/checkout@3d3c42e5aac5ba805825da76410c181273ba90b1	2026-09-14T23:41:46.9189298Z ##[endgroup]
package	Run actions/checkout@3d3c42e5aac5ba805825da76410c181273ba90b1	2026-09-14T23:41:46.9234302Z [command]/usr/bin/git log -1 --format=%H
package	Run actions/checkout@3d3c42e5aac5ba805825da76410c181273ba90b1	2026-09-14T23:41:46.9264403Z 8a322c13884f2f1634fd3a207d1e0a662e3ad460
package	Run actions/checkout@3d3c42e5aac5ba805825da76410c181273ba90b1	2026-09-14T23:41:46.9273641Z ##[group]Removing auth
package	Run actions/checkout@3d3c42e5aac5ba805825da76410c181273ba90b1	2026-09-14T23:41:46.9273951Z Removing SSH command configuration
package	Run actions/checkout@3d3c42e5aac5ba805825da76410c181273ba90b1	2026-09-14T23:41:46.9277677Z [command]/usr/bin/git config --local --name-only --get-regexp core\.sshCommand
package	Run actions/checkout@3d3c42e5aac5ba805825da76410c181273ba90b1	2026-09-14T23:41:46.9314096Z [command]/usr/bin/git submodule foreach --recursive sh -c "git config --local --name-only --get-regexp 'core\.sshCommand' && git config --local --unset-all 'core.sshCommand' || :"
package	Run actions/checkout@3d3c42e5aac5ba805825da76410c181273ba90b1	2026-09-14T23:41:46.9587613Z Removing HTTP extra header
package	Run actions/checkout@3d3c42e5aac5ba805825da76410c181273ba90b1	2026-09-14T23:41:46.9592591Z [command]/usr/bin/git config --local --name-only --get-regexp http\.https\:\/\/github\.com\/\.extraheader
package	Run actions/checkout@3d3c42e5aac5ba805825da76410c181273ba90b1	2026-09-14T23:41:46.9631484Z [command]/usr/bin/git submodule foreach --recursive sh -c "git config --local --name-only --get-regexp 'http\.https\:\/\/github\.com\/\.extraheader' && git config --local --unset-all 'http.https://github.com/.extraheader' || :"
package	Run actions/checkout@3d3c42e5aac5ba805825da76410c181273ba90b1	2026-09-14T23:41:46.9901516Z Removing includeIf entries pointing to credentials config files
package	Run actions/checkout@3d3c42e5aac5ba805825da76410c181273ba90b1	2026-09-14T23:41:46.9905361Z [command]/usr/bin/git config --local --name-only --get-regexp ^includeIf\.gitdir:
package	Run actions/checkout@3d3c42e5aac5ba805825da76410c181273ba90b1	2026-09-14T23:41:46.9935339Z includeif.gitdir:/__w/opf-editor/opf-editor/opf/.git.path
package	Run actions/checkout@3d3c42e5aac5ba805825da76410c181273ba90b1	2026-09-14T23:41:46.9936091Z includeif.gitdir:/__w/opf-editor/opf-editor/opf/.git/worktrees/*.path
package	Run actions/checkout@3d3c42e5aac5ba805825da76410c181273ba90b1	2026-09-14T23:41:46.9936647Z includeif.gitdir:/github/workspace/opf/.git.path
package	Run actions/checkout@3d3c42e5aac5ba805825da76410c181273ba90b1	2026-09-14T23:41:46.9937355Z includeif.gitdir:/github/workspace/opf/.git/worktrees/*.path
package	Run actions/checkout@3d3c42e5aac5ba805825da76410c181273ba90b1	2026-09-14T23:41:46.9944759Z [command]/usr/bin/git config --local --get-all includeif.gitdir:/__w/opf-editor/opf-editor/opf/.git.path
package	Run actions/checkout@3d3c42e5aac5ba805825da76410c181273ba90b1	2026-09-14T23:41:46.9972881Z /__w/_temp/git-credentials-09381d8a-4853-47ae-b0d0-dea8bfbc7ac4.config
package	Run actions/checkout@3d3c42e5aac5ba805825da76410c181273ba90b1	2026-09-14T23:41:46.9983910Z [command]/usr/bin/git config --local --unset includeif.gitdir:/__w/opf-editor/opf-editor/opf/.git.path \/__w\/_temp\/git\-credentials\-09381d8a\-4853\-47ae\-b0d0\-dea8bfbc7ac4\.config
package	Run actions/checkout@3d3c42e5aac5ba805825da76410c181273ba90b1	2026-09-14T23:41:47.0022573Z [command]/usr/bin/git config --local --get-all includeif.gitdir:/__w/opf-editor/opf-editor/opf/.git/worktrees/*.path
package	Run actions/checkout@3d3c42e5aac5ba805825da76410c181273ba90b1	2026-09-14T23:41:47.0049368Z /__w/_temp/git-credentials-09381d8a-4853-47ae-b0d0-dea8bfbc7ac4.config
package	Run actions/checkout@3d3c42e5aac5ba805825da76410c181273ba90b1	2026-09-14T23:41:47.0059911Z [command]/usr/bin/git config --local --unset includeif.gitdir:/__w/opf-editor/opf-editor/opf/.git/worktrees/*.path \/__w\/_temp\/git\-credentials\-09381d8a\-4853\-47ae\-b0d0\-dea8bfbc7ac4\.config
package	Run actions/checkout@3d3c42e5aac5ba805825da76410c181273ba90b1	2026-09-14T23:41:47.0098822Z [command]/usr/bin/git config --local --get-all includeif.gitdir:/github/workspace/opf/.git.path
package	Run actions/checkout@3d3c42e5aac5ba805825da76410c181273ba90b1	2026-09-14T23:41:47.0124971Z /github/runner_temp/git-credentials-09381d8a-4853-47ae-b0d0-dea8bfbc7ac4.config
package	Run actions/checkout@3d3c42e5aac5ba805825da76410c181273ba90b1	2026-09-14T23:41:47.0140196Z [command]/usr/bin/git config --local --unset includeif.gitdir:/github/workspace/opf/.git.path \/github\/runner_temp\/git\-credentials\-09381d8a\-4853\-47ae\-b0d0\-dea8bfbc7ac4\.config
package	Run actions/checkout@3d3c42e5aac5ba805825da76410c181273ba90b1	2026-09-14T23:41:47.0179043Z [command]/usr/bin/git config --local --get-all includeif.gitdir:/github/workspace/opf/.git/worktrees/*.path
package	Run actions/checkout@3d3c42e5aac5ba805825da76410c181273ba90b1	2026-09-14T23:41:47.0206030Z /github/runner_temp/git-credentials-09381d8a-4853-47ae-b0d0-dea8bfbc7ac4.config
package	Run actions/checkout@3d3c42e5aac5ba805825da76410c181273ba90b1	2026-09-14T23:41:47.0213915Z [command]/usr/bin/git config --local --unset includeif.gitdir:/github/workspace/opf/.git/worktrees/*.path \/github\/runner_temp\/git\-credentials\-09381d8a\-4853\-47ae\-b0d0\-dea8bfbc7ac4\.config
package	Run actions/checkout@3d3c42e5aac5ba805825da76410c181273ba90b1	2026-09-14T23:41:47.0249318Z [command]/usr/bin/git submodule foreach --recursive git config --local --show-origin --name-only --get-regexp remote.origin.url
package	Run actions/checkout@3d3c42e5aac5ba805825da76410c181273ba90b1	2026-09-14T23:41:47.0512896Z Removing credentials config '/__w/_temp/git-credentials-09381d8a-4853-47ae-b0d0-dea8bfbc7ac4.config'
package	Run actions/checkout@3d3c42e5aac5ba805825da76410c181273ba90b1	2026-09-14T23:41:47.0523562Z ##[endgroup]
package	Run actions/checkout@3d3c42e5aac5ba805825da76410c181273ba90b1	﻿2026-09-14T23:41:47.0706600Z ##[group]Run actions/checkout@3d3c42e5aac5ba805825da76410c181273ba90b1
package	Run actions/checkout@3d3c42e5aac5ba805825da76410c181273ba90b1	2026-09-14T23:41:47.0707006Z with:
package	Run actions/checkout@3d3c42e5aac5ba805825da76410c181273ba90b1	2026-09-14T23:41:47.0707235Z   repository: OpenPresentation/opf-render
package	Run actions/checkout@3d3c42e5aac5ba805825da76410c181273ba90b1	2026-09-14T23:41:47.0707546Z   ref: d0ff86abe6e67436a5674778605bc8562314ad1c
package	Run actions/checkout@3d3c42e5aac5ba805825da76410c181273ba90b1	2026-09-14T23:41:47.0707840Z   path: opf-render
package	Run actions/checkout@3d3c42e5aac5ba805825da76410c181273ba90b1	2026-09-14T23:41:47.0708061Z   fetch-depth: 0
package	Run actions/checkout@3d3c42e5aac5ba805825da76410c181273ba90b1	2026-09-14T23:41:47.0708277Z   persist-credentials: false
package	Run actions/checkout@3d3c42e5aac5ba805825da76410c181273ba90b1	2026-09-14T23:41:47.0711007Z   token: ***
package	Run actions/checkout@3d3c42e5aac5ba805825da76410c181273ba90b1	2026-09-14T23:41:47.0711606Z   ssh-strict: true
package	Run actions/checkout@3d3c42e5aac5ba805825da76410c181273ba90b1	2026-09-14T23:41:47.0711821Z   ssh-user: git
package	Run actions/checkout@3d3c42e5aac5ba805825da76410c181273ba90b1	2026-09-14T23:41:47.0712018Z   clean: true
package	Run actions/checkout@3d3c42e5aac5ba805825da76410c181273ba90b1	2026-09-14T23:41:47.0712235Z   sparse-checkout-cone-mode: true
package	Run actions/checkout@3d3c42e5aac5ba805825da76410c181273ba90b1	2026-09-14T23:41:47.0712494Z   fetch-tags: false
package	Run actions/checkout@3d3c42e5aac5ba805825da76410c181273ba90b1	2026-09-14T23:41:47.0712703Z   show-progress: true
package	Run actions/checkout@3d3c42e5aac5ba805825da76410c181273ba90b1	2026-09-14T23:41:47.0712911Z   lfs: false
package	Run actions/checkout@3d3c42e5aac5ba805825da76410c181273ba90b1	2026-09-14T23:41:47.0713097Z   submodules: false
package	Run actions/checkout@3d3c42e5aac5ba805825da76410c181273ba90b1	2026-09-14T23:41:47.0713312Z   set-safe-directory: true
package	Run actions/checkout@3d3c42e5aac5ba805825da76410c181273ba90b1	2026-09-14T23:41:47.0713568Z   allow-unsafe-pr-checkout: false
package	Run actions/checkout@3d3c42e5aac5ba805825da76410c181273ba90b1	2026-09-14T23:41:47.0713812Z env:
package	Run actions/checkout@3d3c42e5aac5ba805825da76410c181273ba90b1	2026-09-14T23:41:47.0714306Z   OPF_GOLDEN_BASELINE: /home/runner/work/opf-editor/opf-editor/opf-render/test/golden/opf-examples-png.furniture.sha256.json
package	Run actions/checkout@3d3c42e5aac5ba805825da76410c181273ba90b1	2026-09-14T23:41:47.0714909Z ##[endgroup]
package	Run actions/checkout@3d3c42e5aac5ba805825da76410c181273ba90b1	2026-09-14T23:41:47.0722794Z ##[command]/usr/bin/docker exec  3fc51460f7ba39ab2d82b5d2af7e106c85e2033f2f918671515e7aeac43ac677 sh -c "cat /etc/*release | grep ^ID"
package	Run actions/checkout@3d3c42e5aac5ba805825da76410c181273ba90b1	2026-09-14T23:41:47.2559741Z Syncing repository: OpenPresentation/opf-render
package	Run actions/checkout@3d3c42e5aac5ba805825da76410c181273ba90b1	2026-09-14T23:41:47.2567146Z ##[group]Getting Git version info
package	Run actions/checkout@3d3c42e5aac5ba805825da76410c181273ba90b1	2026-09-14T23:41:47.2568455Z Working directory is '/__w/opf-editor/opf-editor/opf-render'
package	Run actions/checkout@3d3c42e5aac5ba805825da76410c181273ba90b1	2026-09-14T23:41:47.2601512Z [command]/usr/bin/git version
package	Run actions/checkout@3d3c42e5aac5ba805825da76410c181273ba90b1	2026-09-14T23:41:47.2666978Z git version 2.43.0
package	Run actions/checkout@3d3c42e5aac5ba805825da76410c181273ba90b1	2026-09-14T23:41:47.2693427Z ##[endgroup]
package	Run actions/checkout@3d3c42e5aac5ba805825da76410c181273ba90b1	2026-09-14T23:41:47.2715607Z Temporarily overriding HOME='/__w/_temp/8b1ce10c-1e03-41f4-9ad1-c41e7097ef9c' before making global git config changes
package	Run actions/checkout@3d3c42e5aac5ba805825da76410c181273ba90b1	2026-09-14T23:41:47.2717347Z Adding repository directory to the temporary git global config as a safe directory
package	Run actions/checkout@3d3c42e5aac5ba805825da76410c181273ba90b1	2026-09-14T23:41:47.2718689Z [command]/usr/bin/git config --global --add safe.directory /__w/opf-editor/opf-editor/opf-render
package	Run actions/checkout@3d3c42e5aac5ba805825da76410c181273ba90b1	2026-09-14T23:41:47.2759833Z ##[group]Determining repository object format
package	Run actions/checkout@3d3c42e5aac5ba805825da76410c181273ba90b1	2026-09-14T23:41:47.2761816Z ##[endgroup]
package	Run actions/checkout@3d3c42e5aac5ba805825da76410c181273ba90b1	2026-09-14T23:41:47.2762795Z ##[group]Initializing the repository
package	Run actions/checkout@3d3c42e5aac5ba805825da76410c181273ba90b1	2026-09-14T23:41:47.2766617Z [command]/usr/bin/git init /__w/opf-editor/opf-editor/opf-render
package	Run actions/checkout@3d3c42e5aac5ba805825da76410c181273ba90b1	2026-09-14T23:41:47.2812945Z hint: Using 'master' as the name for the initial branch. This default branch name
package	Run actions/checkout@3d3c42e5aac5ba805825da76410c181273ba90b1	2026-09-14T23:41:47.2822454Z hint: is subject to change. To configure the initial branch name to use in all
package	Run actions/checkout@3d3c42e5aac5ba805825da76410c181273ba90b1	2026-09-14T23:41:47.2833253Z hint: of your new repositories, which will suppress this warning, call:
package	Run actions/checkout@3d3c42e5aac5ba805825da76410c181273ba90b1	2026-09-14T23:41:47.2834387Z hint: 
package	Run actions/checkout@3d3c42e5aac5ba805825da76410c181273ba90b1	2026-09-14T23:41:47.2836609Z hint: 	git config --global init.defaultBranch <name>
package	Run actions/checkout@3d3c42e5aac5ba805825da76410c181273ba90b1	2026-09-14T23:41:47.2837875Z hint: 
package	Run actions/checkout@3d3c42e5aac5ba805825da76410c181273ba90b1	2026-09-14T23:41:47.2839104Z hint: Names commonly chosen instead of 'master' are 'main', 'trunk' and
package	Run actions/checkout@3d3c42e5aac5ba805825da76410c181273ba90b1	2026-09-14T23:41:47.2840527Z hint: 'development'. The just-created branch can be renamed via this command:
package	Run actions/checkout@3d3c42e5aac5ba805825da76410c181273ba90b1	2026-09-14T23:41:47.2843066Z hint: 
package	Run actions/checkout@3d3c42e5aac5ba805825da76410c181273ba90b1	2026-09-14T23:41:47.2844297Z hint: 	git branch -m <name>
package	Run actions/checkout@3d3c42e5aac5ba805825da76410c181273ba90b1	2026-09-14T23:41:47.2845861Z Initialized empty Git repository in /__w/opf-editor/opf-editor/opf-render/.git/
package	Run actions/checkout@3d3c42e5aac5ba805825da76410c181273ba90b1	2026-09-14T23:41:47.2848521Z [command]/usr/bin/git remote add origin https://github.com/OpenPresentation/opf-render
package	Run actions/checkout@3d3c42e5aac5ba805825da76410c181273ba90b1	2026-09-14T23:41:47.2887028Z ##[endgroup]
package	Run actions/checkout@3d3c42e5aac5ba805825da76410c181273ba90b1	2026-09-14T23:41:47.2889185Z ##[group]Disabling automatic garbage collection
package	Run actions/checkout@3d3c42e5aac5ba805825da76410c181273ba90b1	2026-09-14T23:41:47.2891732Z [command]/usr/bin/git config --local gc.auto 0
package	Run actions/checkout@3d3c42e5aac5ba805825da76410c181273ba90b1	2026-09-14T23:41:47.2948385Z ##[endgroup]
package	Run actions/checkout@3d3c42e5aac5ba805825da76410c181273ba90b1	2026-09-14T23:41:47.2949329Z ##[group]Setting up auth
package	Run actions/checkout@3d3c42e5aac5ba805825da76410c181273ba90b1	2026-09-14T23:41:47.2953355Z Removing SSH command configuration
package	Run actions/checkout@3d3c42e5aac5ba805825da76410c181273ba90b1	2026-09-14T23:41:47.2954080Z [command]/usr/bin/git config --local --name-only --get-regexp core\.sshCommand
package	Run actions/checkout@3d3c42e5aac5ba805825da76410c181273ba90b1	2026-09-14T23:41:47.2984940Z [command]/usr/bin/git submodule foreach --recursive sh -c "git config --local --name-only --get-regexp 'core\.sshCommand' && git config --local --unset-all 'core.sshCommand' || :"
package	Run actions/checkout@3d3c42e5aac5ba805825da76410c181273ba90b1	2026-09-14T23:41:47.3260763Z Removing HTTP extra header
package	Run actions/checkout@3d3c42e5aac5ba805825da76410c181273ba90b1	2026-09-14T23:41:47.3272956Z [command]/usr/bin/git config --local --name-only --get-regexp http\.https\:\/\/github\.com\/\.extraheader
package	Run actions/checkout@3d3c42e5aac5ba805825da76410c181273ba90b1	2026-09-14T23:41:47.3303856Z [command]/usr/bin/git submodule foreach --recursive sh -c "git config --local --name-only --get-regexp 'http\.https\:\/\/github\.com\/\.extraheader' && git config --local --unset-all 'http.https://github.com/.extraheader' || :"
package	Run actions/checkout@3d3c42e5aac5ba805825da76410c181273ba90b1	2026-09-14T23:41:47.3579794Z Removing includeIf entries pointing to credentials config files
package	Run actions/checkout@3d3c42e5aac5ba805825da76410c181273ba90b1	2026-09-14T23:41:47.3585617Z [command]/usr/bin/git config --local --name-only --get-regexp ^includeIf\.gitdir:
package	Run actions/checkout@3d3c42e5aac5ba805825da76410c181273ba90b1	2026-09-14T23:41:47.3625544Z [command]/usr/bin/git submodule foreach --recursive git config --local --show-origin --name-only --get-regexp remote.origin.url
package	Run actions/checkout@3d3c42e5aac5ba805825da76410c181273ba90b1	2026-09-14T23:41:47.3903420Z [command]/usr/bin/git config --file /__w/_temp/git-credentials-e157de94-a222-4402-8d58-4ee7904e3dee.config http.https://github.com/.extraheader AUTHORIZATION: basic ***
package	Run actions/checkout@3d3c42e5aac5ba805825da76410c181273ba90b1	2026-09-14T23:41:47.3945922Z [command]/usr/bin/git config --local includeIf.gitdir:/__w/opf-editor/opf-editor/opf-render/.git.path /__w/_temp/git-credentials-e157de94-a222-4402-8d58-4ee7904e3dee.config
package	Run actions/checkout@3d3c42e5aac5ba805825da76410c181273ba90b1	2026-09-14T23:41:47.3990524Z [command]/usr/bin/git config --local includeIf.gitdir:/__w/opf-editor/opf-editor/opf-render/.git/worktrees/*.path /__w/_temp/git-credentials-e157de94-a222-4402-8d58-4ee7904e3dee.config
package	Run actions/checkout@3d3c42e5aac5ba805825da76410c181273ba90b1	2026-09-14T23:41:47.4019483Z [command]/usr/bin/git config --local includeIf.gitdir:/github/workspace/opf-render/.git.path /github/runner_temp/git-credentials-e157de94-a222-4402-8d58-4ee7904e3dee.config
package	Run actions/checkout@3d3c42e5aac5ba805825da76410c181273ba90b1	2026-09-14T23:41:47.4055427Z [command]/usr/bin/git config --local includeIf.gitdir:/github/workspace/opf-render/.git/worktrees/*.path /github/runner_temp/git-credentials-e157de94-a222-4402-8d58-4ee7904e3dee.config
package	Run actions/checkout@3d3c42e5aac5ba805825da76410c181273ba90b1	2026-09-14T23:41:47.4087646Z ##[endgroup]
package	Run actions/checkout@3d3c42e5aac5ba805825da76410c181273ba90b1	2026-09-14T23:41:47.4088285Z ##[group]Fetching the repository
package	Run actions/checkout@3d3c42e5aac5ba805825da76410c181273ba90b1	2026-09-14T23:41:47.4095714Z [command]/usr/bin/git -c protocol.version=2 fetch --no-tags --prune --no-recurse-submodules origin +refs/heads/*:refs/remotes/origin/* +refs/tags/*:refs/tags/*
package	Run actions/checkout@3d3c42e5aac5ba805825da76410c181273ba90b1	2026-09-14T23:41:51.3171027Z From https://github.com/OpenPresentation/opf-render
package	Run actions/checkout@3d3c42e5aac5ba805825da76410c181273ba90b1	2026-09-14T23:41:51.3172514Z  * [new branch]      codex/shared-furniture-20260910 -> origin/codex/shared-furniture-20260910
package	Run actions/checkout@3d3c42e5aac5ba805825da76410c181273ba90b1	2026-09-14T23:41:51.3173695Z  * [new branch]      codex/shared-furniture-20260914 -> origin/codex/shared-furniture-20260914
package	Run actions/checkout@3d3c42e5aac5ba805825da76410c181273ba90b1	2026-09-14T23:41:51.3174550Z  * [new branch]      main              -> origin/main
package	Run actions/checkout@3d3c42e5aac5ba805825da76410c181273ba90b1	2026-09-14T23:41:51.3175062Z  * [new tag]         opf-render-v0.1.0 -> opf-render-v0.1.0
package	Run actions/checkout@3d3c42e5aac5ba805825da76410c181273ba90b1	2026-09-14T23:41:51.3176970Z  * [new tag]         opf-render-v0.1.1 -> opf-render-v0.1.1
package	Run actions/checkout@3d3c42e5aac5ba805825da76410c181273ba90b1	2026-09-14T23:41:51.3177685Z  * [new tag]         opf-render-v0.2.0 -> opf-render-v0.2.0
package	Run actions/checkout@3d3c42e5aac5ba805825da76410c181273ba90b1	2026-09-14T23:41:51.3178418Z  * [new tag]         opf-render-v0.3.0 -> opf-render-v0.3.0
package	Run actions/checkout@3d3c42e5aac5ba805825da76410c181273ba90b1	2026-09-14T23:41:51.3179247Z  * [new tag]         opf-render-v0.4.0 -> opf-render-v0.4.0
package	Run actions/checkout@3d3c42e5aac5ba805825da76410c181273ba90b1	2026-09-14T23:41:51.3182673Z  * [new tag]         opf-render-v0.5.0 -> opf-render-v0.5.0
package	Run actions/checkout@3d3c42e5aac5ba805825da76410c181273ba90b1	2026-09-14T23:41:51.3189692Z  * [new tag]         opf-render-v0.5.1 -> opf-render-v0.5.1
package	Run actions/checkout@3d3c42e5aac5ba805825da76410c181273ba90b1	2026-09-14T23:41:51.3190215Z  * [new tag]         opf-render-v0.6.0 -> opf-render-v0.6.0
package	Run actions/checkout@3d3c42e5aac5ba805825da76410c181273ba90b1	2026-09-14T23:41:51.3190611Z  * [new tag]         opf-render-v0.7.0 -> opf-render-v0.7.0
package	Run actions/checkout@3d3c42e5aac5ba805825da76410c181273ba90b1	2026-09-14T23:41:51.3217485Z [command]/usr/bin/git rev-parse --verify --quiet d0ff86abe6e67436a5674778605bc8562314ad1c^{object}
package	Run actions/checkout@3d3c42e5aac5ba805825da76410c181273ba90b1	2026-09-14T23:41:51.3248538Z d0ff86abe6e67436a5674778605bc8562314ad1c
package	Run actions/checkout@3d3c42e5aac5ba805825da76410c181273ba90b1	2026-09-14T23:41:51.3253360Z ##[endgroup]
package	Run actions/checkout@3d3c42e5aac5ba805825da76410c181273ba90b1	2026-09-14T23:41:51.3254090Z ##[group]Determining the checkout info
package	Run actions/checkout@3d3c42e5aac5ba805825da76410c181273ba90b1	2026-09-14T23:41:51.3255015Z ##[endgroup]
package	Run actions/checkout@3d3c42e5aac5ba805825da76410c181273ba90b1	2026-09-14T23:41:51.3258716Z [command]/usr/bin/git sparse-checkout disable
package	Run actions/checkout@3d3c42e5aac5ba805825da76410c181273ba90b1	2026-09-14T23:41:51.3302801Z [command]/usr/bin/git config --local --unset-all extensions.worktreeConfig
package	Run actions/checkout@3d3c42e5aac5ba805825da76410c181273ba90b1	2026-09-14T23:41:51.3337161Z ##[group]Checking out the ref
package	Run actions/checkout@3d3c42e5aac5ba805825da76410c181273ba90b1	2026-09-14T23:41:51.3340698Z [command]/usr/bin/git checkout --progress --force d0ff86abe6e67436a5674778605bc8562314ad1c
package	Run actions/checkout@3d3c42e5aac5ba805825da76410c181273ba90b1	2026-09-14T23:41:51.5707600Z Note: switching to 'd0ff86abe6e67436a5674778605bc8562314ad1c'.
package	Run actions/checkout@3d3c42e5aac5ba805825da76410c181273ba90b1	2026-09-14T23:41:51.5708747Z 
package	Run actions/checkout@3d3c42e5aac5ba805825da76410c181273ba90b1	2026-09-14T23:41:51.5709111Z You are in 'detached HEAD' state. You can look around, make experimental
package	Run actions/checkout@3d3c42e5aac5ba805825da76410c181273ba90b1	2026-09-14T23:41:51.5709935Z changes and commit them, and you can discard any commits you make in this
package	Run actions/checkout@3d3c42e5aac5ba805825da76410c181273ba90b1	2026-09-14T23:41:51.5710745Z state without impacting any branches by switching back to a branch.
package	Run actions/checkout@3d3c42e5aac5ba805825da76410c181273ba90b1	2026-09-14T23:41:51.5711473Z 
package	Run actions/checkout@3d3c42e5aac5ba805825da76410c181273ba90b1	2026-09-14T23:41:51.5711789Z If you want to create a new branch to retain commits you create, you may
package	Run actions/checkout@3d3c42e5aac5ba805825da76410c181273ba90b1	2026-09-14T23:41:51.5712554Z do so (now or later) by using -c with the switch command. Example:
package	Run actions/checkout@3d3c42e5aac5ba805825da76410c181273ba90b1	2026-09-14T23:41:51.5712988Z 
package	Run actions/checkout@3d3c42e5aac5ba805825da76410c181273ba90b1	2026-09-14T23:41:51.5713166Z   git switch -c <new-branch-name>
package	Run actions/checkout@3d3c42e5aac5ba805825da76410c181273ba90b1	2026-09-14T23:41:51.5713449Z 
package	Run actions/checkout@3d3c42e5aac5ba805825da76410c181273ba90b1	2026-09-14T23:41:51.5713615Z Or undo this operation with:
package	Run actions/checkout@3d3c42e5aac5ba805825da76410c181273ba90b1	2026-09-14T23:41:51.5713880Z 
package	Run actions/checkout@3d3c42e5aac5ba805825da76410c181273ba90b1	2026-09-14T23:41:51.5714028Z   git switch -
package	Run actions/checkout@3d3c42e5aac5ba805825da76410c181273ba90b1	2026-09-14T23:41:51.5714236Z 
package	Run actions/checkout@3d3c42e5aac5ba805825da76410c181273ba90b1	2026-09-14T23:41:51.5714590Z Turn off this advice by setting config variable advice.detachedHead to false
package	Run actions/checkout@3d3c42e5aac5ba805825da76410c181273ba90b1	2026-09-14T23:41:51.5715124Z 
package	Run actions/checkout@3d3c42e5aac5ba805825da76410c181273ba90b1	2026-09-14T23:41:51.5715461Z HEAD is now at d0ff86a Review and accept shared furniture raster baseline
package	Run actions/checkout@3d3c42e5aac5ba805825da76410c181273ba90b1	2026-09-14T23:41:51.5731496Z ##[endgroup]
package	Run actions/checkout@3d3c42e5aac5ba805825da76410c181273ba90b1	2026-09-14T23:41:51.5776505Z [command]/usr/bin/git log -1 --format=%H
package	Run actions/checkout@3d3c42e5aac5ba805825da76410c181273ba90b1	2026-09-14T23:41:51.5807391Z d0ff86abe6e67436a5674778605bc8562314ad1c
package	Run actions/checkout@3d3c42e5aac5ba805825da76410c181273ba90b1	2026-09-14T23:41:51.5818331Z ##[group]Removing auth
package	Run actions/checkout@3d3c42e5aac5ba805825da76410c181273ba90b1	2026-09-14T23:41:51.5819158Z Removing SSH command configuration
package	Run actions/checkout@3d3c42e5aac5ba805825da76410c181273ba90b1	2026-09-14T23:41:51.5822350Z [command]/usr/bin/git config --local --name-only --get-regexp core\.sshCommand
package	Run actions/checkout@3d3c42e5aac5ba805825da76410c181273ba90b1	2026-09-14T23:41:51.5860742Z [command]/usr/bin/git submodule foreach --recursive sh -c "git config --local --name-only --get-regexp 'core\.sshCommand' && git config --local --unset-all 'core.sshCommand' || :"
package	Run actions/checkout@3d3c42e5aac5ba805825da76410c181273ba90b1	2026-09-14T23:41:51.6118916Z Removing HTTP extra header
package	Run actions/checkout@3d3c42e5aac5ba805825da76410c181273ba90b1	2026-09-14T23:41:51.6122404Z [command]/usr/bin/git config --local --name-only --get-regexp http\.https\:\/\/github\.com\/\.extraheader
package	Run actions/checkout@3d3c42e5aac5ba805825da76410c181273ba90b1	2026-09-14T23:41:51.6162926Z [command]/usr/bin/git submodule foreach --recursive sh -c "git config --local --name-only --get-regexp 'http\.https\:\/\/github\.com\/\.extraheader' && git config --local --unset-all 'http.https://github.com/.extraheader' || :"
package	Run actions/checkout@3d3c42e5aac5ba805825da76410c181273ba90b1	2026-09-14T23:41:51.6422926Z Removing includeIf entries pointing to credentials config files
package	Run actions/checkout@3d3c42e5aac5ba805825da76410c181273ba90b1	2026-09-14T23:41:51.6426928Z [command]/usr/bin/git config --local --name-only --get-regexp ^includeIf\.gitdir:
package	Run actions/checkout@3d3c42e5aac5ba805825da76410c181273ba90b1	2026-09-14T23:41:51.6457105Z includeif.gitdir:/__w/opf-editor/opf-editor/opf-render/.git.path
package	Run actions/checkout@3d3c42e5aac5ba805825da76410c181273ba90b1	2026-09-14T23:41:51.6458305Z includeif.gitdir:/__w/opf-editor/opf-editor/opf-render/.git/worktrees/*.path
package	Run actions/checkout@3d3c42e5aac5ba805825da76410c181273ba90b1	2026-09-14T23:41:51.6459360Z includeif.gitdir:/github/workspace/opf-render/.git.path
package	Run actions/checkout@3d3c42e5aac5ba805825da76410c181273ba90b1	2026-09-14T23:41:51.6460229Z includeif.gitdir:/github/workspace/opf-render/.git/worktrees/*.path
package	Run actions/checkout@3d3c42e5aac5ba805825da76410c181273ba90b1	2026-09-14T23:41:51.6468052Z [command]/usr/bin/git config --local --get-all includeif.gitdir:/__w/opf-editor/opf-editor/opf-render/.git.path
package	Run actions/checkout@3d3c42e5aac5ba805825da76410c181273ba90b1	2026-09-14T23:41:51.6496386Z /__w/_temp/git-credentials-e157de94-a222-4402-8d58-4ee7904e3dee.config
package	Run actions/checkout@3d3c42e5aac5ba805825da76410c181273ba90b1	2026-09-14T23:41:51.6507097Z [command]/usr/bin/git config --local --unset includeif.gitdir:/__w/opf-editor/opf-editor/opf-render/.git.path \/__w\/_temp\/git\-credentials\-e157de94\-a222\-4402\-8d58\-4ee7904e3dee\.config
package	Run actions/checkout@3d3c42e5aac5ba805825da76410c181273ba90b1	2026-09-14T23:41:51.6545828Z [command]/usr/bin/git config --local --get-all includeif.gitdir:/__w/opf-editor/opf-editor/opf-render/.git/worktrees/*.path
package	Run actions/checkout@3d3c42e5aac5ba805825da76410c181273ba90b1	2026-09-14T23:41:51.6575007Z /__w/_temp/git-credentials-e157de94-a222-4402-8d58-4ee7904e3dee.config
package	Run actions/checkout@3d3c42e5aac5ba805825da76410c181273ba90b1	2026-09-14T23:41:51.6586561Z [command]/usr/bin/git config --local --unset includeif.gitdir:/__w/opf-editor/opf-editor/opf-render/.git/worktrees/*.path \/__w\/_temp\/git\-credentials\-e157de94\-a222\-4402\-8d58\-4ee7904e3dee\.config
package	Run actions/checkout@3d3c42e5aac5ba805825da76410c181273ba90b1	2026-09-14T23:41:51.6626451Z [command]/usr/bin/git config --local --get-all includeif.gitdir:/github/workspace/opf-render/.git.path
package	Run actions/checkout@3d3c42e5aac5ba805825da76410c181273ba90b1	2026-09-14T23:41:51.6654030Z /github/runner_temp/git-credentials-e157de94-a222-4402-8d58-4ee7904e3dee.config
package	Run actions/checkout@3d3c42e5aac5ba805825da76410c181273ba90b1	2026-09-14T23:41:51.6666615Z [command]/usr/bin/git config --local --unset includeif.gitdir:/github/workspace/opf-render/.git.path \/github\/runner_temp\/git\-credentials\-e157de94\-a222\-4402\-8d58\-4ee7904e3dee\.config
package	Run actions/checkout@3d3c42e5aac5ba805825da76410c181273ba90b1	2026-09-14T23:41:51.6708450Z [command]/usr/bin/git config --local --get-all includeif.gitdir:/github/workspace/opf-render/.git/worktrees/*.path
package	Run actions/checkout@3d3c42e5aac5ba805825da76410c181273ba90b1	2026-09-14T23:41:51.6736525Z /github/runner_temp/git-credentials-e157de94-a222-4402-8d58-4ee7904e3dee.config
package	Run actions/checkout@3d3c42e5aac5ba805825da76410c181273ba90b1	2026-09-14T23:41:51.6745315Z [command]/usr/bin/git config --local --unset includeif.gitdir:/github/workspace/opf-render/.git/worktrees/*.path \/github\/runner_temp\/git\-credentials\-e157de94\-a222\-4402\-8d58\-4ee7904e3dee\.config
package	Run actions/checkout@3d3c42e5aac5ba805825da76410c181273ba90b1	2026-09-14T23:41:51.6783969Z [command]/usr/bin/git submodule foreach --recursive git config --local --show-origin --name-only --get-regexp remote.origin.url
package	Run actions/checkout@3d3c42e5aac5ba805825da76410c181273ba90b1	2026-09-14T23:41:51.7036233Z Removing credentials config '/__w/_temp/git-credentials-e157de94-a222-4402-8d58-4ee7904e3dee.config'
package	Run actions/checkout@3d3c42e5aac5ba805825da76410c181273ba90b1	2026-09-14T23:41:51.7046128Z ##[endgroup]
package	Run actions/checkout@3d3c42e5aac5ba805825da76410c181273ba90b1	﻿2026-09-14T23:41:51.7230101Z ##[group]Run actions/checkout@3d3c42e5aac5ba805825da76410c181273ba90b1
package	Run actions/checkout@3d3c42e5aac5ba805825da76410c181273ba90b1	2026-09-14T23:41:51.7230542Z with:
package	Run actions/checkout@3d3c42e5aac5ba805825da76410c181273ba90b1	2026-09-14T23:41:51.7230772Z   repository: OpenPresentation/opf-pptx
package	Run actions/checkout@3d3c42e5aac5ba805825da76410c181273ba90b1	2026-09-14T23:41:51.7231411Z   ref: ca4e13574400f059246dc67e8abf6591dcd663da
package	Run actions/checkout@3d3c42e5aac5ba805825da76410c181273ba90b1	2026-09-14T23:41:51.7231740Z   path: opf-pptx
package	Run actions/checkout@3d3c42e5aac5ba805825da76410c181273ba90b1	2026-09-14T23:41:51.7231950Z   fetch-depth: 0
package	Run actions/checkout@3d3c42e5aac5ba805825da76410c181273ba90b1	2026-09-14T23:41:51.7232165Z   persist-credentials: false
package	Run actions/checkout@3d3c42e5aac5ba805825da76410c181273ba90b1	2026-09-14T23:41:51.7235140Z   token: ***
package	Run actions/checkout@3d3c42e5aac5ba805825da76410c181273ba90b1	2026-09-14T23:41:51.7235348Z   ssh-strict: true
package	Run actions/checkout@3d3c42e5aac5ba805825da76410c181273ba90b1	2026-09-14T23:41:51.7235558Z   ssh-user: git
package	Run actions/checkout@3d3c42e5aac5ba805825da76410c181273ba90b1	2026-09-14T23:41:51.7235754Z   clean: true
package	Run actions/checkout@3d3c42e5aac5ba805825da76410c181273ba90b1	2026-09-14T23:41:51.7235967Z   sparse-checkout-cone-mode: true
package	Run actions/checkout@3d3c42e5aac5ba805825da76410c181273ba90b1	2026-09-14T23:41:51.7236221Z   fetch-tags: false
package	Run actions/checkout@3d3c42e5aac5ba805825da76410c181273ba90b1	2026-09-14T23:41:51.7236428Z   show-progress: true
package	Run actions/checkout@3d3c42e5aac5ba805825da76410c181273ba90b1	2026-09-14T23:41:51.7236635Z   lfs: false
package	Run actions/checkout@3d3c42e5aac5ba805825da76410c181273ba90b1	2026-09-14T23:41:51.7236823Z   submodules: false
package	Run actions/checkout@3d3c42e5aac5ba805825da76410c181273ba90b1	2026-09-14T23:41:51.7237040Z   set-safe-directory: true
package	Run actions/checkout@3d3c42e5aac5ba805825da76410c181273ba90b1	2026-09-14T23:41:51.7237289Z   allow-unsafe-pr-checkout: false
package	Run actions/checkout@3d3c42e5aac5ba805825da76410c181273ba90b1	2026-09-14T23:41:51.7237531Z env:
package	Run actions/checkout@3d3c42e5aac5ba805825da76410c181273ba90b1	2026-09-14T23:41:51.7238024Z   OPF_GOLDEN_BASELINE: /home/runner/work/opf-editor/opf-editor/opf-render/test/golden/opf-examples-png.furniture.sha256.json
package	Run actions/checkout@3d3c42e5aac5ba805825da76410c181273ba90b1	2026-09-14T23:41:51.7238647Z ##[endgroup]
package	Run actions/checkout@3d3c42e5aac5ba805825da76410c181273ba90b1	2026-09-14T23:41:51.7246624Z ##[command]/usr/bin/docker exec  3fc51460f7ba39ab2d82b5d2af7e106c85e2033f2f918671515e7aeac43ac677 sh -c "cat /etc/*release | grep ^ID"
package	Run actions/checkout@3d3c42e5aac5ba805825da76410c181273ba90b1	2026-09-14T23:41:51.9058834Z Syncing repository: OpenPresentation/opf-pptx
package	Run actions/checkout@3d3c42e5aac5ba805825da76410c181273ba90b1	2026-09-14T23:41:51.9067708Z ##[group]Getting Git version info
package	Run actions/checkout@3d3c42e5aac5ba805825da76410c181273ba90b1	2026-09-14T23:41:51.9071607Z Working directory is '/__w/opf-editor/opf-editor/opf-pptx'
package	Run actions/checkout@3d3c42e5aac5ba805825da76410c181273ba90b1	2026-09-14T23:41:51.9109972Z [command]/usr/bin/git version
package	Run actions/checkout@3d3c42e5aac5ba805825da76410c181273ba90b1	2026-09-14T23:41:51.9153795Z git version 2.43.0
package	Run actions/checkout@3d3c42e5aac5ba805825da76410c181273ba90b1	2026-09-14T23:41:51.9193050Z ##[endgroup]
package	Run actions/checkout@3d3c42e5aac5ba805825da76410c181273ba90b1	2026-09-14T23:41:51.9195302Z Temporarily overriding HOME='/__w/_temp/a788c089-822f-4faa-b7fe-99d16fe9d3fc' before making global git config changes
package	Run actions/checkout@3d3c42e5aac5ba805825da76410c181273ba90b1	2026-09-14T23:41:51.9196857Z Adding repository directory to the temporary git global config as a safe directory
package	Run actions/checkout@3d3c42e5aac5ba805825da76410c181273ba90b1	2026-09-14T23:41:51.9203766Z [command]/usr/bin/git config --global --add safe.directory /__w/opf-editor/opf-editor/opf-pptx
package	Run actions/checkout@3d3c42e5aac5ba805825da76410c181273ba90b1	2026-09-14T23:41:51.9244694Z ##[group]Determining repository object format
package	Run actions/checkout@3d3c42e5aac5ba805825da76410c181273ba90b1	2026-09-14T23:41:51.9245545Z ##[endgroup]
package	Run actions/checkout@3d3c42e5aac5ba805825da76410c181273ba90b1	2026-09-14T23:41:51.9246203Z ##[group]Initializing the repository
package	Run actions/checkout@3d3c42e5aac5ba805825da76410c181273ba90b1	2026-09-14T23:41:51.9272163Z [command]/usr/bin/git init /__w/opf-editor/opf-editor/opf-pptx
package	Run actions/checkout@3d3c42e5aac5ba805825da76410c181273ba90b1	2026-09-14T23:41:51.9298859Z hint: Using 'master' as the name for the initial branch. This default branch name
package	Run actions/checkout@3d3c42e5aac5ba805825da76410c181273ba90b1	2026-09-14T23:41:51.9306155Z hint: is subject to change. To configure the initial branch name to use in all
package	Run actions/checkout@3d3c42e5aac5ba805825da76410c181273ba90b1	2026-09-14T23:41:51.9307065Z hint: of your new repositories, which will suppress this warning, call:
package	Run actions/checkout@3d3c42e5aac5ba805825da76410c181273ba90b1	2026-09-14T23:41:51.9307678Z hint: 
package	Run actions/checkout@3d3c42e5aac5ba805825da76410c181273ba90b1	2026-09-14T23:41:51.9308077Z hint: 	git config --global init.defaultBranch <name>
package	Run actions/checkout@3d3c42e5aac5ba805825da76410c181273ba90b1	2026-09-14T23:41:51.9308574Z hint: 
package	Run actions/checkout@3d3c42e5aac5ba805825da76410c181273ba90b1	2026-09-14T23:41:51.9309049Z hint: Names commonly chosen instead of 'master' are 'main', 'trunk' and
package	Run actions/checkout@3d3c42e5aac5ba805825da76410c181273ba90b1	2026-09-14T23:41:51.9309874Z hint: 'development'. The just-created branch can be renamed via this command:
package	Run actions/checkout@3d3c42e5aac5ba805825da76410c181273ba90b1	2026-09-14T23:41:51.9310532Z hint: 
package	Run actions/checkout@3d3c42e5aac5ba805825da76410c181273ba90b1	2026-09-14T23:41:51.9310844Z hint: 	git branch -m <name>
package	Run actions/checkout@3d3c42e5aac5ba805825da76410c181273ba90b1	2026-09-14T23:41:51.9311757Z Initialized empty Git repository in /__w/opf-editor/opf-editor/opf-pptx/.git/
package	Run actions/checkout@3d3c42e5aac5ba805825da76410c181273ba90b1	2026-09-14T23:41:51.9313751Z [command]/usr/bin/git remote add origin https://github.com/OpenPresentation/opf-pptx
package	Run actions/checkout@3d3c42e5aac5ba805825da76410c181273ba90b1	2026-09-14T23:41:51.9364032Z ##[endgroup]
package	Run actions/checkout@3d3c42e5aac5ba805825da76410c181273ba90b1	2026-09-14T23:41:51.9365408Z ##[group]Disabling automatic garbage collection
package	Run actions/checkout@3d3c42e5aac5ba805825da76410c181273ba90b1	2026-09-14T23:41:51.9367979Z [command]/usr/bin/git config --local gc.auto 0
package	Run actions/checkout@3d3c42e5aac5ba805825da76410c181273ba90b1	2026-09-14T23:41:51.9417480Z ##[endgroup]
package	Run actions/checkout@3d3c42e5aac5ba805825da76410c181273ba90b1	2026-09-14T23:41:51.9418176Z ##[group]Setting up auth
package	Run actions/checkout@3d3c42e5aac5ba805825da76410c181273ba90b1	2026-09-14T23:41:51.9418753Z Removing SSH command configuration
package	Run actions/checkout@3d3c42e5aac5ba805825da76410c181273ba90b1	2026-09-14T23:41:51.9420000Z [command]/usr/bin/git config --local --name-only --get-regexp core\.sshCommand
package	Run actions/checkout@3d3c42e5aac5ba805825da76410c181273ba90b1	2026-09-14T23:41:51.9495364Z [command]/usr/bin/git submodule foreach --recursive sh -c "git config --local --name-only --get-regexp 'core\.sshCommand' && git config --local --unset-all 'core.sshCommand' || :"
package	Run actions/checkout@3d3c42e5aac5ba805825da76410c181273ba90b1	2026-09-14T23:41:51.9825401Z Removing HTTP extra header
package	Run actions/checkout@3d3c42e5aac5ba805825da76410c181273ba90b1	2026-09-14T23:41:51.9834985Z [command]/usr/bin/git config --local --name-only --get-regexp http\.https\:\/\/github\.com\/\.extraheader
package	Run actions/checkout@3d3c42e5aac5ba805825da76410c181273ba90b1	2026-09-14T23:41:51.9886299Z [command]/usr/bin/git submodule foreach --recursive sh -c "git config --local --name-only --get-regexp 'http\.https\:\/\/github\.com\/\.extraheader' && git config --local --unset-all 'http.https://github.com/.extraheader' || :"
package	Run actions/checkout@3d3c42e5aac5ba805825da76410c181273ba90b1	2026-09-14T23:41:52.0242311Z Removing includeIf entries pointing to credentials config files
package	Run actions/checkout@3d3c42e5aac5ba805825da76410c181273ba90b1	2026-09-14T23:41:52.0246771Z [command]/usr/bin/git config --local --name-only --get-regexp ^includeIf\.gitdir:
package	Run actions/checkout@3d3c42e5aac5ba805825da76410c181273ba90b1	2026-09-14T23:41:52.0294685Z [command]/usr/bin/git submodule foreach --recursive git config --local --show-origin --name-only --get-regexp remote.origin.url
package	Run actions/checkout@3d3c42e5aac5ba805825da76410c181273ba90b1	2026-09-14T23:41:52.0591978Z [command]/usr/bin/git config --file /__w/_temp/git-credentials-f1bb6701-5bff-41c8-bac8-64b38d1a39c2.config http.https://github.com/.extraheader AUTHORIZATION: basic ***
package	Run actions/checkout@3d3c42e5aac5ba805825da76410c181273ba90b1	2026-09-14T23:41:52.0642702Z [command]/usr/bin/git config --local includeIf.gitdir:/__w/opf-editor/opf-editor/opf-pptx/.git.path /__w/_temp/git-credentials-f1bb6701-5bff-41c8-bac8-64b38d1a39c2.config
package	Run actions/checkout@3d3c42e5aac5ba805825da76410c181273ba90b1	2026-09-14T23:41:52.0677057Z [command]/usr/bin/git config --local includeIf.gitdir:/__w/opf-editor/opf-editor/opf-pptx/.git/worktrees/*.path /__w/_temp/git-credentials-f1bb6701-5bff-41c8-bac8-64b38d1a39c2.config
package	Run actions/checkout@3d3c42e5aac5ba805825da76410c181273ba90b1	2026-09-14T23:41:52.0710690Z [command]/usr/bin/git config --local includeIf.gitdir:/github/workspace/opf-pptx/.git.path /github/runner_temp/git-credentials-f1bb6701-5bff-41c8-bac8-64b38d1a39c2.config
package	Run actions/checkout@3d3c42e5aac5ba805825da76410c181273ba90b1	2026-09-14T23:41:52.0747027Z [command]/usr/bin/git config --local includeIf.gitdir:/github/workspace/opf-pptx/.git/worktrees/*.path /github/runner_temp/git-credentials-f1bb6701-5bff-41c8-bac8-64b38d1a39c2.config
package	Run actions/checkout@3d3c42e5aac5ba805825da76410c181273ba90b1	2026-09-14T23:41:52.0779066Z ##[endgroup]
package	Run actions/checkout@3d3c42e5aac5ba805825da76410c181273ba90b1	2026-09-14T23:41:52.0779618Z ##[group]Fetching the repository
package	Run actions/checkout@3d3c42e5aac5ba805825da76410c181273ba90b1	2026-09-14T23:41:52.0787474Z [command]/usr/bin/git -c protocol.version=2 fetch --no-tags --prune --no-recurse-submodules origin +refs/heads/*:refs/remotes/origin/* +refs/tags/*:refs/tags/*
package	Run actions/checkout@3d3c42e5aac5ba805825da76410c181273ba90b1	2026-09-14T23:41:53.0541278Z From https://github.com/OpenPresentation/opf-pptx
package	Run actions/checkout@3d3c42e5aac5ba805825da76410c181273ba90b1	2026-09-14T23:41:53.0542543Z  * [new branch]      codex/shared-furniture-20260910 -> origin/codex/shared-furniture-20260910
package	Run actions/checkout@3d3c42e5aac5ba805825da76410c181273ba90b1	2026-09-14T23:41:53.0543693Z  * [new branch]      codex/shared-furniture-20260914 -> origin/codex/shared-furniture-20260914
package	Run actions/checkout@3d3c42e5aac5ba805825da76410c181273ba90b1	2026-09-14T23:41:53.0554497Z  * [new branch]      dependabot/npm_and_yarn/npm-minor-patch-eeaca2aeb5 -> origin/dependabot/npm_and_yarn/npm-minor-patch-eeaca2aeb5
package	Run actions/checkout@3d3c42e5aac5ba805825da76410c181273ba90b1	2026-09-14T23:41:53.0556780Z  * [new branch]      main            -> origin/main
package	Run actions/checkout@3d3c42e5aac5ba805825da76410c181273ba90b1	2026-09-14T23:41:53.0557861Z  * [new tag]         opf-pptx-v0.1.0 -> opf-pptx-v0.1.0
package	Run actions/checkout@3d3c42e5aac5ba805825da76410c181273ba90b1	2026-09-14T23:41:53.0558545Z  * [new tag]         opf-pptx-v0.2.0 -> opf-pptx-v0.2.0
package	Run actions/checkout@3d3c42e5aac5ba805825da76410c181273ba90b1	2026-09-14T23:41:53.0559161Z  * [new tag]         opf-pptx-v0.2.1 -> opf-pptx-v0.2.1
package	Run actions/checkout@3d3c42e5aac5ba805825da76410c181273ba90b1	2026-09-14T23:41:53.0559794Z  * [new tag]         opf-pptx-v0.3.0 -> opf-pptx-v0.3.0
package	Run actions/checkout@3d3c42e5aac5ba805825da76410c181273ba90b1	2026-09-14T23:41:53.0560422Z  * [new tag]         opf-pptx-v0.4.0 -> opf-pptx-v0.4.0
package	Run actions/checkout@3d3c42e5aac5ba805825da76410c181273ba90b1	2026-09-14T23:41:53.0561024Z  * [new tag]         opf-pptx-v0.5.0 -> opf-pptx-v0.5.0
package	Run actions/checkout@3d3c42e5aac5ba805825da76410c181273ba90b1	2026-09-14T23:41:53.0561871Z  * [new tag]         opf-pptx-v0.5.1 -> opf-pptx-v0.5.1
package	Run actions/checkout@3d3c42e5aac5ba805825da76410c181273ba90b1	2026-09-14T23:41:53.0562511Z  * [new tag]         opf-pptx-v0.5.2 -> opf-pptx-v0.5.2
package	Run actions/checkout@3d3c42e5aac5ba805825da76410c181273ba90b1	2026-09-14T23:41:53.0563689Z  * [new tag]         opf-pptx-v0.6.0 -> opf-pptx-v0.6.0
package	Run actions/checkout@3d3c42e5aac5ba805825da76410c181273ba90b1	2026-09-14T23:41:53.0564461Z  * [new tag]         opf-pptx-v0.7.0 -> opf-pptx-v0.7.0
package	Run actions/checkout@3d3c42e5aac5ba805825da76410c181273ba90b1	2026-09-14T23:41:53.0592509Z [command]/usr/bin/git rev-parse --verify --quiet ca4e13574400f059246dc67e8abf6591dcd663da^{object}
package	Run actions/checkout@3d3c42e5aac5ba805825da76410c181273ba90b1	2026-09-14T23:41:53.0621516Z ca4e13574400f059246dc67e8abf6591dcd663da
package	Run actions/checkout@3d3c42e5aac5ba805825da76410c181273ba90b1	2026-09-14T23:41:53.0626228Z ##[endgroup]
package	Run actions/checkout@3d3c42e5aac5ba805825da76410c181273ba90b1	2026-09-14T23:41:53.0626986Z ##[group]Determining the checkout info
package	Run actions/checkout@3d3c42e5aac5ba805825da76410c181273ba90b1	2026-09-14T23:41:53.0627829Z ##[endgroup]
package	Run actions/checkout@3d3c42e5aac5ba805825da76410c181273ba90b1	2026-09-14T23:41:53.0631688Z [command]/usr/bin/git sparse-checkout disable
package	Run actions/checkout@3d3c42e5aac5ba805825da76410c181273ba90b1	2026-09-14T23:41:53.0671530Z [command]/usr/bin/git config --local --unset-all extensions.worktreeConfig
package	Run actions/checkout@3d3c42e5aac5ba805825da76410c181273ba90b1	2026-09-14T23:41:53.0705657Z ##[group]Checking out the ref
package	Run actions/checkout@3d3c42e5aac5ba805825da76410c181273ba90b1	2026-09-14T23:41:53.0709399Z [command]/usr/bin/git checkout --progress --force ca4e13574400f059246dc67e8abf6591dcd663da
package	Run actions/checkout@3d3c42e5aac5ba805825da76410c181273ba90b1	2026-09-14T23:41:53.1175204Z Note: switching to 'ca4e13574400f059246dc67e8abf6591dcd663da'.
package	Run actions/checkout@3d3c42e5aac5ba805825da76410c181273ba90b1	2026-09-14T23:41:53.1175713Z 
package	Run actions/checkout@3d3c42e5aac5ba805825da76410c181273ba90b1	2026-09-14T23:41:53.1176049Z You are in 'detached HEAD' state. You can look around, make experimental
package	Run actions/checkout@3d3c42e5aac5ba805825da76410c181273ba90b1	2026-09-14T23:41:53.1176865Z changes and commit them, and you can discard any commits you make in this
package	Run actions/checkout@3d3c42e5aac5ba805825da76410c181273ba90b1	2026-09-14T23:41:53.1178049Z state without impacting any branches by switching back to a branch.
package	Run actions/checkout@3d3c42e5aac5ba805825da76410c181273ba90b1	2026-09-14T23:41:53.1178516Z 
package	Run actions/checkout@3d3c42e5aac5ba805825da76410c181273ba90b1	2026-09-14T23:41:53.1178830Z If you want to create a new branch to retain commits you create, you may
package	Run actions/checkout@3d3c42e5aac5ba805825da76410c181273ba90b1	2026-09-14T23:41:53.1179498Z do so (now or later) by using -c with the switch command. Example:
package	Run actions/checkout@3d3c42e5aac5ba805825da76410c181273ba90b1	2026-09-14T23:41:53.1179765Z 
package	Run actions/checkout@3d3c42e5aac5ba805825da76410c181273ba90b1	2026-09-14T23:41:53.1179880Z   git switch -c <new-branch-name>
package	Run actions/checkout@3d3c42e5aac5ba805825da76410c181273ba90b1	2026-09-14T23:41:53.1180060Z 
package	Run actions/checkout@3d3c42e5aac5ba805825da76410c181273ba90b1	2026-09-14T23:41:53.1180163Z Or undo this operation with:
package	Run actions/checkout@3d3c42e5aac5ba805825da76410c181273ba90b1	2026-09-14T23:41:53.1180326Z 
package	Run actions/checkout@3d3c42e5aac5ba805825da76410c181273ba90b1	2026-09-14T23:41:53.1180408Z   git switch -
package	Run actions/checkout@3d3c42e5aac5ba805825da76410c181273ba90b1	2026-09-14T23:41:53.1180550Z 
package	Run actions/checkout@3d3c42e5aac5ba805825da76410c181273ba90b1	2026-09-14T23:41:53.1180760Z Turn off this advice by setting config variable advice.detachedHead to false
package	Run actions/checkout@3d3c42e5aac5ba805825da76410c181273ba90b1	2026-09-14T23:41:53.1181352Z 
package	Run actions/checkout@3d3c42e5aac5ba805825da76410c181273ba90b1	2026-09-14T23:41:53.1181633Z HEAD is now at ca4e135 Preserve current header and footer content through PPTX reimport
package	Run actions/checkout@3d3c42e5aac5ba805825da76410c181273ba90b1	2026-09-14T23:41:53.1186150Z ##[endgroup]
package	Run actions/checkout@3d3c42e5aac5ba805825da76410c181273ba90b1	2026-09-14T23:41:53.1229693Z [command]/usr/bin/git log -1 --format=%H
package	Run actions/checkout@3d3c42e5aac5ba805825da76410c181273ba90b1	2026-09-14T23:41:53.1260025Z ca4e13574400f059246dc67e8abf6591dcd663da
package	Run actions/checkout@3d3c42e5aac5ba805825da76410c181273ba90b1	2026-09-14T23:41:53.1271384Z ##[group]Removing auth
package	Run actions/checkout@3d3c42e5aac5ba805825da76410c181273ba90b1	2026-09-14T23:41:53.1272098Z Removing SSH command configuration
package	Run actions/checkout@3d3c42e5aac5ba805825da76410c181273ba90b1	2026-09-14T23:41:53.1275005Z [command]/usr/bin/git config --local --name-only --get-regexp core\.sshCommand
package	Run actions/checkout@3d3c42e5aac5ba805825da76410c181273ba90b1	2026-09-14T23:41:53.1311037Z [command]/usr/bin/git submodule foreach --recursive sh -c "git config --local --name-only --get-regexp 'core\.sshCommand' && git config --local --unset-all 'core.sshCommand' || :"
package	Run actions/checkout@3d3c42e5aac5ba805825da76410c181273ba90b1	2026-09-14T23:41:53.1574573Z Removing HTTP extra header
package	Run actions/checkout@3d3c42e5aac5ba805825da76410c181273ba90b1	2026-09-14T23:41:53.1579065Z [command]/usr/bin/git config --local --name-only --get-regexp http\.https\:\/\/github\.com\/\.extraheader
package	Run actions/checkout@3d3c42e5aac5ba805825da76410c181273ba90b1	2026-09-14T23:41:53.1617921Z [command]/usr/bin/git submodule foreach --recursive sh -c "git config --local --name-only --get-regexp 'http\.https\:\/\/github\.com\/\.extraheader' && git config --local --unset-all 'http.https://github.com/.extraheader' || :"
package	Run actions/checkout@3d3c42e5aac5ba805825da76410c181273ba90b1	2026-09-14T23:41:53.1866766Z Removing includeIf entries pointing to credentials config files
package	Run actions/checkout@3d3c42e5aac5ba805825da76410c181273ba90b1	2026-09-14T23:41:53.1871307Z [command]/usr/bin/git config --local --name-only --get-regexp ^includeIf\.gitdir:
package	Run actions/checkout@3d3c42e5aac5ba805825da76410c181273ba90b1	2026-09-14T23:41:53.1899063Z includeif.gitdir:/__w/opf-editor/opf-editor/opf-pptx/.git.path
package	Run actions/checkout@3d3c42e5aac5ba805825da76410c181273ba90b1	2026-09-14T23:41:53.1899797Z includeif.gitdir:/__w/opf-editor/opf-editor/opf-pptx/.git/worktrees/*.path
package	Run actions/checkout@3d3c42e5aac5ba805825da76410c181273ba90b1	2026-09-14T23:41:53.1900278Z includeif.gitdir:/github/workspace/opf-pptx/.git.path
package	Run actions/checkout@3d3c42e5aac5ba805825da76410c181273ba90b1	2026-09-14T23:41:53.1900734Z includeif.gitdir:/github/workspace/opf-pptx/.git/worktrees/*.path
package	Run actions/checkout@3d3c42e5aac5ba805825da76410c181273ba90b1	2026-09-14T23:41:53.1909138Z [command]/usr/bin/git config --local --get-all includeif.gitdir:/__w/opf-editor/opf-editor/opf-pptx/.git.path
package	Run actions/checkout@3d3c42e5aac5ba805825da76410c181273ba90b1	2026-09-14T23:41:53.1935358Z /__w/_temp/git-credentials-f1bb6701-5bff-41c8-bac8-64b38d1a39c2.config
package	Run actions/checkout@3d3c42e5aac5ba805825da76410c181273ba90b1	2026-09-14T23:41:53.1952638Z [command]/usr/bin/git config --local --unset includeif.gitdir:/__w/opf-editor/opf-editor/opf-pptx/.git.path \/__w\/_temp\/git\-credentials\-f1bb6701\-5bff\-41c8\-bac8\-64b38d1a39c2\.config
package	Run actions/checkout@3d3c42e5aac5ba805825da76410c181273ba90b1	2026-09-14T23:41:53.1981627Z [command]/usr/bin/git config --local --get-all includeif.gitdir:/__w/opf-editor/opf-editor/opf-pptx/.git/worktrees/*.path
package	Run actions/checkout@3d3c42e5aac5ba805825da76410c181273ba90b1	2026-09-14T23:41:53.2007541Z /__w/_temp/git-credentials-f1bb6701-5bff-41c8-bac8-64b38d1a39c2.config
package	Run actions/checkout@3d3c42e5aac5ba805825da76410c181273ba90b1	2026-09-14T23:41:53.2017526Z [command]/usr/bin/git config --local --unset includeif.gitdir:/__w/opf-editor/opf-editor/opf-pptx/.git/worktrees/*.path \/__w\/_temp\/git\-credentials\-f1bb6701\-5bff\-41c8\-bac8\-64b38d1a39c2\.config
package	Run actions/checkout@3d3c42e5aac5ba805825da76410c181273ba90b1	2026-09-14T23:41:53.2053006Z [command]/usr/bin/git config --local --get-all includeif.gitdir:/github/workspace/opf-pptx/.git.path
package	Run actions/checkout@3d3c42e5aac5ba805825da76410c181273ba90b1	2026-09-14T23:41:53.2078905Z /github/runner_temp/git-credentials-f1bb6701-5bff-41c8-bac8-64b38d1a39c2.config
package	Run actions/checkout@3d3c42e5aac5ba805825da76410c181273ba90b1	2026-09-14T23:41:53.2089209Z [command]/usr/bin/git config --local --unset includeif.gitdir:/github/workspace/opf-pptx/.git.path \/github\/runner_temp\/git\-credentials\-f1bb6701\-5bff\-41c8\-bac8\-64b38d1a39c2\.config
package	Run actions/checkout@3d3c42e5aac5ba805825da76410c181273ba90b1	2026-09-14T23:41:53.2131329Z [command]/usr/bin/git config --local --get-all includeif.gitdir:/github/workspace/opf-pptx/.git/worktrees/*.path
package	Run actions/checkout@3d3c42e5aac5ba805825da76410c181273ba90b1	2026-09-14T23:41:53.2157527Z /github/runner_temp/git-credentials-f1bb6701-5bff-41c8-bac8-64b38d1a39c2.config
package	Run actions/checkout@3d3c42e5aac5ba805825da76410c181273ba90b1	2026-09-14T23:41:53.2165848Z [command]/usr/bin/git config --local --unset includeif.gitdir:/github/workspace/opf-pptx/.git/worktrees/*.path \/github\/runner_temp\/git\-credentials\-f1bb6701\-5bff\-41c8\-bac8\-64b38d1a39c2\.config
package	Run actions/checkout@3d3c42e5aac5ba805825da76410c181273ba90b1	2026-09-14T23:41:53.2201868Z [command]/usr/bin/git submodule foreach --recursive git config --local --show-origin --name-only --get-regexp remote.origin.url
package	Run actions/checkout@3d3c42e5aac5ba805825da76410c181273ba90b1	2026-09-14T23:41:53.2449599Z Removing credentials config '/__w/_temp/git-credentials-f1bb6701-5bff-41c8-bac8-64b38d1a39c2.config'
package	Run actions/checkout@3d3c42e5aac5ba805825da76410c181273ba90b1	2026-09-14T23:41:53.2459806Z ##[endgroup]
package	Run pnpm/action-setup@ea17c68df8912ef543352723c149a84f56e3d413	﻿2026-09-14T23:41:53.2622804Z ##[group]Run pnpm/action-setup@ea17c68df8912ef543352723c149a84f56e3d413
package	Run pnpm/action-setup@ea17c68df8912ef543352723c149a84f56e3d413	2026-09-14T23:41:53.2623287Z with:
package	Run pnpm/action-setup@ea17c68df8912ef543352723c149a84f56e3d413	2026-09-14T23:41:53.2623491Z   version: 10.33.2
package	Run pnpm/action-setup@ea17c68df8912ef543352723c149a84f56e3d413	2026-09-14T23:41:53.2623704Z   dest: ~/setup-pnpm
package	Run pnpm/action-setup@ea17c68df8912ef543352723c149a84f56e3d413	2026-09-14T23:41:53.2623922Z   run_install: null
package	Run pnpm/action-setup@ea17c68df8912ef543352723c149a84f56e3d413	2026-09-14T23:41:53.2624126Z   cache: false
package	Run pnpm/action-setup@ea17c68df8912ef543352723c149a84f56e3d413	2026-09-14T23:41:53.2624347Z   cache_dependency_path: pnpm-lock.yaml
package	Run pnpm/action-setup@ea17c68df8912ef543352723c149a84f56e3d413	2026-09-14T23:41:53.2624657Z   package_json_file: package.json
package	Run pnpm/action-setup@ea17c68df8912ef543352723c149a84f56e3d413	2026-09-14T23:41:53.2624907Z   standalone: false
package	Run pnpm/action-setup@ea17c68df8912ef543352723c149a84f56e3d413	2026-09-14T23:41:53.2625110Z env:
package	Run pnpm/action-setup@ea17c68df8912ef543352723c149a84f56e3d413	2026-09-14T23:41:53.2625601Z   OPF_GOLDEN_BASELINE: /home/runner/work/opf-editor/opf-editor/opf-render/test/golden/opf-examples-png.furniture.sha256.json
package	Run pnpm/action-setup@ea17c68df8912ef543352723c149a84f56e3d413	2026-09-14T23:41:53.2626176Z ##[endgroup]
package	Run pnpm/action-setup@ea17c68df8912ef543352723c149a84f56e3d413	2026-09-14T23:41:53.2629555Z ##[command]/usr/bin/docker exec  3fc51460f7ba39ab2d82b5d2af7e106c85e2033f2f918671515e7aeac43ac677 sh -c "cat /etc/*release | grep ^ID"
package	Run pnpm/action-setup@ea17c68df8912ef543352723c149a84f56e3d413	2026-09-14T23:41:53.5235081Z ##[group]Running self-installer...
package	Run pnpm/action-setup@ea17c68df8912ef543352723c149a84f56e3d413	2026-09-14T23:41:54.4942499Z 
package	Run pnpm/action-setup@ea17c68df8912ef543352723c149a84f56e3d413	2026-09-14T23:41:54.4943220Z added 1 package, and audited 2 packages in 847ms
package	Run pnpm/action-setup@ea17c68df8912ef543352723c149a84f56e3d413	2026-09-14T23:41:54.4943804Z 
package	Run pnpm/action-setup@ea17c68df8912ef543352723c149a84f56e3d413	2026-09-14T23:41:54.4944552Z 1 package is looking for funding
package	Run pnpm/action-setup@ea17c68df8912ef543352723c149a84f56e3d413	2026-09-14T23:41:54.4945187Z   run `npm fund` for details
package	Run pnpm/action-setup@ea17c68df8912ef543352723c149a84f56e3d413	2026-09-14T23:41:54.4954344Z 
package	Run pnpm/action-setup@ea17c68df8912ef543352723c149a84f56e3d413	2026-09-14T23:41:54.4954733Z found 0 vulnerabilities
package	Run pnpm/action-setup@ea17c68df8912ef543352723c149a84f56e3d413	2026-09-14T23:41:55.1059313Z Checking for updates...
package	Run pnpm/action-setup@ea17c68df8912ef543352723c149a84f56e3d413	2026-09-14T23:41:55.2644706Z Switching pnpm from v11.25.0 to v10.33.2...
package	Run pnpm/action-setup@ea17c68df8912ef543352723c149a84f56e3d413	2026-09-14T23:41:55.7013606Z .../v11/3bc-1a0a24c77ce-ebd52c4760dddc5a | Progress: resolved 1, reused 0, downloaded 0, added 0
package	Run pnpm/action-setup@ea17c68df8912ef543352723c149a84f56e3d413	2026-09-14T23:41:55.7029803Z .../v11/3bc-1a0a24c77ce-ebd52c4760dddc5a |   +1 +
package	Run pnpm/action-setup@ea17c68df8912ef543352723c149a84f56e3d413	2026-09-14T23:41:56.0195054Z .../v11/3bc-1a0a24c77ce-ebd52c4760dddc5a | Progress: resolved 1, reused 0, downloaded 1, added 1, done
package	Run pnpm/action-setup@ea17c68df8912ef543352723c149a84f56e3d413	2026-09-14T23:41:56.4833529Z [WARN] Detected a pnpm v10 installation layout at PNPM_HOME. The pnpm shims at PNPM_HOME have been refreshed so the new version is active, but pnpm v11 expects bins in PNPM_HOME/bin. Run "pnpm setup" to migrate your PATH to the v11 layout.
package	Run pnpm/action-setup@ea17c68df8912ef543352723c149a84f56e3d413	2026-09-14T23:41:56.4861613Z Successfully updated pnpm to v10.33.2
package	Run pnpm/action-setup@ea17c68df8912ef543352723c149a84f56e3d413	2026-09-14T23:41:56.5146623Z ##[endgroup]
package	Run pnpm/action-setup@ea17c68df8912ef543352723c149a84f56e3d413	2026-09-14T23:41:56.5147063Z Installation Completed!
package	Run actions/setup-node@820762786026740c76f36085b0efc47a31fe5020	﻿2026-09-14T23:41:56.5339780Z ##[group]Run actions/setup-node@820762786026740c76f36085b0efc47a31fe5020
package	Run actions/setup-node@820762786026740c76f36085b0efc47a31fe5020	2026-09-14T23:41:56.5340216Z with:
package	Run actions/setup-node@820762786026740c76f36085b0efc47a31fe5020	2026-09-14T23:41:56.5340425Z   node-version: 24
package	Run actions/setup-node@820762786026740c76f36085b0efc47a31fe5020	2026-09-14T23:41:56.5340633Z   cache: npm
package	Run actions/setup-node@820762786026740c76f36085b0efc47a31fe5020	2026-09-14T23:41:56.5340914Z   cache-dependency-path: opf-editor/package-lock.json
package	Run actions/setup-node@820762786026740c76f36085b0efc47a31fe5020	2026-09-14T23:41:56.5341623Z   check-latest: false
package	Run actions/setup-node@820762786026740c76f36085b0efc47a31fe5020	2026-09-14T23:41:56.5344362Z   token: ***
package	Run actions/setup-node@820762786026740c76f36085b0efc47a31fe5020	2026-09-14T23:41:56.5344591Z   package-manager-cache: true
package	Run actions/setup-node@820762786026740c76f36085b0efc47a31fe5020	2026-09-14T23:41:56.5344835Z env:
package	Run actions/setup-node@820762786026740c76f36085b0efc47a31fe5020	2026-09-14T23:41:56.5345340Z   OPF_GOLDEN_BASELINE: /home/runner/work/opf-editor/opf-editor/opf-render/test/golden/opf-examples-png.furniture.sha256.json
package	Run actions/setup-node@820762786026740c76f36085b0efc47a31fe5020	2026-09-14T23:41:56.5345969Z   PNPM_HOME: /github/home/setup-pnpm/node_modules/.bin
package	Run actions/setup-node@820762786026740c76f36085b0efc47a31fe5020	2026-09-14T23:41:56.5346274Z ##[endgroup]
package	Run actions/setup-node@820762786026740c76f36085b0efc47a31fe5020	2026-09-14T23:41:56.5354558Z ##[command]/usr/bin/docker exec  3fc51460f7ba39ab2d82b5d2af7e106c85e2033f2f918671515e7aeac43ac677 sh -c "cat /etc/*release | grep ^ID"
package	Run actions/setup-node@820762786026740c76f36085b0efc47a31fe5020	2026-09-14T23:41:56.7649471Z Found in cache @ /__t/node/24.20.0/x64
package	Run actions/setup-node@820762786026740c76f36085b0efc47a31fe5020	2026-09-14T23:41:56.7654775Z ##[group]Environment details
package	Run actions/setup-node@820762786026740c76f36085b0efc47a31fe5020	2026-09-14T23:41:57.1738991Z node: v24.20.0
package	Run actions/setup-node@820762786026740c76f36085b0efc47a31fe5020	2026-09-14T23:41:57.1739322Z npm: 11.19.0
package	Run actions/setup-node@820762786026740c76f36085b0efc47a31fe5020	2026-09-14T23:41:57.1739515Z yarn: 1.22.22
package	Run actions/setup-node@820762786026740c76f36085b0efc47a31fe5020	2026-09-14T23:41:57.1739949Z ##[endgroup]
package	Run actions/setup-node@820762786026740c76f36085b0efc47a31fe5020	2026-09-14T23:41:57.1754752Z [command]/__t/node/24.20.0/x64/bin/npm config get cache
package	Run actions/setup-node@820762786026740c76f36085b0efc47a31fe5020	2026-09-14T23:41:57.2995978Z /github/home/.npm
package	Run actions/setup-node@820762786026740c76f36085b0efc47a31fe5020	2026-09-14T23:41:57.5590403Z Cache hit for: node-cache-Linux-x64-npm-33aa6c2e49ef37cf8ca22f930ac5c19e763eccb0be2a5a5baf75652b385b348a
package	Run actions/setup-node@820762786026740c76f36085b0efc47a31fe5020	2026-09-14T23:41:58.8510278Z Received 0 of 50157898 (0.0%), 0.0 MBs/sec
package	Run actions/setup-node@820762786026740c76f36085b0efc47a31fe5020	2026-09-14T23:41:59.4921639Z Received 50157898 of 50157898 (100.0%), 29.1 MBs/sec
package	Run actions/setup-node@820762786026740c76f36085b0efc47a31fe5020	2026-09-14T23:41:59.4922552Z Cache Size: ~48 MB (50157898 B)
package	Run actions/setup-node@820762786026740c76f36085b0efc47a31fe5020	2026-09-14T23:41:59.4952478Z [command]/usr/bin/tar -xf /__w/_temp/19fb49c4-2f33-4b74-8efe-a81b4083b832/cache.tgz -P -C /__w/opf-editor/opf-editor -z
package	Run actions/setup-node@820762786026740c76f36085b0efc47a31fe5020	2026-09-14T23:41:59.8616317Z Cache restored successfully
package	Run actions/setup-node@820762786026740c76f36085b0efc47a31fe5020	2026-09-14T23:41:59.8648396Z Cache restored from key: node-cache-Linux-x64-npm-33aa6c2e49ef37cf8ca22f930ac5c19e763eccb0be2a5a5baf75652b385b348a
package	Install locked coordinated dependencies	﻿2026-09-14T23:41:59.8843346Z ##[group]Run pnpm --dir opf install --frozen-lockfile
package	Install locked coordinated dependencies	2026-09-14T23:41:59.8843858Z ^[[36;1mpnpm --dir opf install --frozen-lockfile^[[0m
package	Install locked coordinated dependencies	2026-09-14T23:41:59.8844251Z ^[[36;1mfor repo in opf-render opf-pptx opf-editor; do^[[0m
package	Install locked coordinated dependencies	2026-09-14T23:41:59.8844623Z ^[[36;1m  npm ci --prefix "$repo"^[[0m
package	Install locked coordinated dependencies	2026-09-14T23:41:59.8844880Z ^[[36;1mdone^[[0m
package	Install locked coordinated dependencies	2026-09-14T23:41:59.8848010Z shell: bash --noprofile --norc -e -o pipefail {0}
package	Install locked coordinated dependencies	2026-09-14T23:41:59.8848340Z env:
package	Install locked coordinated dependencies	2026-09-14T23:41:59.8848847Z   OPF_GOLDEN_BASELINE: /home/runner/work/opf-editor/opf-editor/opf-render/test/golden/opf-examples-png.furniture.sha256.json
package	Install locked coordinated dependencies	2026-09-14T23:41:59.8849502Z   PNPM_HOME: /github/home/setup-pnpm/node_modules/.bin
package	Install locked coordinated dependencies	2026-09-14T23:41:59.8849818Z ##[endgroup]
package	Install locked coordinated dependencies	2026-09-14T23:42:00.3516059Z Scope: all 3 workspace projects
package	Install locked coordinated dependencies	2026-09-14T23:42:00.3890944Z Lockfile is up to date, resolution step is skipped
package	Install locked coordinated dependencies	2026-09-14T23:42:00.4154899Z Progress: resolved 1, reused 0, downloaded 0, added 0
package	Install locked coordinated dependencies	2026-09-14T23:42:00.4324241Z Packages: +72
package	Install locked coordinated dependencies	2026-09-14T23:42:00.4325947Z ++++++++++++++++++++++++++++++++++++++++++++++++++++++++++++++++++++++++
package	Install locked coordinated dependencies	2026-09-14T23:42:01.4170009Z Progress: resolved 72, reused 0, downloaded 71, added 71
package	Install locked coordinated dependencies	2026-09-14T23:42:01.6628573Z Progress: resolved 72, reused 0, downloaded 72, added 72, done
package	Install locked coordinated dependencies	2026-09-14T23:42:01.7493312Z 
package	Install locked coordinated dependencies	2026-09-14T23:42:01.7494084Z devDependencies:
package	Install locked coordinated dependencies	2026-09-14T23:42:01.7494648Z + @biomejs/biome 2.5.12
package	Install locked coordinated dependencies	2026-09-14T23:42:01.7495196Z + @typescript/native <- typescript 7.0.2
package	Install locked coordinated dependencies	2026-09-14T23:42:01.7495547Z 
package	Install locked coordinated dependencies	2026-09-14T23:42:01.7624360Z ╭ Warning ─────────────────────────────────────────────────────────────────────╮
package	Install locked coordinated dependencies	2026-09-14T23:42:01.7625216Z │                                                                              │
package	Install locked coordinated dependencies	2026-09-14T23:42:01.7625933Z │   Ignored build scripts: esbuild@0.28.2.                                     │
package	Install locked coordinated dependencies	2026-09-14T23:42:01.7626730Z │   Run "pnpm approve-builds" to pick which dependencies should be allowed     │
package	Install locked coordinated dependencies	2026-09-14T23:42:01.7627731Z │   to run scripts.                                                            │
package	Install locked coordinated dependencies	2026-09-14T23:42:01.7628845Z │                                                                              │
package	Install locked coordinated dependencies	2026-09-14T23:42:01.7629950Z ╰──────────────────────────────────────────────────────────────────────────────╯
package	Install locked coordinated dependencies	2026-09-14T23:42:01.7754399Z Done in 1.7s using pnpm v10.33.2
package	Install locked coordinated dependencies	2026-09-14T23:42:04.2646050Z 
package	Install locked coordinated dependencies	2026-09-14T23:42:04.2647111Z added 45 packages, and audited 46 packages in 2s
package	Install locked coordinated dependencies	2026-09-14T23:42:04.2647598Z 
package	Install locked coordinated dependencies	2026-09-14T23:42:04.2648022Z 6 packages are looking for funding
package	Install locked coordinated dependencies	2026-09-14T23:42:04.2648566Z   run `npm fund` for details
package	Install locked coordinated dependencies	2026-09-14T23:42:04.2658820Z 
package	Install locked coordinated dependencies	2026-09-14T23:42:04.2659315Z found 0 vulnerabilities
package	Install locked coordinated dependencies	2026-09-14T23:42:04.2670634Z npm warn install-scripts 1 package has install scripts not yet covered by allowScripts:
package	Install locked coordinated dependencies	2026-09-14T23:42:04.2671840Z npm warn install-scripts   esbuild@0.28.2 (postinstall: node install.js)
package	Install locked coordinated dependencies	2026-09-14T23:42:04.2672509Z npm warn install-scripts
package	Install locked coordinated dependencies	2026-09-14T23:42:04.2673160Z npm warn install-scripts Run `npm install-scripts ls` to review, or `npm install-scripts approve <pkg>` to allow.
package	Install locked coordinated dependencies	2026-09-14T23:42:06.6676087Z 
package	Install locked coordinated dependencies	2026-09-14T23:42:06.6677690Z added 67 packages, and audited 68 packages in 2s
package	Install locked coordinated dependencies	2026-09-14T23:42:06.6678221Z 
package	Install locked coordinated dependencies	2026-09-14T23:42:06.6679402Z 15 packages are looking for funding
package	Install locked coordinated dependencies	2026-09-14T23:42:06.6681397Z   run `npm fund` for details
package	Install locked coordinated dependencies	2026-09-14T23:42:06.6695610Z 
package	Install locked coordinated dependencies	2026-09-14T23:42:06.6695855Z found 0 vulnerabilities
package	Install locked coordinated dependencies	2026-09-14T23:42:06.6709458Z npm warn install-scripts 1 package has install scripts not yet covered by allowScripts:
package	Install locked coordinated dependencies	2026-09-14T23:42:06.6710525Z npm warn install-scripts   esbuild@0.28.2 (postinstall: node install.js)
package	Install locked coordinated dependencies	2026-09-14T23:42:06.6711424Z npm warn install-scripts
package	Install locked coordinated dependencies	2026-09-14T23:42:06.6712722Z npm warn install-scripts Run `npm install-scripts ls` to review, or `npm install-scripts approve <pkg>` to allow.
package	Install locked coordinated dependencies	2026-09-14T23:42:09.0647303Z 
package	Install locked coordinated dependencies	2026-09-14T23:42:09.0648430Z added 67 packages, and audited 68 packages in 2s
package	Install locked coordinated dependencies	2026-09-14T23:42:09.0648901Z 
package	Install locked coordinated dependencies	2026-09-14T23:42:09.0649304Z 14 packages are looking for funding
package	Install locked coordinated dependencies	2026-09-14T23:42:09.0649839Z   run `npm fund` for details
package	Install locked coordinated dependencies	2026-09-14T23:42:09.0663444Z 
package	Install locked coordinated dependencies	2026-09-14T23:42:09.0678424Z found 0 vulnerabilities
package	Install locked coordinated dependencies	2026-09-14T23:42:09.0679431Z npm warn install-scripts 1 package has install scripts not yet covered by allowScripts:
package	Install locked coordinated dependencies	2026-09-14T23:42:09.0691376Z npm warn install-scripts   esbuild@0.28.2 (postinstall: node install.js)
package	Install locked coordinated dependencies	2026-09-14T23:42:09.0692273Z npm warn install-scripts
package	Install locked coordinated dependencies	2026-09-14T23:42:09.0693377Z npm warn install-scripts Run `npm install-scripts ls` to review, or `npm install-scripts approve <pkg>` to allow.
package	Build and link coordinated sources	﻿2026-09-14T23:42:09.0997138Z ##[group]Run pnpm build
package	Build and link coordinated sources	2026-09-14T23:42:09.0997762Z ^[[36;1mpnpm build^[[0m
package	Build and link coordinated sources	2026-09-14T23:42:09.0998092Z ^[[36;1mnode scripts/link-ecosystem.mjs --packages-only^[[0m
package	Build and link coordinated sources	2026-09-14T23:42:09.0999452Z shell: sh -e {0}
package	Build and link coordinated sources	2026-09-14T23:42:09.0999713Z env:
package	Build and link coordinated sources	2026-09-14T23:42:09.1000397Z   OPF_GOLDEN_BASELINE: /home/runner/work/opf-editor/opf-editor/opf-render/test/golden/opf-examples-png.furniture.sha256.json
package	Build and link coordinated sources	2026-09-14T23:42:09.1001249Z   PNPM_HOME: /github/home/setup-pnpm/node_modules/.bin
package	Build and link coordinated sources	2026-09-14T23:42:09.1001765Z ##[endgroup]
package	Build and link coordinated sources	2026-09-14T23:42:09.4480881Z 
package	Build and link coordinated sources	2026-09-14T23:42:09.4481890Z > openpresentation-workspace@ build /__w/opf-editor/opf-editor/opf
package	Build and link coordinated sources	2026-09-14T23:42:09.4482770Z > pnpm --filter @openpresentation/opf build && pnpm --filter @openpresentation/cli build
package	Build and link coordinated sources	2026-09-14T23:42:09.4483210Z 
package	Build and link coordinated sources	2026-09-14T23:42:09.7680443Z 
package	Build and link coordinated sources	2026-09-14T23:42:09.7681849Z > @openpresentation/opf@0.9.0 build /__w/opf-editor/opf-editor/opf/packages/javascript
package	Build and link coordinated sources	2026-09-14T23:42:09.7683331Z > pnpm run generate && tsup && node scripts/copy-spec.mjs
package	Build and link coordinated sources	2026-09-14T23:42:09.7684036Z 
package	Build and link coordinated sources	2026-09-14T23:42:10.1049249Z 
package	Build and link coordinated sources	2026-09-14T23:42:10.1050447Z > @openpresentation/opf@0.9.0 generate /__w/opf-editor/opf-editor/opf/packages/javascript
package	Build and link coordinated sources	2026-09-14T23:42:10.1052351Z > node scripts/generate.mjs && node scripts/generate-previews.mjs && node scripts/generate-content.mjs
package	Build and link coordinated sources	2026-09-14T23:42:10.1053512Z 
package	Build and link coordinated sources	2026-09-14T23:42:10.5889397Z Generated src/generated/previews.ts (70 previews)
package	Build and link coordinated sources	2026-09-14T23:42:10.7027491Z Generated src/generated/examples.ts (126 examples, 7 galleries)
package	Build and link coordinated sources	2026-09-14T23:42:10.7155980Z Generated src/generated/docs.ts (28 docs)
package	Build and link coordinated sources	2026-09-14T23:42:10.7162941Z Generated src/generated/repo-readme.ts (11388 bytes)
package	Build and link coordinated sources	2026-09-14T23:42:11.0424567Z ^[[34mCLI^[[39m Building entry: {"data":"src/data.ts","pagination":"src/pagination.ts","composition":"src/composition.ts","index":"src/index.ts","schemas":"src/schemas.ts","catalogs":"src/catalogs.ts","validator":"src/validator.ts","types":"src/types.ts","spec-files":"src/spec-files.ts","previews":"src/previews.ts","examples":"src/examples.ts","docs":"src/docs.ts","repo-readme":"src/repo-readme.ts"}
package	Build and link coordinated sources	2026-09-14T23:42:11.0427553Z ^[[34mCLI^[[39m Using tsconfig: tsconfig.json
package	Build and link coordinated sources	2026-09-14T23:42:11.0428137Z ^[[34mCLI^[[39m tsup v8.5.1
package	Build and link coordinated sources	2026-09-14T23:42:11.0428773Z ^[[34mCLI^[[39m Using tsup config: /__w/opf-editor/opf-editor/opf/packages/javascript/tsup.config.ts
package	Build and link coordinated sources	2026-09-14T23:42:11.0471755Z ^[[34mCLI^[[39m Target: es2022
package	Build and link coordinated sources	2026-09-14T23:42:11.0532208Z ^[[34mCLI^[[39m Cleaning output folder
package	Build and link coordinated sources	2026-09-14T23:42:11.0552079Z ^[[34mESM^[[39m Build start
package	Build and link coordinated sources	2026-09-14T23:42:11.5964037Z Generated an empty chunk: "types".
package	Build and link coordinated sources	2026-09-14T23:42:11.9384357Z ^[[34mDTS^[[39m Build start
package	Build and link coordinated sources	2026-09-14T23:42:12.3183311Z ^[[32mESM^[[39m ^[[1mdist/spec-files.js     ^[[22m^[[32m85.00 B^[[39m
package	Build and link coordinated sources	2026-09-14T23:42:12.3202623Z ^[[32mESM^[[39m ^[[1mdist/previews.js       ^[[22m^[[32m130.00 B^[[39m
package	Build and link coordinated sources	2026-09-14T23:42:12.3203850Z ^[[32mESM^[[39m ^[[1mdist/repo-readme.js    ^[[22m^[[32m11.47 KB^[[39m
package	Build and link coordinated sources	2026-09-14T23:42:12.3204960Z ^[[32mESM^[[39m ^[[1mdist/data.js           ^[[22m^[[32m95.00 B^[[39m
package	Build and link coordinated sources	2026-09-14T23:42:12.3206059Z ^[[32mESM^[[39m ^[[1mdist/composition.js    ^[[22m^[[32m437.00 B^[[39m
package	Build and link coordinated sources	2026-09-14T23:42:12.3207317Z ^[[32mESM^[[39m ^[[1mdist/index.js          ^[[22m^[[32m1.38 KB^[[39m
package	Build and link coordinated sources	2026-09-14T23:42:12.3208378Z ^[[32mESM^[[39m ^[[1mdist/pagination.js     ^[[22m^[[32m215.00 B^[[39m
package	Build and link coordinated sources	2026-09-14T23:42:12.3209539Z ^[[32mESM^[[39m ^[[1mdist/chunk-PIQXLBBJ.js ^[[22m^[[32m108.89 KB^[[39m
package	Build and link coordinated sources	2026-09-14T23:42:12.3210602Z ^[[32mESM^[[39m ^[[1mdist/chunk-SOSOBKQ2.js ^[[22m^[[32m6.52 KB^[[39m
package	Build and link coordinated sources	2026-09-14T23:42:12.3211905Z ^[[32mESM^[[39m ^[[1mdist/schemas.js        ^[[22m^[[32m202.00 B^[[39m
package	Build and link coordinated sources	2026-09-14T23:42:12.3212940Z ^[[32mESM^[[39m ^[[1mdist/chunk-F7ZUBA4H.js ^[[22m^[[32m14.23 KB^[[39m
package	Build and link coordinated sources	2026-09-14T23:42:12.3214017Z ^[[32mESM^[[39m ^[[1mdist/catalogs.js       ^[[22m^[[32m238.00 B^[[39m
package	Build and link coordinated sources	2026-09-14T23:42:12.3215067Z ^[[32mESM^[[39m ^[[1mdist/validator.js      ^[[22m^[[32m267.00 B^[[39m
package	Build and link coordinated sources	2026-09-14T23:42:12.3216269Z ^[[32mESM^[[39m ^[[1mdist/chunk-OZULJBSG.js ^[[22m^[[32m117.86 KB^[[39m
package	Build and link coordinated sources	2026-09-14T23:42:12.3217493Z ^[[32mESM^[[39m ^[[1mdist/chunk-JANDGUGA.js ^[[22m^[[32m27.16 KB^[[39m
package	Build and link coordinated sources	2026-09-14T23:42:12.3219347Z ^[[32mESM^[[39m ^[[1mdist/chunk-GQSK3T7X.js ^[[22m^[[32m219.58 KB^[[39m
package	Build and link coordinated sources	2026-09-14T23:42:12.3220560Z ^[[32mESM^[[39m ^[[1mdist/types.js          ^[[22m^[[32m1.00 B^[[39m
package	Build and link coordinated sources	2026-09-14T23:42:12.3222239Z ^[[32mESM^[[39m ^[[1mdist/chunk-7IWTWUNU.js ^[[22m^[[32m93.98 KB^[[39m
package	Build and link coordinated sources	2026-09-14T23:42:12.3224237Z ^[[32mESM^[[39m ^[[1mdist/chunk-TWMRZ43O.js ^[[22m^[[32m499.00 KB^[[39m
package	Build and link coordinated sources	2026-09-14T23:42:12.3226112Z ^[[32mESM^[[39m ^[[1mdist/docs.js           ^[[22m^[[32m526.61 KB^[[39m
package	Build and link coordinated sources	2026-09-14T23:42:12.3227953Z ^[[32mESM^[[39m ^[[1mdist/examples.js       ^[[22m^[[32m3.48 MB^[[39m
package	Build and link coordinated sources	2026-09-14T23:42:12.3230187Z ^[[32mESM^[[39m ⚡️ Build success in 1268ms
package	Build and link coordinated sources	2026-09-14T23:42:18.0925114Z ^[[32mDTS^[[39m ⚡️ Build success in 6633ms
package	Build and link coordinated sources	2026-09-14T23:42:18.0934439Z ^[[32mDTS^[[39m ^[[1mdist/index.d.ts                 ^[[22m^[[32m3.16 KB^[[39m
package	Build and link coordinated sources	2026-09-14T23:42:18.0935678Z ^[[32mDTS^[[39m ^[[1mdist/data.d.ts                  ^[[22m^[[32m1005.00 B^[[39m
package	Build and link coordinated sources	2026-09-14T23:42:18.0937154Z ^[[32mDTS^[[39m ^[[1mdist/pagination.d.ts            ^[[22m^[[32m2.40 KB^[[39m
package	Build and link coordinated sources	2026-09-14T23:42:18.0938368Z ^[[32mDTS^[[39m ^[[1mdist/previews.d.ts              ^[[22m^[[32m1.71 KB^[[39m
package	Build and link coordinated sources	2026-09-14T23:42:18.0939590Z ^[[32mDTS^[[39m ^[[1mdist/repo-readme.d.ts           ^[[22m^[[32m139.00 B^[[39m
package	Build and link coordinated sources	2026-09-14T23:42:18.0940802Z ^[[32mDTS^[[39m ^[[1mdist/examples.d.ts              ^[[22m^[[32m2.09 KB^[[39m
package	Build and link coordinated sources	2026-09-14T23:42:18.0942155Z ^[[32mDTS^[[39m ^[[1mdist/docs.d.ts                  ^[[22m^[[32m671.00 B^[[39m
package	Build and link coordinated sources	2026-09-14T23:42:18.0943153Z ^[[32mDTS^[[39m ^[[1mdist/composition.d.ts           ^[[22m^[[32m25.02 KB^[[39m
package	Build and link coordinated sources	2026-09-14T23:42:18.0943746Z ^[[32mDTS^[[39m ^[[1mdist/validator.d.ts             ^[[22m^[[32m1.54 KB^[[39m
package	Build and link coordinated sources	2026-09-14T23:42:18.0955222Z ^[[32mDTS^[[39m ^[[1mdist/spec-files.d.ts            ^[[22m^[[32m19.57 KB^[[39m
package	Build and link coordinated sources	2026-09-14T23:42:18.0956809Z ^[[32mDTS^[[39m ^[[1mdist/schemas.d.ts               ^[[22m^[[32m314.00 B^[[39m
package	Build and link coordinated sources	2026-09-14T23:42:18.0958301Z ^[[32mDTS^[[39m ^[[1mdist/catalogs.d.ts              ^[[22m^[[32m454.00 B^[[39m
package	Build and link coordinated sources	2026-09-14T23:42:18.0959608Z ^[[32mDTS^[[39m ^[[1mdist/types.d.ts                 ^[[22m^[[32m416.00 B^[[39m
package	Build and link coordinated sources	2026-09-14T23:42:18.0961950Z ^[[32mDTS^[[39m ^[[1mdist/presentation-BMTdX6O1.d.ts ^[[22m^[[32m113.38 KB^[[39m
package	Build and link coordinated sources	2026-09-14T23:42:18.0962968Z ^[[32mDTS^[[39m ^[[1mdist/schemas--QRVBhU1.d.ts      ^[[22m^[[32m8.84 KB^[[39m
package	Build and link coordinated sources	2026-09-14T23:42:18.0963847Z ^[[32mDTS^[[39m ^[[1mdist/catalogs-BnnkUX9O.d.ts     ^[[22m^[[32m46.31 KB^[[39m
package	Build and link coordinated sources	2026-09-14T23:42:18.7348735Z 
package	Build and link coordinated sources	2026-09-14T23:42:18.7350136Z > @openpresentation/cli@0.7.0 build /__w/opf-editor/opf-editor/opf/packages/cli
package	Build and link coordinated sources	2026-09-14T23:42:18.7350933Z > pnpm --filter @openpresentation/opf build && tsup
package	Build and link coordinated sources	2026-09-14T23:42:18.7351545Z 
package	Build and link coordinated sources	2026-09-14T23:42:19.0577806Z 
package	Build and link coordinated sources	2026-09-14T23:42:19.0578862Z > @openpresentation/opf@0.9.0 build /__w/opf-editor/opf-editor/opf/packages/javascript
package	Build and link coordinated sources	2026-09-14T23:42:19.0580079Z > pnpm run generate && tsup && node scripts/copy-spec.mjs
package	Build and link coordinated sources	2026-09-14T23:42:19.0580397Z 
package	Build and link coordinated sources	2026-09-14T23:42:19.3711865Z 
package	Build and link coordinated sources	2026-09-14T23:42:19.3713014Z > @openpresentation/opf@0.9.0 generate /__w/opf-editor/opf-editor/opf/packages/javascript
package	Build and link coordinated sources	2026-09-14T23:42:19.3714051Z > node scripts/generate.mjs && node scripts/generate-previews.mjs && node scripts/generate-content.mjs
package	Build and link coordinated sources	2026-09-14T23:42:19.3714584Z 
package	Build and link coordinated sources	2026-09-14T23:42:19.8395805Z Generated src/generated/previews.ts (70 previews)
package	Build and link coordinated sources	2026-09-14T23:42:19.9518793Z Generated src/generated/examples.ts (126 examples, 7 galleries)
package	Build and link coordinated sources	2026-09-14T23:42:19.9647904Z Generated src/generated/docs.ts (28 docs)
package	Build and link coordinated sources	2026-09-14T23:42:19.9655614Z Generated src/generated/repo-readme.ts (11388 bytes)
package	Build and link coordinated sources	2026-09-14T23:42:20.2887982Z ^[[34mCLI^[[39m Building entry: {"data":"src/data.ts","pagination":"src/pagination.ts","composition":"src/composition.ts","index":"src/index.ts","schemas":"src/schemas.ts","catalogs":"src/catalogs.ts","validator":"src/validator.ts","types":"src/types.ts","spec-files":"src/spec-files.ts","previews":"src/previews.ts","examples":"src/examples.ts","docs":"src/docs.ts","repo-readme":"src/repo-readme.ts"}
package	Build and link coordinated sources	2026-09-14T23:42:20.2889794Z ^[[34mCLI^[[39m Using tsconfig: tsconfig.json
package	Build and link coordinated sources	2026-09-14T23:42:20.2890164Z ^[[34mCLI^[[39m tsup v8.5.1
package	Build and link coordinated sources	2026-09-14T23:42:20.2890818Z ^[[34mCLI^[[39m Using tsup config: /__w/opf-editor/opf-editor/opf/packages/javascript/tsup.config.ts
package	Build and link coordinated sources	2026-09-14T23:42:20.2932469Z ^[[34mCLI^[[39m Target: es2022
package	Build and link coordinated sources	2026-09-14T23:42:20.3224040Z ^[[34mCLI^[[39m Cleaning output folder
package	Build and link coordinated sources	2026-09-14T23:42:20.3239627Z ^[[34mESM^[[39m Build start
package	Build and link coordinated sources	2026-09-14T23:42:20.9928767Z Generated an empty chunk: "types".
package	Build and link coordinated sources	2026-09-14T23:42:21.1603576Z ^[[34mDTS^[[39m Build start
package	Build and link coordinated sources	2026-09-14T23:42:21.4428524Z ^[[32mESM^[[39m ^[[1mdist/spec-files.js     ^[[22m^[[32m85.00 B^[[39m
package	Build and link coordinated sources	2026-09-14T23:42:21.4444630Z ^[[32mESM^[[39m ^[[1mdist/previews.js       ^[[22m^[[32m130.00 B^[[39m
package	Build and link coordinated sources	2026-09-14T23:42:21.4446209Z ^[[32mESM^[[39m ^[[1mdist/repo-readme.js    ^[[22m^[[32m11.47 KB^[[39m
package	Build and link coordinated sources	2026-09-14T23:42:21.4447471Z ^[[32mESM^[[39m ^[[1mdist/data.js           ^[[22m^[[32m95.00 B^[[39m
package	Build and link coordinated sources	2026-09-14T23:42:21.4448749Z ^[[32mESM^[[39m ^[[1mdist/pagination.js     ^[[22m^[[32m215.00 B^[[39m
package	Build and link coordinated sources	2026-09-14T23:42:21.4449926Z ^[[32mESM^[[39m ^[[1mdist/composition.js    ^[[22m^[[32m437.00 B^[[39m
package	Build and link coordinated sources	2026-09-14T23:42:21.4451378Z ^[[32mESM^[[39m ^[[1mdist/index.js          ^[[22m^[[32m1.38 KB^[[39m
package	Build and link coordinated sources	2026-09-14T23:42:21.4452597Z ^[[32mESM^[[39m ^[[1mdist/chunk-PIQXLBBJ.js ^[[22m^[[32m108.89 KB^[[39m
package	Build and link coordinated sources	2026-09-14T23:42:21.4453906Z ^[[32mESM^[[39m ^[[1mdist/chunk-SOSOBKQ2.js ^[[22m^[[32m6.52 KB^[[39m
package	Build and link coordinated sources	2026-09-14T23:42:21.4455061Z ^[[32mESM^[[39m ^[[1mdist/chunk-F7ZUBA4H.js ^[[22m^[[32m14.23 KB^[[39m
package	Build and link coordinated sources	2026-09-14T23:42:21.4456259Z ^[[32mESM^[[39m ^[[1mdist/schemas.js        ^[[22m^[[32m202.00 B^[[39m
package	Build and link coordinated sources	2026-09-14T23:42:21.4457365Z ^[[32mESM^[[39m ^[[1mdist/catalogs.js       ^[[22m^[[32m238.00 B^[[39m
package	Build and link coordinated sources	2026-09-14T23:42:21.4458479Z ^[[32mESM^[[39m ^[[1mdist/validator.js      ^[[22m^[[32m267.00 B^[[39m
package	Build and link coordinated sources	2026-09-14T23:42:21.4459621Z ^[[32mESM^[[39m ^[[1mdist/chunk-OZULJBSG.js ^[[22m^[[32m117.86 KB^[[39m
package	Build and link coordinated sources	2026-09-14T23:42:21.4460823Z ^[[32mESM^[[39m ^[[1mdist/chunk-JANDGUGA.js ^[[22m^[[32m27.16 KB^[[39m
package	Build and link coordinated sources	2026-09-14T23:42:21.4462388Z ^[[32mESM^[[39m ^[[1mdist/chunk-7IWTWUNU.js ^[[22m^[[32m93.98 KB^[[39m
package	Build and link coordinated sources	2026-09-14T23:42:21.4463356Z ^[[32mESM^[[39m ^[[1mdist/types.js          ^[[22m^[[32m1.00 B^[[39m
package	Build and link coordinated sources	2026-09-14T23:42:21.4464265Z ^[[32mESM^[[39m ^[[1mdist/chunk-GQSK3T7X.js ^[[22m^[[32m219.58 KB^[[39m
package	Build and link coordinated sources	2026-09-14T23:42:21.4465242Z ^[[32mESM^[[39m ^[[1mdist/chunk-TWMRZ43O.js ^[[22m^[[32m499.00 KB^[[39m
package	Build and link coordinated sources	2026-09-14T23:42:21.4466134Z ^[[32mESM^[[39m ^[[1mdist/docs.js           ^[[22m^[[32m526.61 KB^[[39m
package	Build and link coordinated sources	2026-09-14T23:42:21.4467015Z ^[[32mESM^[[39m ^[[1mdist/examples.js       ^[[22m^[[32m3.48 MB^[[39m
package	Build and link coordinated sources	2026-09-14T23:42:21.4467808Z ^[[32mESM^[[39m ⚡️ Build success in 1120ms
package	Build and link coordinated sources	2026-09-14T23:42:27.1927301Z ^[[32mDTS^[[39m ⚡️ Build success in 6473ms
package	Build and link coordinated sources	2026-09-14T23:42:27.1936907Z ^[[32mDTS^[[39m ^[[1mdist/index.d.ts                 ^[[22m^[[32m3.16 KB^[[39m
package	Build and link coordinated sources	2026-09-14T23:42:27.1939151Z ^[[32mDTS^[[39m ^[[1mdist/data.d.ts                  ^[[22m^[[32m1005.00 B^[[39m
package	Build and link coordinated sources	2026-09-14T23:42:27.1941561Z ^[[32mDTS^[[39m ^[[1mdist/pagination.d.ts            ^[[22m^[[32m2.40 KB^[[39m
package	Build and link coordinated sources	2026-09-14T23:42:27.1943800Z ^[[32mDTS^[[39m ^[[1mdist/previews.d.ts              ^[[22m^[[32m1.71 KB^[[39m
package	Build and link coordinated sources	2026-09-14T23:42:27.1945010Z ^[[32mDTS^[[39m ^[[1mdist/repo-readme.d.ts           ^[[22m^[[32m139.00 B^[[39m
package	Build and link coordinated sources	2026-09-14T23:42:27.1945883Z ^[[32mDTS^[[39m ^[[1mdist/examples.d.ts              ^[[22m^[[32m2.09 KB^[[39m
package	Build and link coordinated sources	2026-09-14T23:42:27.1946507Z ^[[32mDTS^[[39m ^[[1mdist/docs.d.ts                  ^[[22m^[[32m671.00 B^[[39m
package	Build and link coordinated sources	2026-09-14T23:42:27.1947076Z ^[[32mDTS^[[39m ^[[1mdist/composition.d.ts           ^[[22m^[[32m25.02 KB^[[39m
package	Build and link coordinated sources	2026-09-14T23:42:27.1947651Z ^[[32mDTS^[[39m ^[[1mdist/validator.d.ts             ^[[22m^[[32m1.54 KB^[[39m
package	Build and link coordinated sources	2026-09-14T23:42:27.1948244Z ^[[32mDTS^[[39m ^[[1mdist/spec-files.d.ts            ^[[22m^[[32m19.57 KB^[[39m
package	Build and link coordinated sources	2026-09-14T23:42:27.1948827Z ^[[32mDTS^[[39m ^[[1mdist/schemas.d.ts               ^[[22m^[[32m314.00 B^[[39m
package	Build and link coordinated sources	2026-09-14T23:42:27.1949416Z ^[[32mDTS^[[39m ^[[1mdist/catalogs.d.ts              ^[[22m^[[32m454.00 B^[[39m
package	Build and link coordinated sources	2026-09-14T23:42:27.1950289Z ^[[32mDTS^[[39m ^[[1mdist/types.d.ts                 ^[[22m^[[32m416.00 B^[[39m
package	Build and link coordinated sources	2026-09-14T23:42:27.1951023Z ^[[32mDTS^[[39m ^[[1mdist/presentation-BMTdX6O1.d.ts ^[[22m^[[32m113.38 KB^[[39m
package	Build and link coordinated sources	2026-09-14T23:42:27.1952759Z ^[[32mDTS^[[39m ^[[1mdist/schemas--QRVBhU1.d.ts      ^[[22m^[[32m8.84 KB^[[39m
package	Build and link coordinated sources	2026-09-14T23:42:27.1953546Z ^[[32mDTS^[[39m ^[[1mdist/catalogs-BnnkUX9O.d.ts     ^[[22m^[[32m46.31 KB^[[39m
package	Build and link coordinated sources	2026-09-14T23:42:27.8314879Z ^[[34mCLI^[[39m Building entry: {"index":"src/index.ts"}
package	Build and link coordinated sources	2026-09-14T23:42:27.8317994Z ^[[34mCLI^[[39m Using tsconfig: tsconfig.json
package	Build and link coordinated sources	2026-09-14T23:42:27.8319238Z ^[[34mCLI^[[39m tsup v8.5.1
package	Build and link coordinated sources	2026-09-14T23:42:27.8320524Z ^[[34mCLI^[[39m Using tsup config: /__w/opf-editor/opf-editor/opf/packages/cli/tsup.config.ts
package	Build and link coordinated sources	2026-09-14T23:42:27.8339047Z ^[[34mCLI^[[39m Target: node24
package	Build and link coordinated sources	2026-09-14T23:42:27.8369324Z ^[[34mCLI^[[39m Cleaning output folder
package	Build and link coordinated sources	2026-09-14T23:42:27.8382623Z ^[[34mESM^[[39m Build start
package	Build and link coordinated sources	2026-09-14T23:42:27.9892611Z ^[[32mESM^[[39m ^[[1mdist/index.js     ^[[22m^[[32m1.22 MB^[[39m
package	Build and link coordinated sources	2026-09-14T23:42:27.9893496Z ^[[32mESM^[[39m ^[[1mdist/index.js.map ^[[22m^[[32m1.90 MB^[[39m
package	Build and link coordinated sources	2026-09-14T23:42:27.9894099Z ^[[32mESM^[[39m ⚡️ Build success in 151ms
package	Build and link coordinated sources	2026-09-14T23:42:28.1739346Z 
package	Build and link coordinated sources	2026-09-14T23:42:28.1740148Z > @openpresentation/opf-render@0.7.0 build
package	Build and link coordinated sources	2026-09-14T23:42:28.1740954Z > node scripts/build.mjs
package	Build and link coordinated sources	2026-09-14T23:42:28.1741545Z 
package	Build and link coordinated sources	2026-09-14T23:42:28.2179286Z opf-render: linked current OPF checkout
package	Build and link coordinated sources	2026-09-14T23:42:28.3324187Z 
package	Build and link coordinated sources	2026-09-14T23:42:28.3325155Z > @openpresentation/opf-pptx@0.7.0 build
package	Build and link coordinated sources	2026-09-14T23:42:28.3325867Z > node scripts/build.mjs
package	Build and link coordinated sources	2026-09-14T23:42:28.3326182Z 
package	Build and link coordinated sources	2026-09-14T23:42:28.3717590Z Vendored upstream distribution and license match recorded hashes.
package	Build and link coordinated sources	2026-09-14T23:42:28.3885171Z opf-pptx: linked current OPF, renderer checkout
package	Build and link coordinated sources	2026-09-14T23:42:28.5058601Z 
package	Build and link coordinated sources	2026-09-14T23:42:28.5059302Z > @openpresentation/opf-editor@0.6.0 build
package	Build and link coordinated sources	2026-09-14T23:42:28.5059804Z > node scripts/build.mjs
package	Build and link coordinated sources	2026-09-14T23:42:28.5060012Z 
package	Build and link coordinated sources	2026-09-14T23:42:28.5546972Z opf-editor: linked current OPF, renderer, converter checkout
package	Run npm audit	﻿2026-09-14T23:42:28.5674868Z ##[group]Run npm audit
package	Run npm audit	2026-09-14T23:42:28.5675355Z ^[[36;1mnpm audit^[[0m
package	Run npm audit	2026-09-14T23:42:28.5675918Z shell: sh -e {0}
package	Run npm audit	2026-09-14T23:42:28.5676277Z env:
package	Run npm audit	2026-09-14T23:42:28.5677177Z   OPF_GOLDEN_BASELINE: /home/runner/work/opf-editor/opf-editor/opf-render/test/golden/opf-examples-png.furniture.sha256.json
package	Run npm audit	2026-09-14T23:42:28.5678410Z   PNPM_HOME: /github/home/setup-pnpm/node_modules/.bin
package	Run npm audit	2026-09-14T23:42:28.5679022Z ##[endgroup]
package	Run npm audit	2026-09-14T23:42:28.9987678Z found 0 vulnerabilities
package	Run npm run typecheck	﻿2026-09-14T23:42:29.0169595Z ##[group]Run npm run typecheck
package	Run npm run typecheck	2026-09-14T23:42:29.0170130Z ^[[36;1mnpm run typecheck^[[0m
package	Run npm run typecheck	2026-09-14T23:42:29.0170910Z shell: sh -e {0}
package	Run npm run typecheck	2026-09-14T23:42:29.0171498Z env:
package	Run npm run typecheck	2026-09-14T23:42:29.0172367Z   OPF_GOLDEN_BASELINE: /home/runner/work/opf-editor/opf-editor/opf-render/test/golden/opf-examples-png.furniture.sha256.json
package	Run npm run typecheck	2026-09-14T23:42:29.0173424Z   PNPM_HOME: /github/home/setup-pnpm/node_modules/.bin
package	Run npm run typecheck	2026-09-14T23:42:29.0173771Z ##[endgroup]
package	Run npm run typecheck	2026-09-14T23:42:29.1824159Z 
package	Run npm run typecheck	2026-09-14T23:42:29.1825957Z > @openpresentation/opf-editor@0.6.0 typecheck
package	Run npm run typecheck	2026-09-14T23:42:29.1833461Z > node --check src/index.js && node --check src/react.js && node --check src/svelte.js && node --check scripts/build.mjs && node --check scripts/validate-package.mjs && node --check test/smoke.mjs && node --check test/component-smoke.mjs && node --check src/canvas.js && node --check src/canvas-fields.js && node --check test/canvas-fields.mjs && node --check test/browser-canvas.mjs && node --check src/transfer.js && node --check src/galleries.js && node --check examples/transfer-controls.js && node --check src/schema.js && node --check src/schema-inspector.js && node --check test/rich-table-browser.mjs && node --check test/styled-table.mjs && node --check test/styled-table-browser.mjs && node --check examples/pptx-controls.js && node --check scripts/build-playground.mjs && node --check test/playground-pptx.mjs
package	Run npm run typecheck	2026-09-14T23:42:29.1838600Z 
package	Run npm run validate	﻿2026-09-14T23:42:29.7579147Z ##[group]Run npm run validate
package	Run npm run validate	2026-09-14T23:42:29.7579709Z ^[[36;1mnpm run validate^[[0m
package	Run npm run validate	2026-09-14T23:42:29.7580255Z shell: sh -e {0}
package	Run npm run validate	2026-09-14T23:42:29.7580605Z env:
package	Run npm run validate	2026-09-14T23:42:29.7582351Z   OPF_GOLDEN_BASELINE: /home/runner/work/opf-editor/opf-editor/opf-render/test/golden/opf-examples-png.furniture.sha256.json
package	Run npm run validate	2026-09-14T23:42:29.7583508Z   PNPM_HOME: /github/home/setup-pnpm/node_modules/.bin
package	Run npm run validate	2026-09-14T23:42:29.7584080Z ##[endgroup]
package	Run npm run validate	2026-09-14T23:42:29.9170784Z 
package	Run npm run validate	2026-09-14T23:42:29.9171557Z > @openpresentation/opf-editor@0.6.0 validate
package	Run npm run validate	2026-09-14T23:42:29.9172629Z > node scripts/validate-package.mjs
package	Run npm run validate	2026-09-14T23:42:29.9172970Z 
package	Run npm run validate	2026-09-14T23:42:29.9493546Z @openpresentation/opf-editor metadata is release-lane ready.
package	Run npm test	﻿2026-09-14T23:42:29.9674702Z ##[group]Run npm test
package	Run npm test	2026-09-14T23:42:29.9675001Z ^[[36;1mnpm test^[[0m
package	Run npm test	2026-09-14T23:42:29.9675344Z shell: sh -e {0}
package	Run npm test	2026-09-14T23:42:29.9675557Z env:
package	Run npm test	2026-09-14T23:42:29.9676081Z   OPF_GOLDEN_BASELINE: /home/runner/work/opf-editor/opf-editor/opf-render/test/golden/opf-examples-png.furniture.sha256.json
package	Run npm test	2026-09-14T23:42:29.9676787Z   PNPM_HOME: /github/home/setup-pnpm/node_modules/.bin
package	Run npm test	2026-09-14T23:42:29.9677105Z ##[endgroup]
package	Run npm test	2026-09-14T23:42:30.1281106Z 
package	Run npm test	2026-09-14T23:42:30.1282049Z > @openpresentation/opf-editor@0.6.0 test
package	Run npm test	2026-09-14T23:42:30.1284068Z > npm run build && node test/accepted-text.mjs && node test/smoke.mjs && node test/component-smoke.mjs && node test/canvas-fields.mjs && node test/transfer.mjs && node test/schema.mjs && node test/rich-text.mjs && node test/layout.mjs && node test/blocks.mjs && node test/styled-table.mjs
package	Run npm test	2026-09-14T23:42:30.1285435Z 
package	Run npm test	2026-09-14T23:42:30.2336272Z 
package	Run npm test	2026-09-14T23:42:30.2337088Z > @openpresentation/opf-editor@0.6.0 build
package	Run npm test	2026-09-14T23:42:30.2337819Z > node scripts/build.mjs
package	Run npm test	2026-09-14T23:42:30.2338435Z 
package	Run npm test	2026-09-14T23:42:30.8597090Z Accepted text editor: 12 wide/portrait/alignment/card layouts match rendering across edit, undo/redo and explicit pagination.
package	Run npm test	2026-09-14T23:42:31.1826882Z opf-editor smoke passed
package	Run npm test	2026-09-14T23:42:31.9910230Z opf-editor component smoke passed
package	Run npm test	2026-09-14T23:42:32.3130011Z Canvas fields: escaped keys, types, immutable drafts, validation and undo passed.
package	Run npm test	2026-09-14T23:42:32.6776780Z Transfer: clipboard formats, code fences, fragments, collision-safe insertion, design/assets, undo and explicit gallery fetches passed.
package	Run npm test	2026-09-14T23:42:32.9960985Z Schema controls: 625 documented fields, nested paths, catalog records, background forms, required defaults passed.
package	Run npm test	2026-09-14T23:42:33.3284152Z Rich range editing passed: cross-run preservation, replacement, style removal, script exclusivity, grapheme safety, validation and atomic undo.
package	Run npm test	2026-09-14T23:42:33.3382280Z Native rich input passed: style/link preservation, repeated-character affinity, graphemes and bounded run growth.
package	Run npm test	2026-09-14T23:42:33.6598960Z Layout resizing passed: exact track geometry, row/column/nested/grid behavior, auto freeze, weight bounds, metadata preservation, stale guards and undo.
package	Run npm test	2026-09-14T23:42:34.0031372Z Block moves passed: sibling order, shifted group destinations, nested/ancestor/cross-slide moves, formatting/data preservation, no-op, cycle/empty rejection, guards and undo.
package	Run npm test	2026-09-14T23:42:34.0149469Z Block creation passed: presets, implicit normalization, groups/regions, duplication, empty ancestor pruning, guards, metadata and undo.
package	Run npm test	2026-09-14T23:42:34.3478457Z Styled table editor model passed: value-path typing/formatting, styles/spans, empty cells, properties, guarded structural edits and atomic undo.
package	Verify Playwright image version	﻿2026-09-14T23:42:34.3758028Z ##[group]Run node -e "if (require('playwright/package.json').version !== '1.63.0') throw new Error('Update the pinned Playwright image with the test package.');"
package	Verify Playwright image version	2026-09-14T23:42:34.3759143Z ^[[36;1mnode -e "if (require('playwright/package.json').version !== '1.63.0') throw new Error('Update the pinned Playwright image with the test package.');"^[[0m
package	Verify Playwright image version	2026-09-14T23:42:34.3759888Z shell: sh -e {0}
package	Verify Playwright image version	2026-09-14T23:42:34.3760091Z env:
package	Verify Playwright image version	2026-09-14T23:42:34.3760605Z   OPF_GOLDEN_BASELINE: /home/runner/work/opf-editor/opf-editor/opf-render/test/golden/opf-examples-png.furniture.sha256.json
package	Verify Playwright image version	2026-09-14T23:42:34.3761588Z   PNPM_HOME: /github/home/setup-pnpm/node_modules/.bin
package	Verify Playwright image version	2026-09-14T23:42:34.3761916Z ##[endgroup]
package	Run npm run test:playground	﻿2026-09-14T23:42:34.4621591Z ##[group]Run npm run test:playground
package	Run npm run test:playground	2026-09-14T23:42:34.4622193Z ^[[36;1mnpm run test:playground^[[0m
package	Run npm run test:playground	2026-09-14T23:42:34.4622738Z shell: sh -e {0}
package	Run npm run test:playground	2026-09-14T23:42:34.4623096Z env:
package	Run npm run test:playground	2026-09-14T23:42:34.4623978Z   OPF_GOLDEN_BASELINE: /home/runner/work/opf-editor/opf-editor/opf-render/test/golden/opf-examples-png.furniture.sha256.json
package	Run npm run test:playground	2026-09-14T23:42:34.4625127Z   PNPM_HOME: /github/home/setup-pnpm/node_modules/.bin
package	Run npm run test:playground	2026-09-14T23:42:34.4625687Z ##[endgroup]
package	Run npm run test:playground	2026-09-14T23:42:34.6221041Z 
package	Run npm run test:playground	2026-09-14T23:42:34.6222477Z > @openpresentation/opf-editor@0.6.0 test:playground
package	Run npm run test:playground	2026-09-14T23:42:34.6223229Z > npm run build:playground && node test/playground-pptx.mjs
package	Run npm run test:playground	2026-09-14T23:42:34.6223555Z 
package	Run npm run test:playground	2026-09-14T23:42:34.7284722Z 
package	Run npm run test:playground	2026-09-14T23:42:34.7285885Z > @openpresentation/opf-editor@0.6.0 build:playground
package	Run npm run test:playground	2026-09-14T23:42:34.7286568Z > node scripts/build-playground.mjs
package	Run npm run test:playground	2026-09-14T23:42:34.7286815Z 
package	Run npm run test:playground	2026-09-14T23:42:34.9708791Z ▲ [WARNING] Ignoring this import because "../opf/packages/javascript/dist/chunk-JANDGUGA.js" was marked as having no side effects [ignored-bare-import]
package	Run npm run test:playground	2026-09-14T23:42:34.9709717Z 
package	Run npm run test:playground	2026-09-14T23:42:34.9709956Z     ../opf/packages/javascript/dist/pagination.js:2:7:
package	Run npm run test:playground	2026-09-14T23:42:34.9710490Z       2 │ import './chunk-JANDGUGA.js';
package	Run npm run test:playground	2026-09-14T23:42:34.9710852Z         ╵        ~~~~~~~~~~~~~~~~~~~~~
package	Run npm run test:playground	2026-09-14T23:42:34.9711038Z 
package	Run npm run test:playground	2026-09-14T23:42:34.9711734Z   "sideEffects" is false in the enclosing "package.json" file:
package	Run npm run test:playground	2026-09-14T23:42:34.9712216Z 
package	Run npm run test:playground	2026-09-14T23:42:34.9712553Z     ../opf/packages/javascript/package.json:29:2:
package	Run npm run test:playground	2026-09-14T23:42:34.9713068Z       29 │   "sideEffects": false,
package	Run npm run test:playground	2026-09-14T23:42:34.9713383Z          ╵   ~~~~~~~~~~~~~
package	Run npm run test:playground	2026-09-14T23:42:34.9713552Z 
package	Run npm run test:playground	2026-09-14T23:42:34.9714298Z ▲ [WARNING] Ignoring this import because "../opf/packages/javascript/dist/chunk-7IWTWUNU.js" was marked as having no side effects [ignored-bare-import]
package	Run npm run test:playground	2026-09-14T23:42:34.9715337Z 
package	Run npm run test:playground	2026-09-14T23:42:34.9715654Z     ../opf/packages/javascript/dist/pagination.js:3:7:
package	Run npm run test:playground	2026-09-14T23:42:34.9716378Z       3 │ import './chunk-7IWTWUNU.js';
package	Run npm run test:playground	2026-09-14T23:42:34.9716987Z         ╵        ~~~~~~~~~~~~~~~~~~~~~
package	Run npm run test:playground	2026-09-14T23:42:34.9717285Z 
package	Run npm run test:playground	2026-09-14T23:42:34.9717636Z   "sideEffects" is false in the enclosing "package.json" file:
package	Run npm run test:playground	2026-09-14T23:42:34.9718127Z 
package	Run npm run test:playground	2026-09-14T23:42:34.9718403Z     ../opf/packages/javascript/package.json:29:2:
package	Run npm run test:playground	2026-09-14T23:42:34.9719058Z       29 │   "sideEffects": false,
package	Run npm run test:playground	2026-09-14T23:42:34.9719551Z          ╵   ~~~~~~~~~~~~~
package	Run npm run test:playground	2026-09-14T23:42:34.9719803Z 
package	Run npm run test:playground	2026-09-14T23:42:34.9721362Z ▲ [WARNING] Ignoring this import because "../opf/packages/javascript/dist/chunk-GQSK3T7X.js" was marked as having no side effects [ignored-bare-import]
package	Run npm run test:playground	2026-09-14T23:42:34.9722433Z 
package	Run npm run test:playground	2026-09-14T23:42:34.9722754Z     ../opf/packages/javascript/dist/pagination.js:4:7:
package	Run npm run test:playground	2026-09-14T23:42:34.9723478Z       4 │ import './chunk-GQSK3T7X.js';
package	Run npm run test:playground	2026-09-14T23:42:34.9724532Z         ╵        ~~~~~~~~~~~~~~~~~~~~~
package	Run npm run test:playground	2026-09-14T23:42:34.9724847Z 
package	Run npm run test:playground	2026-09-14T23:42:34.9725212Z   "sideEffects" is false in the enclosing "package.json" file:
package	Run npm run test:playground	2026-09-14T23:42:34.9725685Z 
package	Run npm run test:playground	2026-09-14T23:42:34.9725964Z     ../opf/packages/javascript/package.json:29:2:
package	Run npm run test:playground	2026-09-14T23:42:34.9726605Z       29 │   "sideEffects": false,
package	Run npm run test:playground	2026-09-14T23:42:34.9727091Z          ╵   ~~~~~~~~~~~~~
package	Run npm run test:playground	2026-09-14T23:42:34.9727338Z 
package	Run npm run test:playground	2026-09-14T23:42:34.9728638Z ▲ [WARNING] Ignoring this import because "../opf/packages/javascript/dist/chunk-TWMRZ43O.js" was marked as having no side effects [ignored-bare-import]
package	Run npm run test:playground	2026-09-14T23:42:34.9729658Z 
package	Run npm run test:playground	2026-09-14T23:42:34.9729962Z     ../opf/packages/javascript/dist/pagination.js:5:7:
package	Run npm run test:playground	2026-09-14T23:42:34.9730654Z       5 │ import './chunk-TWMRZ43O.js';
package	Run npm run test:playground	2026-09-14T23:42:34.9731489Z         ╵        ~~~~~~~~~~~~~~~~~~~~~
package	Run npm run test:playground	2026-09-14T23:42:34.9731802Z 
package	Run npm run test:playground	2026-09-14T23:42:34.9732165Z   "sideEffects" is false in the enclosing "package.json" file:
package	Run npm run test:playground	2026-09-14T23:42:34.9732644Z 
package	Run npm run test:playground	2026-09-14T23:42:34.9732924Z     ../opf/packages/javascript/package.json:29:2:
package	Run npm run test:playground	2026-09-14T23:42:34.9733596Z       29 │   "sideEffects": false,
package	Run npm run test:playground	2026-09-14T23:42:34.9734202Z          ╵   ~~~~~~~~~~~~~
package	Run npm run test:playground	2026-09-14T23:42:34.9735010Z 
package	Run npm run test:playground	2026-09-14T23:42:35.5410431Z Browser editor built in artifacts/playground
package	Run npm run test:playground	2026-09-14T23:43:02.7962574Z {
package	Run npm run test:playground	2026-09-14T23:43:02.7962918Z   "passed": true,
package	Run npm run test:playground	2026-09-14T23:43:02.7963178Z   "browser": "153.0.8010.12",
package	Run npm run test:playground	2026-09-14T23:43:02.7963475Z   "offlineAfterLoad": true,
package	Run npm run test:playground	2026-09-14T23:43:02.7963755Z   "pptxBytes": 16376,
package	Run npm run test:playground	2026-09-14T23:43:02.7964009Z   "nativeTable": true,
package	Run npm run test:playground	2026-09-14T23:43:02.7964254Z   "mergedCells": true,
package	Run npm run test:playground	2026-09-14T23:43:02.7964509Z   "exportCommitsDraft": true,
package	Run npm run test:playground	2026-09-14T23:43:02.7965006Z   "importUndoRedo": true,
package	Run npm run test:playground	2026-09-14T23:43:02.7965467Z   "expandedImageImport": true,
package	Run npm run test:playground	2026-09-14T23:43:02.7965984Z   "quoteSourceEditingUndo": true,
package	Run npm run test:playground	2026-09-14T23:43:02.7966567Z   "onePageReadabilityUndo": true,
package	Run npm run test:playground	2026-09-14T23:43:02.7967112Z   "quoteTextReimportUndo": true,
package	Run npm run test:playground	2026-09-14T23:43:02.7967684Z   "quoteSemanticsRestored": false,
package	Run npm run test:playground	2026-09-14T23:43:02.7968263Z   "malformedInputPreservesDocument": true,
package	Run npm run test:playground	2026-09-14T23:43:02.7968804Z   "networkWrites": 0
package	Run npm run test:playground	2026-09-14T23:43:02.7969209Z }
package	Run npm run test:code-browser	﻿2026-09-14T23:43:02.8783916Z ##[group]Run npm run test:code-browser
package	Run npm run test:code-browser	2026-09-14T23:43:02.8784310Z ^[[36;1mnpm run test:code-browser^[[0m
package	Run npm run test:code-browser	2026-09-14T23:43:02.8784661Z shell: sh -e {0}
package	Run npm run test:code-browser	2026-09-14T23:43:02.8784868Z env:
package	Run npm run test:code-browser	2026-09-14T23:43:02.8785373Z   OPF_GOLDEN_BASELINE: /home/runner/work/opf-editor/opf-editor/opf-render/test/golden/opf-examples-png.furniture.sha256.json
package	Run npm run test:code-browser	2026-09-14T23:43:02.8786027Z   PNPM_HOME: /github/home/setup-pnpm/node_modules/.bin
package	Run npm run test:code-browser	2026-09-14T23:43:02.8786350Z ##[endgroup]
package	Run npm run test:code-browser	2026-09-14T23:43:03.0261525Z 
package	Run npm run test:code-browser	2026-09-14T23:43:03.0262227Z > @openpresentation/opf-editor@0.6.0 test:code-browser
package	Run npm run test:code-browser	2026-09-14T23:43:03.0263015Z > node test/code-browser.mjs
package	Run npm run test:code-browser	2026-09-14T23:43:03.0263324Z 
package	Run npm run test:code-browser	2026-09-14T23:43:04.0159952Z ▲ [WARNING] Ignoring this import because "../opf/packages/javascript/dist/chunk-JANDGUGA.js" was marked as having no side effects [ignored-bare-import]
package	Run npm run test:code-browser	2026-09-14T23:43:04.0160847Z 
package	Run npm run test:code-browser	2026-09-14T23:43:04.0161777Z     ../opf/packages/javascript/dist/pagination.js:2:7:
package	Run npm run test:code-browser	2026-09-14T23:43:04.0162610Z       2 │ import './chunk-JANDGUGA.js';
package	Run npm run test:code-browser	2026-09-14T23:43:04.0163665Z         ╵        ~~~~~~~~~~~~~~~~~~~~~
package	Run npm run test:code-browser	2026-09-14T23:43:04.0163995Z 
package	Run npm run test:code-browser	2026-09-14T23:43:04.0167903Z   "sideEffects" is false in the enclosing "package.json" file:
package	Run npm run test:code-browser	2026-09-14T23:43:04.0168862Z 
package	Run npm run test:code-browser	2026-09-14T23:43:04.0169485Z     ../opf/packages/javascript/package.json:29:2:
package	Run npm run test:code-browser	2026-09-14T23:43:04.0170532Z       29 │   "sideEffects": false,
package	Run npm run test:code-browser	2026-09-14T23:43:04.0171617Z          ╵   ~~~~~~~~~~~~~
package	Run npm run test:code-browser	2026-09-14T23:43:04.0172144Z 
package	Run npm run test:code-browser	2026-09-14T23:43:04.0173734Z ▲ [WARNING] Ignoring this import because "../opf/packages/javascript/dist/chunk-7IWTWUNU.js" was marked as having no side effects [ignored-bare-import]
package	Run npm run test:code-browser	2026-09-14T23:43:04.0175059Z 
package	Run npm run test:code-browser	2026-09-14T23:43:04.0175620Z     ../opf/packages/javascript/dist/pagination.js:3:7:
package	Run npm run test:code-browser	2026-09-14T23:43:04.0177013Z       3 │ import './chunk-7IWTWUNU.js';
package	Run npm run test:code-browser	2026-09-14T23:43:04.0177860Z         ╵        ~~~~~~~~~~~~~~~~~~~~~
package	Run npm run test:code-browser	2026-09-14T23:43:04.0178439Z 
package	Run npm run test:code-browser	2026-09-14T23:43:04.0179031Z   "sideEffects" is false in the enclosing "package.json" file:
package	Run npm run test:code-browser	2026-09-14T23:43:04.0179765Z 
package	Run npm run test:code-browser	2026-09-14T23:43:04.0180401Z     ../opf/packages/javascript/package.json:29:2:
package	Run npm run test:code-browser	2026-09-14T23:43:04.0181768Z       29 │   "sideEffects": false,
package	Run npm run test:code-browser	2026-09-14T23:43:04.0182568Z          ╵   ~~~~~~~~~~~~~
package	Run npm run test:code-browser	2026-09-14T23:43:04.0183064Z 
package	Run npm run test:code-browser	2026-09-14T23:43:04.0184678Z ▲ [WARNING] Ignoring this import because "../opf/packages/javascript/dist/chunk-GQSK3T7X.js" was marked as having no side effects [ignored-bare-import]
package	Run npm run test:code-browser	2026-09-14T23:43:04.0186001Z 
package	Run npm run test:code-browser	2026-09-14T23:43:04.0186529Z     ../opf/packages/javascript/dist/pagination.js:4:7:
package	Run npm run test:code-browser	2026-09-14T23:43:04.0187505Z       4 │ import './chunk-GQSK3T7X.js';
package	Run npm run test:code-browser	2026-09-14T23:43:04.0188347Z         ╵        ~~~~~~~~~~~~~~~~~~~~~
package	Run npm run test:code-browser	2026-09-14T23:43:04.0188871Z 
package	Run npm run test:code-browser	2026-09-14T23:43:04.0189444Z   "sideEffects" is false in the enclosing "package.json" file:
package	Run npm run test:code-browser	2026-09-14T23:43:04.0190151Z 
package	Run npm run test:code-browser	2026-09-14T23:43:04.0190636Z     ../opf/packages/javascript/package.json:29:2:
package	Run npm run test:code-browser	2026-09-14T23:43:04.0191786Z       29 │   "sideEffects": false,
package	Run npm run test:code-browser	2026-09-14T23:43:04.0192531Z          ╵   ~~~~~~~~~~~~~
package	Run npm run test:code-browser	2026-09-14T23:43:04.0193009Z 
package	Run npm run test:code-browser	2026-09-14T23:43:04.0194556Z ▲ [WARNING] Ignoring this import because "../opf/packages/javascript/dist/chunk-TWMRZ43O.js" was marked as having no side effects [ignored-bare-import]
package	Run npm run test:code-browser	2026-09-14T23:43:04.0195867Z 
package	Run npm run test:code-browser	2026-09-14T23:43:04.0196394Z     ../opf/packages/javascript/dist/pagination.js:5:7:
package	Run npm run test:code-browser	2026-09-14T23:43:04.0197356Z       5 │ import './chunk-TWMRZ43O.js';
package	Run npm run test:code-browser	2026-09-14T23:43:04.0198210Z         ╵        ~~~~~~~~~~~~~~~~~~~~~
package	Run npm run test:code-browser	2026-09-14T23:43:04.0198723Z 
package	Run npm run test:code-browser	2026-09-14T23:43:04.0199283Z   "sideEffects" is false in the enclosing "package.json" file:
package	Run npm run test:code-browser	2026-09-14T23:43:04.0199958Z 
package	Run npm run test:code-browser	2026-09-14T23:43:04.0200442Z     ../opf/packages/javascript/package.json:29:2:
package	Run npm run test:code-browser	2026-09-14T23:43:04.0201550Z       29 │   "sideEffects": false,
package	Run npm run test:code-browser	2026-09-14T23:43:04.0202237Z          ╵   ~~~~~~~~~~~~~
package	Run npm run test:code-browser	2026-09-14T23:43:04.0202584Z 
package	Run npm run test:code-browser	2026-09-14T23:43:06.6445508Z Code canvas: wide/portrait source editing, metadata, CRLF, tabs, pagination, undo, offline export and bounded reimport checks pass.
package	Install and exercise coordinated candidate tarballs	﻿2026-09-14T23:43:06.7035993Z ##[group]Run pnpm pack:ecosystem
package	Install and exercise coordinated candidate tarballs	2026-09-14T23:43:06.7036353Z ^[[36;1mpnpm pack:ecosystem^[[0m
package	Install and exercise coordinated candidate tarballs	2026-09-14T23:43:06.7036629Z ^[[36;1mpnpm test:packed-ecosystem^[[0m
package	Install and exercise coordinated candidate tarballs	2026-09-14T23:43:06.7036912Z ^[[36;1mpnpm test:packed-browser^[[0m
package	Install and exercise coordinated candidate tarballs	2026-09-14T23:43:06.7037413Z ^[[36;1mnode scripts/test-plain-whitespace-workflow.mjs artifacts/plain-whitespace-workflow installed^[[0m
package	Install and exercise coordinated candidate tarballs	2026-09-14T23:43:06.7038123Z ^[[36;1mnode scripts/test-readability-browser.mjs artifacts/readability-browser installed^[[0m
package	Install and exercise coordinated candidate tarballs	2026-09-14T23:43:06.7038753Z ^[[36;1mnode scripts/test-timeline-workflow.mjs artifacts/timeline-workflow installed^[[0m
package	Install and exercise coordinated candidate tarballs	2026-09-14T23:43:06.7039360Z ^[[36;1mnode scripts/test-furniture-workflow.mjs artifacts/furniture-workflow installed^[[0m
package	Install and exercise coordinated candidate tarballs	2026-09-14T23:43:06.7039963Z ^[[36;1mnode scripts/test-timeline-acceptance.mjs artifacts/timeline-acceptance.json^[[0m
package	Install and exercise coordinated candidate tarballs	2026-09-14T23:43:06.7040469Z ^[[36;1mnode scripts/test-installed-code-guards.mjs^[[0m
package	Install and exercise coordinated candidate tarballs	2026-09-14T23:43:06.7040849Z shell: sh -e {0}
package	Install and exercise coordinated candidate tarballs	2026-09-14T23:43:06.7041478Z env:
package	Install and exercise coordinated candidate tarballs	2026-09-14T23:43:06.7042078Z   OPF_GOLDEN_BASELINE: /home/runner/work/opf-editor/opf-editor/opf-render/test/golden/opf-examples-png.furniture.sha256.json
package	Install and exercise coordinated candidate tarballs	2026-09-14T23:43:06.7042739Z   PNPM_HOME: /github/home/setup-pnpm/node_modules/.bin
package	Install and exercise coordinated candidate tarballs	2026-09-14T23:43:06.7043059Z ##[endgroup]
package	Install and exercise coordinated candidate tarballs	2026-09-14T23:43:07.0371349Z 
package	Install and exercise coordinated candidate tarballs	2026-09-14T23:43:07.0372248Z > openpresentation-workspace@ pack:ecosystem /__w/opf-editor/opf-editor/opf
package	Install and exercise coordinated candidate tarballs	2026-09-14T23:43:07.0372947Z > node scripts/pack-ecosystem.mjs
package	Install and exercise coordinated candidate tarballs	2026-09-14T23:43:07.0373172Z 
package	Install and exercise coordinated candidate tarballs	2026-09-14T23:43:09.3273946Z [
package	Install and exercise coordinated candidate tarballs	2026-09-14T23:43:09.3274416Z   {
package	Install and exercise coordinated candidate tarballs	2026-09-14T23:43:09.3274859Z     "name": "@openpresentation/opf",
package	Install and exercise coordinated candidate tarballs	2026-09-14T23:43:09.3275430Z     "version": "0.4.0-preview.11",
package	Install and exercise coordinated candidate tarballs	2026-09-14T23:43:09.3276082Z     "file": "openpresentation-opf-0.4.0-preview.11.tgz",
package	Install and exercise coordinated candidate tarballs	2026-09-14T23:43:09.3277366Z     "sha256": "ed3eb2eb5e8edaad3a7cd9db4db46f8a3ca1301fe630edc9fa6df80c9659f9ef",
package	Install and exercise coordinated candidate tarballs	2026-09-14T23:43:09.3277954Z     "bytes": 2354284
package	Install and exercise coordinated candidate tarballs	2026-09-14T23:43:09.3278185Z   },
package	Install and exercise coordinated candidate tarballs	2026-09-14T23:43:09.3278381Z   {
package	Install and exercise coordinated candidate tarballs	2026-09-14T23:43:09.3278645Z     "name": "@openpresentation/opf-render",
package	Install and exercise coordinated candidate tarballs	2026-09-14T23:43:09.3279004Z     "version": "0.1.0-preview.11",
package	Install and exercise coordinated candidate tarballs	2026-09-14T23:43:09.3279480Z     "file": "openpresentation-opf-render-0.1.0-preview.11.tgz",
package	Install and exercise coordinated candidate tarballs	2026-09-14T23:43:09.3280107Z     "sha256": "5f62ba4174b4d5fcc1e5c7c0ce2da3beebb0e3c2292c3f19a69990b50b190f11",
package	Install and exercise coordinated candidate tarballs	2026-09-14T23:43:09.3280568Z     "bytes": 42112
package	Install and exercise coordinated candidate tarballs	2026-09-14T23:43:09.3280783Z   },
package	Install and exercise coordinated candidate tarballs	2026-09-14T23:43:09.3281002Z   {
package	Install and exercise coordinated candidate tarballs	2026-09-14T23:43:09.3282992Z     "name": "@openpresentation/opf-editor",
package	Install and exercise coordinated candidate tarballs	2026-09-14T23:43:09.3283498Z     "version": "0.1.0-preview.11",
package	Install and exercise coordinated candidate tarballs	2026-09-14T23:43:09.3283951Z     "file": "openpresentation-opf-editor-0.1.0-preview.11.tgz",
package	Install and exercise coordinated candidate tarballs	2026-09-14T23:43:09.3284557Z     "sha256": "8b110ea0073bf32100c4917c2c00ebcb958b6e6dc5ff83ced2e3a9ac269ef66f",
package	Install and exercise coordinated candidate tarballs	2026-09-14T23:43:09.3285016Z     "bytes": 56389
package	Install and exercise coordinated candidate tarballs	2026-09-14T23:43:09.3285248Z   },
package	Install and exercise coordinated candidate tarballs	2026-09-14T23:43:09.3285449Z   {
package	Install and exercise coordinated candidate tarballs	2026-09-14T23:43:09.3285731Z     "name": "@openpresentation/opf-pptx",
package	Install and exercise coordinated candidate tarballs	2026-09-14T23:43:09.3286104Z     "version": "0.1.0-preview.11",
package	Install and exercise coordinated candidate tarballs	2026-09-14T23:43:09.3286506Z     "file": "openpresentation-opf-pptx-0.1.0-preview.11.tgz",
package	Install and exercise coordinated candidate tarballs	2026-09-14T23:43:09.3287634Z     "sha256": "eca9bc6d795c28b5582be02d68899a7be4640fb01f21419b5d4bd970aa7f586c",
package	Install and exercise coordinated candidate tarballs	2026-09-14T23:43:09.3288566Z     "bytes": 216730
package	Install and exercise coordinated candidate tarballs	2026-09-14T23:43:09.3289111Z   }
package	Install and exercise coordinated candidate tarballs	2026-09-14T23:43:09.3289856Z ]
package	Install and exercise coordinated candidate tarballs	2026-09-14T23:43:09.6325112Z 
package	Install and exercise coordinated candidate tarballs	2026-09-14T23:43:09.6326334Z > openpresentation-workspace@ test:packed-ecosystem /__w/opf-editor/opf-editor/opf
package	Install and exercise coordinated candidate tarballs	2026-09-14T23:43:09.6328091Z > node scripts/test-packed-ecosystem.mjs
package	Install and exercise coordinated candidate tarballs	2026-09-14T23:43:09.6328573Z 
package	Install and exercise coordinated candidate tarballs	2026-09-14T23:43:09.9415292Z npm warn Unknown env config "verify-deps-before-run". This will stop working in the next major version of npm. See `npm help npmrc` for supported config options.
package	Install and exercise coordinated candidate tarballs	2026-09-14T23:43:09.9418011Z npm warn Unknown env config "npm-globalconfig". This will stop working in the next major version of npm. See `npm help npmrc` for supported config options.
package	Install and exercise coordinated candidate tarballs	2026-09-14T23:43:09.9420232Z npm warn Unknown env config "_jsr-registry". This will stop working in the next major version of npm. See `npm help npmrc` for supported config options.
package	Install and exercise coordinated candidate tarballs	2026-09-14T23:43:19.2660569Z 
package	Install and exercise coordinated candidate tarballs	2026-09-14T23:43:19.2661597Z added 64 packages in 10s
package	Install and exercise coordinated candidate tarballs	2026-09-14T23:43:20.9140128Z Installed candidate font preparation passed layout, edit/undo, SVG/PNG, editable PPTX export and heading reimport.
package	Install and exercise coordinated candidate tarballs	2026-09-14T23:43:22.4318984Z Furniture provenance: 8 measured/estimated local/inherited wide/portrait cases, 12 damaged-tag controls, edits/clearing/reordering, current images and metadata conflicts pass (37 validated imports). Native Office is a separate gate.
package	Install and exercise coordinated candidate tarballs	2026-09-14T23:43:22.8815983Z Nine exact grouped faces preserve measured bytes and physical style links; overrides, aliases, duplicates and approximation controls pass.
package	Install and exercise coordinated candidate tarballs	2026-09-14T23:43:23.7600046Z 7 payload slides use all nine real physical font styles; deterministic output, source, reimport and provider controls pass.
package	Install and exercise coordinated candidate tarballs	2026-09-14T23:43:24.3835954Z Packed consumer: core, editor, SVG, measured fonts and PPTX passed.
package	Install and exercise coordinated candidate tarballs	2026-09-14T23:43:24.6969132Z ✔ complete code parts preserve exact filename, language, body, whitespace and hard line boundaries (5.286266ms)
package	Install and exercise coordinated candidate tarballs	2026-09-14T23:43:24.6975853Z ✔ shorthand, empty source and absent metadata retain their source and generated-label distinction (0.830234ms)
package	Install and exercise coordinated candidate tarballs	2026-09-14T23:43:24.6982282Z ✔ long language labels and filenames are measured within their cell before allocating the body (7.292262ms)
package	Install and exercise coordinated candidate tarballs	2026-09-14T23:43:24.6983691Z ✔ wrapped whitespace and graphemes retain contiguous source offsets, including CRLF and blank final lines (0.955295ms)
package	Install and exercise coordinated candidate tarballs	2026-09-14T23:43:24.6999798Z ✔ tabs use measured space stops and never send control tabs to the font-width provider (1.004956ms)
package	Install and exercise coordinated candidate tarballs	2026-09-14T23:43:24.7002259Z ✔ readability floors scale once and body shrinking preserves all code content (0.556017ms)
package	Install and exercise coordinated candidate tarballs	2026-09-14T23:43:24.7005200Z ✔ irreducible body and metadata failures remain explicit; strict mode does not return partial output (8.375924ms)
package	Install and exercise coordinated candidate tarballs	2026-09-14T23:43:24.7009113Z ✔ invalid inner boxes never become invented one-pixel fits; malformed options reject (0.490756ms)
package	Install and exercise coordinated candidate tarballs	2026-09-14T23:43:24.7012569Z ✔ font trials stay bounded independently of canvas scale (14.93932ms)
package	Install and exercise coordinated candidate tarballs	2026-09-14T23:43:24.7157302Z ℹ tests 9
package	Install and exercise coordinated candidate tarballs	2026-09-14T23:43:24.7158285Z ℹ suites 0
package	Install and exercise coordinated candidate tarballs	2026-09-14T23:43:24.7158812Z ℹ pass 9
package	Install and exercise coordinated candidate tarballs	2026-09-14T23:43:24.7159142Z ℹ fail 0
package	Install and exercise coordinated candidate tarballs	2026-09-14T23:43:24.7159612Z ℹ cancelled 0
package	Install and exercise coordinated candidate tarballs	2026-09-14T23:43:24.7159963Z ℹ skipped 0
package	Install and exercise coordinated candidate tarballs	2026-09-14T23:43:24.7160266Z ℹ todo 0
package	Install and exercise coordinated candidate tarballs	2026-09-14T23:43:24.7160720Z ℹ duration_ms 181.182362
package	Install and exercise coordinated candidate tarballs	2026-09-14T23:43:25.5289576Z ✔ accepted code uses rounded cells and preserves body compatibility without repeated explanation measurements (8.068056ms)
package	Install and exercise coordinated candidate tarballs	2026-09-14T23:43:25.5302850Z ✔ candidate penalties include complete code metadata and charge overflowing leaves once (12.082462ms)
package	Install and exercise coordinated candidate tarballs	2026-09-14T23:43:25.5304336Z ✔ strict ancestors reject code metadata paths and cannot be weakened by descendants (208.561411ms)
package	Install and exercise coordinated candidate tarballs	2026-09-14T23:43:25.5305398Z ✔ explicit code placement and weights remain authoritative even when metadata overflows (12.126366ms)
package	Install and exercise coordinated candidate tarballs	2026-09-14T23:43:25.5306535Z ✔ pagination preserves exact code bytes, metadata, ranges and floors across wide and portrait slides (248.62681ms)
package	Install and exercise coordinated candidate tarballs	2026-09-14T23:43:25.5308914Z ✔ irreducible code metadata rejects pagination even after earlier content or with an empty body (170.899982ms)
package	Install and exercise coordinated candidate tarballs	2026-09-14T23:43:25.5462202Z ℹ tests 6
package	Install and exercise coordinated candidate tarballs	2026-09-14T23:43:25.5463204Z ℹ suites 0
package	Install and exercise coordinated candidate tarballs	2026-09-14T23:43:25.5463843Z ℹ pass 6
package	Install and exercise coordinated candidate tarballs	2026-09-14T23:43:25.5464540Z ℹ fail 0
package	Install and exercise coordinated candidate tarballs	2026-09-14T23:43:25.5465146Z ℹ cancelled 0
package	Install and exercise coordinated candidate tarballs	2026-09-14T23:43:25.5475055Z ℹ skipped 0
package	Install and exercise coordinated candidate tarballs	2026-09-14T23:43:25.5475790Z ℹ todo 0
package	Install and exercise coordinated candidate tarballs	2026-09-14T23:43:25.5476476Z ℹ duration_ms 791.724591
package	Install and exercise coordinated candidate tarballs	2026-09-14T23:43:26.5505137Z Shared code PPTX: 8 decks, 37 accepted native lines, 8 tab stops, six whitespace imports, strict failures, 132 XML-boundary rejections and valid character boundaries verified.
package	Install and exercise coordinated candidate tarballs	2026-09-14T23:43:27.4925739Z Code provenance: exact source/metadata, native edits, ordering, empty/Unicode values, five damaged groups and edited generated label verified.
package	Install and exercise coordinated candidate tarballs	2026-09-14T23:43:28.0719344Z Shared code SVG: 10 accepted layouts, source/whitespace/trace preservation, no extra measurement, strict/tiny-cell rejection, 132 XML-boundary rejections and valid character boundaries.
package	Install and exercise coordinated candidate tarballs	2026-09-14T23:43:29.8118472Z Actual shared code browser: 12 wide/portrait cases with source preservation, accepted tab positions and contained glyphs.
package	Install and exercise coordinated candidate tarballs	2026-09-14T23:43:33.7609941Z Code canvas: wide/portrait source editing, metadata, CRLF, tabs, pagination, undo, offline export and bounded reimport checks pass.
package	Install and exercise coordinated candidate tarballs	2026-09-14T23:43:33.8379821Z Installed code: candidate source, pagination, metadata guards and actual offline browser workflows passed.
package	Install and exercise coordinated candidate tarballs	2026-09-14T23:43:34.0592138Z ✔ complete quote layout preserves source ranges, requested/resolved styles and legacy readable geometry (3.929824ms)
package	Install and exercise coordinated candidate tarballs	2026-09-14T23:43:34.0597330Z ✔ shorthand and empty metadata preserve schema paths without an invented footer (0.721964ms)
package	Install and exercise coordinated candidate tarballs	2026-09-14T23:43:34.0600119Z ✔ body and footer share available space before shrinking text or changing the outer arrangement (13.257957ms)
package	Install and exercise coordinated candidate tarballs	2026-09-14T23:43:34.0606211Z ✔ long footer, body/footer collision and strict rejection remain explicit without source truncation (96.48474ms)
package	Install and exercise coordinated candidate tarballs	2026-09-14T23:43:34.0608677Z ✔ tiny cells retain invalid available dimensions and never measure an invented fitting box (0.345177ms)
package	Install and exercise coordinated candidate tarballs	2026-09-14T23:43:34.0610385Z ✔ explicit readability floors are respected after scaling, including above nominal footer size (0.364764ms)
package	Install and exercise coordinated candidate tarballs	2026-09-14T23:43:34.0612189Z ✔ invalid content, geometry, scales and policies fail before reporting a usable layout (0.43225ms)
package	Install and exercise coordinated candidate tarballs	2026-09-14T23:43:34.0725939Z ℹ tests 7
package	Install and exercise coordinated candidate tarballs	2026-09-14T23:43:34.0726901Z ℹ suites 0
package	Install and exercise coordinated candidate tarballs	2026-09-14T23:43:34.0728211Z ℹ pass 7
package	Install and exercise coordinated candidate tarballs	2026-09-14T23:43:34.0729134Z ℹ fail 0
package	Install and exercise coordinated candidate tarballs	2026-09-14T23:43:34.0730335Z ℹ cancelled 0
package	Install and exercise coordinated candidate tarballs	2026-09-14T23:43:34.0732039Z ℹ skipped 0
package	Install and exercise coordinated candidate tarballs	2026-09-14T23:43:34.0733150Z ℹ todo 0
package	Install and exercise coordinated candidate tarballs	2026-09-14T23:43:34.0734256Z ℹ duration_ms 196.377315
package	Install and exercise coordinated candidate tarballs	2026-09-14T23:43:36.2945357Z ✔ accepted quote geometry includes all parts without changing source or re-measuring for explanations (7.089847ms)
package	Install and exercise coordinated candidate tarballs	2026-09-14T23:43:36.2953288Z ✔ automatic candidates account for footer fit and choose the arrangement that keeps it readable (12.992299ms)
package	Install and exercise coordinated candidate tarballs	2026-09-14T23:43:36.2962864Z ✔ strict ancestors reject a quote body diagnostic below the leaf path (232.01264ms)
package	Install and exercise coordinated candidate tarballs	2026-09-14T23:43:36.2964380Z ✔ strict path matching respects component boundaries rather than numeric prefixes (224.94839ms)
package	Install and exercise coordinated candidate tarballs	2026-09-14T23:43:36.2965989Z ✔ pagination preserves quote body, repeated metadata, ranges and the accepted readability floor (1555.731578ms)
package	Install and exercise coordinated candidate tarballs	2026-09-14T23:43:36.2967597Z ✔ irreducible footer overflow rejects pagination without mutating or returning partial content (33.268197ms)
package	Install and exercise coordinated candidate tarballs	2026-09-14T23:43:36.3189023Z ℹ tests 6
package	Install and exercise coordinated candidate tarballs	2026-09-14T23:43:36.3190719Z ℹ suites 0
package	Install and exercise coordinated candidate tarballs	2026-09-14T23:43:36.3191623Z ℹ pass 6
package	Install and exercise coordinated candidate tarballs	2026-09-14T23:43:36.3192326Z ℹ fail 0
package	Install and exercise coordinated candidate tarballs	2026-09-14T23:43:36.3192687Z ℹ cancelled 0
package	Install and exercise coordinated candidate tarballs	2026-09-14T23:43:36.3193165Z ℹ skipped 0
package	Install and exercise coordinated candidate tarballs	2026-09-14T23:43:36.3193502Z ℹ todo 0
package	Install and exercise coordinated candidate tarballs	2026-09-14T23:43:36.3193855Z ℹ duration_ms 2205.60037
package	Install and exercise coordinated candidate tarballs	2026-09-14T23:43:37.3343803Z Shared quote SVG: 4 exact accepted layouts/styles with no extra measurement, reasoned overflow, strict rejection and no tiny-cell omission.
package	Install and exercise coordinated candidate tarballs	2026-09-14T23:43:38.1143966Z Shared quote PPTX: 4 wide/portrait decks and 6 native lines match accepted geometry/styles without re-fitting; reimport and strict/unusable-space rejection pass.
package	Install and exercise coordinated candidate tarballs	2026-09-14T23:43:38.7187707Z Packed quote editor passed: accepted one-page policy, source preservation, actual fonts, SVG/PPTX, undo/redo and editable native text reimport. Quote semantics are not reconstructed on import.
package	Install and exercise coordinated candidate tarballs	2026-09-14T23:43:39.2905413Z Styled native table export passed: merged grid, unique text, full covered rows, colors/alpha, border dashes, zero/fractional padding, alignment, scaled row geometry and determinism.
package	Install and exercise coordinated candidate tarballs	2026-09-14T23:43:39.3073447Z Native merge perimeter regression passed: continuation and neighbor edges, transparent dashes, dotted top, hidden bottom and scaling.
package	Install and exercise coordinated candidate tarballs	2026-09-14T23:43:39.9484395Z Styled native table import passed: direct fills/alpha, borders, margins, alignment, dense merges, repeated conversion, header crossing and text-preserving malformed-merge diagnostics.
package	Install and exercise coordinated candidate tarballs	2026-09-14T23:43:40.7237101Z Native conditional table borders passed: outer frame/interior grid, bands/edges/corners, partial/direct overrides, theme lines/alpha, missing-reference masking, repeated conversion and diagnostics.
package	Install and exercise coordinated candidate tarballs	2026-09-14T23:43:41.1363153Z ✔ short table rows preserve baseline geometry and missing cells (3.747401ms)
package	Install and exercise coordinated candidate tarballs	2026-09-14T23:43:41.1364888Z ✔ wrapped and rich multiline rows grow into available space (6.84739ms)
package	Install and exercise coordinated candidate tarballs	2026-09-14T23:43:41.1366613Z ✔ constrained tables consume spare row height before reporting real overflow (0.769752ms)
package	Install and exercise coordinated candidate tarballs	2026-09-14T23:43:41.1368516Z ✔ readability settings and mixed-font metrics govern row fitting (0.562083ms)
package	Install and exercise coordinated candidate tarballs	2026-09-14T23:43:41.1370253Z ✔ pagination retains complete multiline rows and repeated headers (237.406409ms)
package	Install and exercise coordinated candidate tarballs	2026-09-14T23:43:41.1373678Z ✔ mixed-size table paragraphs reserve the native uniform line spacing (0.404408ms)
package	Install and exercise coordinated candidate tarballs	2026-09-14T23:43:41.1375291Z ✔ spare height in short rows is removed before any font shrinking (0.359975ms)
package	Install and exercise coordinated candidate tarballs	2026-09-14T23:43:41.1501510Z ℹ tests 7
package	Install and exercise coordinated candidate tarballs	2026-09-14T23:43:41.1502612Z ℹ suites 0
package	Install and exercise coordinated candidate tarballs	2026-09-14T23:43:41.1503623Z ℹ pass 7
package	Install and exercise coordinated candidate tarballs	2026-09-14T23:43:41.1504333Z ℹ fail 0
package	Install and exercise coordinated candidate tarballs	2026-09-14T23:43:41.1504595Z ℹ cancelled 0
package	Install and exercise coordinated candidate tarballs	2026-09-14T23:43:41.1504843Z ℹ skipped 0
package	Install and exercise coordinated candidate tarballs	2026-09-14T23:43:41.1505077Z ℹ todo 0
package	Install and exercise coordinated candidate tarballs	2026-09-14T23:43:41.1505342Z ℹ duration_ms 379.561269
package	Install and exercise coordinated candidate tarballs	2026-09-14T23:43:42.4867294Z Packed consumer: TypeScript declarations and browser bundle passed.
package	Install and exercise coordinated candidate tarballs	2026-09-14T23:43:43.1943512Z Packed browser harness built: artifacts/editor/packed-canvas-tests.html (serve alongside demo fonts.json).
package	Install and exercise coordinated candidate tarballs	2026-09-14T23:43:43.5602017Z Installed styled-table browser harness built: artifacts/editor/packed-styled-table-tests.html. Open it to verify real pointer/keyboard interaction.
package	Install and exercise coordinated candidate tarballs	2026-09-14T23:43:43.5896011Z Local tarball consumer passed; this is not a registry verification.
package	Install and exercise coordinated candidate tarballs	2026-09-14T23:43:43.8956247Z 
package	Install and exercise coordinated candidate tarballs	2026-09-14T23:43:43.8957224Z > openpresentation-workspace@ test:packed-browser /__w/opf-editor/opf-editor/opf
package	Install and exercise coordinated candidate tarballs	2026-09-14T23:43:43.8957919Z > node scripts/test-packed-browser.mjs
package	Install and exercise coordinated candidate tarballs	2026-09-14T23:43:43.8958154Z 
package	Install and exercise coordinated candidate tarballs	2026-09-14T23:43:45.4524875Z PASS packed canvas: 34 assertions; 0 trusted interaction scenarios
package	Install and exercise coordinated candidate tarballs	2026-09-14T23:43:46.5364647Z PASS packed rich-text: 46 assertions; 0 trusted interaction scenarios
package	Install and exercise coordinated candidate tarballs	2026-09-14T23:43:47.5538078Z PASS packed rich-text-estimated: 46 assertions; 0 trusted interaction scenarios
package	Install and exercise coordinated candidate tarballs	2026-09-14T23:43:49.3045634Z PASS packed layout: 26 assertions; 4 trusted interaction scenarios
package	Install and exercise coordinated candidate tarballs	2026-09-14T23:43:49.8707661Z PASS packed block: 21 assertions; 1 trusted interaction scenarios
package	Install and exercise coordinated candidate tarballs	2026-09-14T23:43:50.5362047Z PASS packed list: 19 assertions; 0 trusted interaction scenarios
package	Install and exercise coordinated candidate tarballs	2026-09-14T23:43:51.0119944Z PASS packed create: 40 assertions; 0 trusted interaction scenarios
package	Install and exercise coordinated candidate tarballs	2026-09-14T23:43:52.8014435Z PASS packed styled-table: 44 assertions; 3 trusted interaction scenarios
package	Install and exercise coordinated candidate tarballs	2026-09-14T23:44:01.5374606Z 12 plain text browser workflows preserve source through edit, undo/redo, export and reimport.
package	Install and exercise coordinated candidate tarballs	2026-09-14T23:44:03.6935240Z 48 offline browser/PPTX cases honor selected glyph floors while preserving source metadata.
package	Install and exercise coordinated candidate tarballs	2026-09-14T23:44:15.4591716Z 16 offline timeline workflows preserve source fields through selection, editing, undo/redo and semantic PPTX reimport.
package	Install and exercise coordinated candidate tarballs	2026-09-14T23:44:32.4892930Z 16 offline installed furniture workflows passed: geometry, readability, source editing, generated values, empty fields, undo/redo and PPTX reimport.
package	Install and exercise coordinated candidate tarballs	2026-09-14T23:44:33.1991722Z [
package	Install and exercise coordinated candidate tarballs	2026-09-14T23:44:33.1992144Z   {
package	Install and exercise coordinated candidate tarballs	2026-09-14T23:44:33.1992383Z     "count": 2,
package	Install and exercise coordinated candidate tarballs	2026-09-14T23:44:33.1992664Z     "width": 1280,
package	Install and exercise coordinated candidate tarballs	2026-09-14T23:44:33.1992925Z     "height": 720,
package	Install and exercise coordinated candidate tarballs	2026-09-14T23:44:33.1993181Z     "minimum": 16,
package	Install and exercise coordinated candidate tarballs	2026-09-14T23:44:33.1993455Z     "coreDiagnostics": [],
package	Install and exercise coordinated candidate tarballs	2026-09-14T23:44:33.1993790Z     "render": "passed"
package	Install and exercise coordinated candidate tarballs	2026-09-14T23:44:33.1994049Z   },
package	Install and exercise coordinated candidate tarballs	2026-09-14T23:44:33.1994260Z   {
package	Install and exercise coordinated candidate tarballs	2026-09-14T23:44:33.1994465Z     "count": 2,
package	Install and exercise coordinated candidate tarballs	2026-09-14T23:44:33.1994696Z     "width": 1280,
package	Install and exercise coordinated candidate tarballs	2026-09-14T23:44:33.1994930Z     "height": 720,
package	Install and exercise coordinated candidate tarballs	2026-09-14T23:44:33.1995476Z     "minimum": 32,
package	Install and exercise coordinated candidate tarballs	2026-09-14T23:44:33.1995728Z     "coreDiagnostics": [],
package	Install and exercise coordinated candidate tarballs	2026-09-14T23:44:33.1996000Z     "render": "passed"
package	Install and exercise coordinated candidate tarballs	2026-09-14T23:44:33.1996234Z   },
package	Install and exercise coordinated candidate tarballs	2026-09-14T23:44:33.1996436Z   {
package	Install and exercise coordinated candidate tarballs	2026-09-14T23:44:33.1996638Z     "count": 2,
package	Install and exercise coordinated candidate tarballs	2026-09-14T23:44:33.1996861Z     "width": 720,
package	Install and exercise coordinated candidate tarballs	2026-09-14T23:44:33.1997152Z     "height": 1280,
package	Install and exercise coordinated candidate tarballs	2026-09-14T23:44:33.1997409Z     "minimum": 16,
package	Install and exercise coordinated candidate tarballs	2026-09-14T23:44:33.1997652Z     "coreDiagnostics": [],
package	Install and exercise coordinated candidate tarballs	2026-09-14T23:44:33.1997937Z     "render": "passed"
package	Install and exercise coordinated candidate tarballs	2026-09-14T23:44:33.1998174Z   },
package	Install and exercise coordinated candidate tarballs	2026-09-14T23:44:33.1998387Z   {
package	Install and exercise coordinated candidate tarballs	2026-09-14T23:44:33.1998585Z     "count": 2,
package	Install and exercise coordinated candidate tarballs	2026-09-14T23:44:33.1998812Z     "width": 720,
package	Install and exercise coordinated candidate tarballs	2026-09-14T23:44:33.1999059Z     "height": 1280,
package	Install and exercise coordinated candidate tarballs	2026-09-14T23:44:33.1999332Z     "minimum": 32,
package	Install and exercise coordinated candidate tarballs	2026-09-14T23:44:33.1999598Z     "coreDiagnostics": [],
package	Install and exercise coordinated candidate tarballs	2026-09-14T23:44:33.1999909Z     "render": "passed"
package	Install and exercise coordinated candidate tarballs	2026-09-14T23:44:33.2000198Z   },
package	Install and exercise coordinated candidate tarballs	2026-09-14T23:44:33.2000432Z   {
package	Install and exercise coordinated candidate tarballs	2026-09-14T23:44:33.2000677Z     "count": 4,
package	Install and exercise coordinated candidate tarballs	2026-09-14T23:44:33.2000923Z     "width": 1280,
package	Install and exercise coordinated candidate tarballs	2026-09-14T23:44:33.2001657Z     "height": 720,
package	Install and exercise coordinated candidate tarballs	2026-09-14T23:44:33.2001953Z     "minimum": 16,
package	Install and exercise coordinated candidate tarballs	2026-09-14T23:44:33.2002218Z     "coreDiagnostics": [],
package	Install and exercise coordinated candidate tarballs	2026-09-14T23:44:33.2002493Z     "render": "passed"
package	Install and exercise coordinated candidate tarballs	2026-09-14T23:44:33.2002803Z   },
package	Install and exercise coordinated candidate tarballs	2026-09-14T23:44:33.2003018Z   {
package	Install and exercise coordinated candidate tarballs	2026-09-14T23:44:33.2003228Z     "count": 4,
package	Install and exercise coordinated candidate tarballs	2026-09-14T23:44:33.2003462Z     "width": 1280,
package	Install and exercise coordinated candidate tarballs	2026-09-14T23:44:33.2003714Z     "height": 720,
package	Install and exercise coordinated candidate tarballs	2026-09-14T23:44:33.2003977Z     "minimum": 32,
package	Install and exercise coordinated candidate tarballs	2026-09-14T23:44:33.2004230Z     "coreDiagnostics": [],
package	Install and exercise coordinated candidate tarballs	2026-09-14T23:44:33.2004476Z     "render": "passed"
package	Install and exercise coordinated candidate tarballs	2026-09-14T23:44:33.2004706Z   },
package	Install and exercise coordinated candidate tarballs	2026-09-14T23:44:33.2004905Z   {
package	Install and exercise coordinated candidate tarballs	2026-09-14T23:44:33.2005100Z     "count": 4,
package	Install and exercise coordinated candidate tarballs	2026-09-14T23:44:33.2005308Z     "width": 720,
package	Install and exercise coordinated candidate tarballs	2026-09-14T23:44:33.2005759Z     "height": 1280,
package	Install and exercise coordinated candidate tarballs	2026-09-14T23:44:33.2005975Z     "minimum": 16,
package	Install and exercise coordinated candidate tarballs	2026-09-14T23:44:33.2006209Z     "coreDiagnostics": [],
package	Install and exercise coordinated candidate tarballs	2026-09-14T23:44:33.2006455Z     "render": "passed"
package	Install and exercise coordinated candidate tarballs	2026-09-14T23:44:33.2006686Z   },
package	Install and exercise coordinated candidate tarballs	2026-09-14T23:44:33.2006881Z   {
package	Install and exercise coordinated candidate tarballs	2026-09-14T23:44:33.2007068Z     "count": 4,
package	Install and exercise coordinated candidate tarballs	2026-09-14T23:44:33.2007264Z     "width": 720,
package	Install and exercise coordinated candidate tarballs	2026-09-14T23:44:33.2007486Z     "height": 1280,
package	Install and exercise coordinated candidate tarballs	2026-09-14T23:44:33.2007697Z     "minimum": 32,
package	Install and exercise coordinated candidate tarballs	2026-09-14T23:44:33.2007910Z     "coreDiagnostics": [],
package	Install and exercise coordinated candidate tarballs	2026-09-14T23:44:33.2008164Z     "render": "passed"
package	Install and exercise coordinated candidate tarballs	2026-09-14T23:44:33.2008373Z   },
package	Install and exercise coordinated candidate tarballs	2026-09-14T23:44:33.2008562Z   {
package	Install and exercise coordinated candidate tarballs	2026-09-14T23:44:33.2008745Z     "count": 8,
package	Install and exercise coordinated candidate tarballs	2026-09-14T23:44:33.2008970Z     "width": 1280,
package	Install and exercise coordinated candidate tarballs	2026-09-14T23:44:33.2009199Z     "height": 720,
package	Install and exercise coordinated candidate tarballs	2026-09-14T23:44:33.2009427Z     "minimum": 16,
package	Install and exercise coordinated candidate tarballs	2026-09-14T23:44:33.2009673Z     "coreDiagnostics": [],
package	Install and exercise coordinated candidate tarballs	2026-09-14T23:44:33.2009934Z     "render": "passed"
package	Install and exercise coordinated candidate tarballs	2026-09-14T23:44:33.2010166Z   },
package	Install and exercise coordinated candidate tarballs	2026-09-14T23:44:33.2010364Z   {
package	Install and exercise coordinated candidate tarballs	2026-09-14T23:44:33.2010571Z     "count": 8,
package	Install and exercise coordinated candidate tarballs	2026-09-14T23:44:33.2010803Z     "width": 1280,
package	Install and exercise coordinated candidate tarballs	2026-09-14T23:44:33.2011023Z     "height": 720,
package	Install and exercise coordinated candidate tarballs	2026-09-14T23:44:33.2011380Z     "minimum": 32,
package	Install and exercise coordinated candidate tarballs	2026-09-14T23:44:33.2011605Z     "coreError": {
package	Install and exercise coordinated candidate tarballs	2026-09-14T23:44:33.2011966Z       "message": "Slide content does not fit its composition.",
package	Install and exercise coordinated candidate tarballs	2026-09-14T23:44:33.2012361Z       "code": "layout-overflow"
package	Install and exercise coordinated candidate tarballs	2026-09-14T23:44:33.2012621Z     },
package	Install and exercise coordinated candidate tarballs	2026-09-14T23:44:33.2012822Z     "renderError": {
package	Install and exercise coordinated candidate tarballs	2026-09-14T23:44:33.2013144Z       "message": "Slide content does not fit its composition.",
package	Install and exercise coordinated candidate tarballs	2026-09-14T23:44:33.2013540Z       "code": "layout-overflow"
package	Install and exercise coordinated candidate tarballs	2026-09-14T23:44:33.2013792Z     }
package	Install and exercise coordinated candidate tarballs	2026-09-14T23:44:33.2013972Z   },
package	Install and exercise coordinated candidate tarballs	2026-09-14T23:44:33.2014172Z   {
package	Install and exercise coordinated candidate tarballs	2026-09-14T23:44:33.2014372Z     "count": 8,
package	Install and exercise coordinated candidate tarballs	2026-09-14T23:44:33.2014590Z     "width": 720,
package	Install and exercise coordinated candidate tarballs	2026-09-14T23:44:33.2014818Z     "height": 1280,
package	Install and exercise coordinated candidate tarballs	2026-09-14T23:44:33.2015029Z     "minimum": 16,
package	Install and exercise coordinated candidate tarballs	2026-09-14T23:44:33.2015267Z     "coreDiagnostics": [],
package	Install and exercise coordinated candidate tarballs	2026-09-14T23:44:33.2015530Z     "render": "passed"
package	Install and exercise coordinated candidate tarballs	2026-09-14T23:44:33.2015766Z   },
package	Install and exercise coordinated candidate tarballs	2026-09-14T23:44:33.2015964Z   {
package	Install and exercise coordinated candidate tarballs	2026-09-14T23:44:33.2016156Z     "count": 8,
package	Install and exercise coordinated candidate tarballs	2026-09-14T23:44:33.2016364Z     "width": 720,
package	Install and exercise coordinated candidate tarballs	2026-09-14T23:44:33.2016587Z     "height": 1280,
package	Install and exercise coordinated candidate tarballs	2026-09-14T23:44:33.2016813Z     "minimum": 32,
package	Install and exercise coordinated candidate tarballs	2026-09-14T23:44:33.2017037Z     "coreError": {
package	Install and exercise coordinated candidate tarballs	2026-09-14T23:44:33.2017557Z       "message": "Slide content does not fit its composition.",
package	Install and exercise coordinated candidate tarballs	2026-09-14T23:44:33.2017937Z       "code": "layout-overflow"
package	Install and exercise coordinated candidate tarballs	2026-09-14T23:44:33.2018193Z     },
package	Install and exercise coordinated candidate tarballs	2026-09-14T23:44:33.2018432Z     "renderError": {
package	Install and exercise coordinated candidate tarballs	2026-09-14T23:44:33.2018765Z       "message": "Slide content does not fit its composition.",
package	Install and exercise coordinated candidate tarballs	2026-09-14T23:44:33.2019155Z       "code": "layout-overflow"
package	Install and exercise coordinated candidate tarballs	2026-09-14T23:44:33.2019408Z     }
package	Install and exercise coordinated candidate tarballs	2026-09-14T23:44:33.2019588Z   },
package	Install and exercise coordinated candidate tarballs	2026-09-14T23:44:33.2019777Z   {
package	Install and exercise coordinated candidate tarballs	2026-09-14T23:44:33.2019974Z     "count": 12,
package	Install and exercise coordinated candidate tarballs	2026-09-14T23:44:33.2020200Z     "width": 1280,
package	Install and exercise coordinated candidate tarballs	2026-09-14T23:44:33.2020408Z     "height": 720,
package	Install and exercise coordinated candidate tarballs	2026-09-14T23:44:33.2020626Z     "minimum": 16,
package	Install and exercise coordinated candidate tarballs	2026-09-14T23:44:33.2020870Z     "coreDiagnostics": [],
package	Install and exercise coordinated candidate tarballs	2026-09-14T23:44:33.2021282Z     "render": "passed"
package	Install and exercise coordinated candidate tarballs	2026-09-14T23:44:33.2021520Z   },
package	Install and exercise coordinated candidate tarballs	2026-09-14T23:44:33.2021714Z   {
package	Install and exercise coordinated candidate tarballs	2026-09-14T23:44:33.2021910Z     "count": 12,
package	Install and exercise coordinated candidate tarballs	2026-09-14T23:44:33.2022115Z     "width": 1280,
package	Install and exercise coordinated candidate tarballs	2026-09-14T23:44:33.2022332Z     "height": 720,
package	Install and exercise coordinated candidate tarballs	2026-09-14T23:44:33.2022567Z     "minimum": 32,
package	Install and exercise coordinated candidate tarballs	2026-09-14T23:44:33.2022782Z     "coreError": {
package	Install and exercise coordinated candidate tarballs	2026-09-14T23:44:33.2023115Z       "message": "Slide content does not fit its composition.",
package	Install and exercise coordinated candidate tarballs	2026-09-14T23:44:33.2023526Z       "code": "layout-overflow"
package	Install and exercise coordinated candidate tarballs	2026-09-14T23:44:33.2023774Z     },
package	Install and exercise coordinated candidate tarballs	2026-09-14T23:44:33.2023965Z     "renderError": {
package	Install and exercise coordinated candidate tarballs	2026-09-14T23:44:33.2024299Z       "message": "Slide content does not fit its composition.",
package	Install and exercise coordinated candidate tarballs	2026-09-14T23:44:33.2024684Z       "code": "layout-overflow"
package	Install and exercise coordinated candidate tarballs	2026-09-14T23:44:33.2024953Z     }
package	Install and exercise coordinated candidate tarballs	2026-09-14T23:44:33.2027335Z   },
package	Install and exercise coordinated candidate tarballs	2026-09-14T23:44:33.2027658Z   {
package	Install and exercise coordinated candidate tarballs	2026-09-14T23:44:33.2028011Z     "count": 12,
package	Install and exercise coordinated candidate tarballs	2026-09-14T23:44:33.2028405Z     "width": 720,
package	Install and exercise coordinated candidate tarballs	2026-09-14T23:44:33.2028796Z     "height": 1280,
package	Install and exercise coordinated candidate tarballs	2026-09-14T23:44:33.2029218Z     "minimum": 16,
package	Install and exercise coordinated candidate tarballs	2026-09-14T23:44:33.2048831Z     "coreDiagnostics": [],
package	Install and exercise coordinated candidate tarballs	2026-09-14T23:44:33.2049263Z     "render": "passed"
package	Install and exercise coordinated candidate tarballs	2026-09-14T23:44:33.2049533Z   },
package	Install and exercise coordinated candidate tarballs	2026-09-14T23:44:33.2049721Z   {
package	Install and exercise coordinated candidate tarballs	2026-09-14T23:44:33.2049930Z     "count": 12,
package	Install and exercise coordinated candidate tarballs	2026-09-14T23:44:33.2050155Z     "width": 720,
package	Install and exercise coordinated candidate tarballs	2026-09-14T23:44:33.2050417Z     "height": 1280,
package	Install and exercise coordinated candidate tarballs	2026-09-14T23:44:33.2050654Z     "minimum": 32,
package	Install and exercise coordinated candidate tarballs	2026-09-14T23:44:33.2050880Z     "coreError": {
package	Install and exercise coordinated candidate tarballs	2026-09-14T23:44:33.2051483Z       "message": "Slide content does not fit its composition.",
package	Install and exercise coordinated candidate tarballs	2026-09-14T23:44:33.2051915Z       "code": "layout-overflow"
package	Install and exercise coordinated candidate tarballs	2026-09-14T23:44:33.2052206Z     },
package	Install and exercise coordinated candidate tarballs	2026-09-14T23:44:33.2052433Z     "renderError": {
package	Install and exercise coordinated candidate tarballs	2026-09-14T23:44:33.2052787Z       "message": "Slide content does not fit its composition.",
package	Install and exercise coordinated candidate tarballs	2026-09-14T23:44:33.2053174Z       "code": "layout-overflow"
package	Install and exercise coordinated candidate tarballs	2026-09-14T23:44:33.2053440Z     }
package	Install and exercise coordinated candidate tarballs	2026-09-14T23:44:33.2053623Z   }
package	Install and exercise coordinated candidate tarballs	2026-09-14T23:44:33.2053836Z ]
package	Install and exercise coordinated candidate tarballs	2026-09-14T23:44:33.4398603Z Installed code guards: runtime drift, wrong integrity, external modules and loader environment rejected; exact artifacts restored.
package	Run npm pack --dry-run	﻿2026-09-14T23:44:33.4517842Z ##[group]Run npm pack --dry-run
package	Run npm pack --dry-run	2026-09-14T23:44:33.4518435Z ^[[36;1mnpm pack --dry-run^[[0m
package	Run npm pack --dry-run	2026-09-14T23:44:33.4518969Z shell: sh -e {0}
package	Run npm pack --dry-run	2026-09-14T23:44:33.4519341Z env:
package	Run npm pack --dry-run	2026-09-14T23:44:33.4520229Z   OPF_GOLDEN_BASELINE: /home/runner/work/opf-editor/opf-editor/opf-render/test/golden/opf-examples-png.furniture.sha256.json
package	Run npm pack --dry-run	2026-09-14T23:44:33.4521723Z   PNPM_HOME: /github/home/setup-pnpm/node_modules/.bin
package	Run npm pack --dry-run	2026-09-14T23:44:33.4522301Z ##[endgroup]
package	Run npm pack --dry-run	2026-09-14T23:44:33.7569196Z 
package	Run npm pack --dry-run	2026-09-14T23:44:33.7569824Z > @openpresentation/opf-editor@0.6.0 prepack
package	Run npm pack --dry-run	2026-09-14T23:44:33.7570205Z > npm run build
package	Run npm pack --dry-run	2026-09-14T23:44:33.7570351Z 
package	Run npm pack --dry-run	2026-09-14T23:44:33.8561778Z 
package	Run npm pack --dry-run	2026-09-14T23:44:33.8562499Z > @openpresentation/opf-editor@0.6.0 build
package	Run npm pack --dry-run	2026-09-14T23:44:33.8563003Z > node scripts/build.mjs
package	Run npm pack --dry-run	2026-09-14T23:44:33.8563186Z 
package	Run npm pack --dry-run	2026-09-14T23:44:34.1510781Z npm notice
package	Run npm pack --dry-run	2026-09-14T23:44:34.1514332Z npm notice 📦  @openpresentation/opf-editor@0.6.0
package	Run npm pack --dry-run	2026-09-14T23:44:34.1514916Z npm notice Tarball Contents
package	Run npm pack --dry-run	2026-09-14T23:44:34.1524517Z npm notice 1.1kB LICENSE
package	Run npm pack --dry-run	2026-09-14T23:44:34.1525772Z npm notice 18.6kB README.md
package	Run npm pack --dry-run	2026-09-14T23:44:34.1526796Z npm notice 16.1kB dist/block-controls.js
package	Run npm pack --dry-run	2026-09-14T23:44:34.1528163Z npm notice 1.2kB dist/blocks.d.ts
package	Run npm pack --dry-run	2026-09-14T23:44:34.1528837Z npm notice 9.2kB dist/blocks.js
package	Run npm pack --dry-run	2026-09-14T23:44:34.1529471Z npm notice 2.9kB dist/canvas-fields.js
package	Run npm pack --dry-run	2026-09-14T23:44:34.1530107Z npm notice 2.3kB dist/canvas.d.ts
package	Run npm pack --dry-run	2026-09-14T23:44:34.1530717Z npm notice 31.8kB dist/canvas.js
package	Run npm pack --dry-run	2026-09-14T23:44:34.1531585Z npm notice 200B dist/data.d.ts
package	Run npm pack --dry-run	2026-09-14T23:44:34.1532137Z npm notice 100B dist/data.js
package	Run npm pack --dry-run	2026-09-14T23:44:34.1532729Z npm notice 935B dist/galleries.d.ts
package	Run npm pack --dry-run	2026-09-14T23:44:34.1533367Z npm notice 8.2kB dist/galleries.js
package	Run npm pack --dry-run	2026-09-14T23:44:34.1533996Z npm notice 6.6kB dist/index.d.ts
package	Run npm pack --dry-run	2026-09-14T23:44:34.1534583Z npm notice 28.3kB dist/index.js
package	Run npm pack --dry-run	2026-09-14T23:44:34.1535202Z npm notice 8.1kB dist/layout-handles.js
package	Run npm pack --dry-run	2026-09-14T23:44:34.1535833Z npm notice 655B dist/layout.d.ts
package	Run npm pack --dry-run	2026-09-14T23:44:34.1536419Z npm notice 2.7kB dist/layout.js
package	Run npm pack --dry-run	2026-09-14T23:44:34.1536990Z npm notice 913B dist/react.d.ts
package	Run npm pack --dry-run	2026-09-14T23:44:34.1537549Z npm notice 2.9kB dist/react.js
package	Run npm pack --dry-run	2026-09-14T23:44:34.1538208Z npm notice 8.6kB dist/rich-text-input.js
package	Run npm pack --dry-run	2026-09-14T23:44:34.1538996Z npm notice 9.3kB dist/rich-text-toolbar.js
package	Run npm pack --dry-run	2026-09-14T23:44:34.1539661Z npm notice 1.2kB dist/rich-text.d.ts
package	Run npm pack --dry-run	2026-09-14T23:44:34.1540282Z npm notice 6.8kB dist/rich-text.js
package	Run npm pack --dry-run	2026-09-14T23:44:34.1540948Z npm notice 520B dist/schema-inspector.d.ts
package	Run npm pack --dry-run	2026-09-14T23:44:34.1542846Z npm notice 10.6kB dist/schema-inspector.js
package	Run npm pack --dry-run	2026-09-14T23:44:34.1543546Z npm notice 861B dist/schema.d.ts
package	Run npm pack --dry-run	2026-09-14T23:44:34.1544139Z npm notice 6.4kB dist/schema.js
package	Run npm pack --dry-run	2026-09-14T23:44:34.1544695Z npm notice 841B dist/svelte.d.ts
package	Run npm pack --dry-run	2026-09-14T23:44:34.1545260Z npm notice 3.0kB dist/svelte.js
package	Run npm pack --dry-run	2026-09-14T23:44:34.1545825Z npm notice 810B dist/transfer.d.ts
package	Run npm pack --dry-run	2026-09-14T23:44:34.1546425Z npm notice 9.2kB dist/transfer.js
package	Run npm pack --dry-run	2026-09-14T23:44:34.1546979Z npm notice 3.9kB package.json
package	Run npm pack --dry-run	2026-09-14T23:44:34.1547852Z npm notice Tarball Details
package	Run npm pack --dry-run	2026-09-14T23:44:34.1548522Z npm notice name: @openpresentation/opf-editor
package	Run npm pack --dry-run	2026-09-14T23:44:34.1549149Z npm notice version: 0.6.0
package	Run npm pack --dry-run	2026-09-14T23:44:34.1549908Z npm notice filename: openpresentation-opf-editor-0.6.0.tgz
package	Run npm pack --dry-run	2026-09-14T23:44:34.1550681Z npm notice package size: 56.7 kB
package	Run npm pack --dry-run	2026-09-14T23:44:34.1551545Z npm notice unpacked size: 204.6 kB
package	Run npm pack --dry-run	2026-09-14T23:44:34.1552313Z npm notice shasum: 2761cb4806458271857d7d0b01257f3c04989b22
package	Run npm pack --dry-run	2026-09-14T23:44:34.1553134Z npm notice integrity: sha512-HjNfLkM/n/8De[...]QMViinAe1fnKw==
package	Run npm pack --dry-run	2026-09-14T23:44:34.1553763Z npm notice total files: 32
package	Run npm pack --dry-run	2026-09-14T23:44:34.1554158Z npm notice
package	Run npm pack --dry-run	2026-09-14T23:44:34.1554642Z openpresentation-opf-editor-0.6.0.tgz
package	Preserve candidate and raster evidence	﻿2026-09-14T23:44:34.1738733Z ##[group]Run actions/upload-artifact@043fb46d1a93c77aae656e7c1c64a875d1fc6a0a
package	Preserve candidate and raster evidence	2026-09-14T23:44:34.1739167Z with:
package	Preserve candidate and raster evidence	2026-09-14T23:44:34.1739396Z   name: candidate-opf-editor-Linux-node24
package	Preserve candidate and raster evidence	2026-09-14T23:44:34.1740740Z   path: opf/artifacts/plain-whitespace-workflow/**
package	Preserve candidate and raster evidence	opf/artifacts/readability-browser/**
package	Preserve candidate and raster evidence	opf/artifacts/timeline-workflow/**
package	Preserve candidate and raster evidence	opf/artifacts/furniture-workflow/**
package	Preserve candidate and raster evidence	opf/artifacts/timeline-acceptance.json
package	Preserve candidate and raster evidence	opf/artifacts/editor/*report.json
package	Preserve candidate and raster evidence	opf/artifacts/editor/*failure.png
package	Preserve candidate and raster evidence	opf/artifacts/editor/*installed-code*.json
package	Preserve candidate and raster evidence	opf-render/artifacts/golden/**
package	Preserve candidate and raster evidence	
package	Preserve candidate and raster evidence	2026-09-14T23:44:34.1742411Z   retention-days: 7
package	Preserve candidate and raster evidence	2026-09-14T23:44:34.1742640Z   if-no-files-found: ignore
package	Preserve candidate and raster evidence	2026-09-14T23:44:34.1742887Z   compression-level: 6
package	Preserve candidate and raster evidence	2026-09-14T23:44:34.1743118Z   overwrite: false
package	Preserve candidate and raster evidence	2026-09-14T23:44:34.1743339Z   include-hidden-files: false
package	Preserve candidate and raster evidence	2026-09-14T23:44:34.1743591Z   archive: true
package	Preserve candidate and raster evidence	2026-09-14T23:44:34.1743786Z env:
package	Preserve candidate and raster evidence	2026-09-14T23:44:34.1744288Z   OPF_GOLDEN_BASELINE: /home/runner/work/opf-editor/opf-editor/opf-render/test/golden/opf-examples-png.furniture.sha256.json
package	Preserve candidate and raster evidence	2026-09-14T23:44:34.1744955Z   PNPM_HOME: /github/home/setup-pnpm/node_modules/.bin
package	Preserve candidate and raster evidence	2026-09-14T23:44:34.1745266Z ##[endgroup]
package	Preserve candidate and raster evidence	2026-09-14T23:44:34.1750018Z ##[command]/usr/bin/docker exec  3fc51460f7ba39ab2d82b5d2af7e106c85e2033f2f918671515e7aeac43ac677 sh -c "cat /etc/*release | grep ^ID"
package	Preserve candidate and raster evidence	2026-09-14T23:44:34.4401575Z Multiple search paths detected. Calculating the least common ancestor of all paths
package	Preserve candidate and raster evidence	2026-09-14T23:44:34.4404865Z The least common ancestor is /__w/opf-editor/opf-editor. This will be the root directory of the artifact
package	Preserve candidate and raster evidence	2026-09-14T23:44:34.4406376Z With the provided path, there will be 66 files uploaded
package	Preserve candidate and raster evidence	2026-09-14T23:44:34.4407700Z Artifact name is valid!
package	Preserve candidate and raster evidence	2026-09-14T23:44:34.4411801Z Root directory input is valid!
package	Preserve candidate and raster evidence	2026-09-14T23:44:34.8373463Z Uploading artifact: candidate-opf-editor-Linux-node24.zip
package	Preserve candidate and raster evidence	2026-09-14T23:44:34.8419226Z Beginning upload of artifact content to blob storage
package	Preserve candidate and raster evidence	2026-09-14T23:44:35.6308818Z Uploaded bytes 637963
package	Preserve candidate and raster evidence	2026-09-14T23:44:35.7094752Z Finished uploading artifact content to blob storage!
package	Preserve candidate and raster evidence	2026-09-14T23:44:35.7096321Z SHA256 digest of uploaded artifact is 2c9468fb046fbbcf5557b3537088ddca5a8089ef3daa3377948943a6b6e85ab2
package	Preserve candidate and raster evidence	2026-09-14T23:44:35.7097625Z Finalizing artifact upload
package	Preserve candidate and raster evidence	2026-09-14T23:44:36.0929300Z Artifact candidate-opf-editor-Linux-node24 successfully finalized. Artifact ID 10374062769
package	Preserve candidate and raster evidence	2026-09-14T23:44:36.0931964Z Artifact candidate-opf-editor-Linux-node24 has been successfully uploaded! Final size is 637963 bytes. Artifact ID is 10374062769
package	Preserve candidate and raster evidence	2026-09-14T23:44:36.0934476Z Artifact download URL: https://github.com/OpenPresentation/opf-editor/actions/runs/34909961922/artifacts/10374062769
package	Post Run actions/setup-node@820762786026740c76f36085b0efc47a31fe5020	﻿2026-09-14T23:44:36.1129697Z Post job cleanup.
package	Post Run actions/setup-node@820762786026740c76f36085b0efc47a31fe5020	2026-09-14T23:44:36.1136946Z ##[command]/usr/bin/docker exec  3fc51460f7ba39ab2d82b5d2af7e106c85e2033f2f918671515e7aeac43ac677 sh -c "cat /etc/*release | grep ^ID"
package	Post Run actions/setup-node@820762786026740c76f36085b0efc47a31fe5020	2026-09-14T23:44:36.3239932Z Cache hit occurred on the primary key node-cache-Linux-x64-npm-33aa6c2e49ef37cf8ca22f930ac5c19e763eccb0be2a5a5baf75652b385b348a, not saving cache.
package	Post Run pnpm/action-setup@ea17c68df8912ef543352723c149a84f56e3d413	﻿2026-09-14T23:44:36.3386295Z Post job cleanup.
package	Post Run pnpm/action-setup@ea17c68df8912ef543352723c149a84f56e3d413	2026-09-14T23:44:36.3389857Z ##[command]/usr/bin/docker exec  3fc51460f7ba39ab2d82b5d2af7e106c85e2033f2f918671515e7aeac43ac677 sh -c "cat /etc/*release | grep ^ID"
package	Post Run pnpm/action-setup@ea17c68df8912ef543352723c149a84f56e3d413	2026-09-14T23:44:36.5879968Z Pruning is unnecessary.
package	Post Run actions/checkout@3d3c42e5aac5ba805825da76410c181273ba90b1	﻿2026-09-14T23:44:36.6101927Z Post job cleanup.
package	Post Run actions/checkout@3d3c42e5aac5ba805825da76410c181273ba90b1	2026-09-14T23:44:36.6115886Z ##[command]/usr/bin/docker exec  3fc51460f7ba39ab2d82b5d2af7e106c85e2033f2f918671515e7aeac43ac677 sh -c "cat /etc/*release | grep ^ID"
package	Post Run actions/checkout@3d3c42e5aac5ba805825da76410c181273ba90b1	2026-09-14T23:44:36.7978933Z [command]/usr/bin/git version
package	Post Run actions/checkout@3d3c42e5aac5ba805825da76410c181273ba90b1	2026-09-14T23:44:36.8032107Z git version 2.43.0
package	Post Run actions/checkout@3d3c42e5aac5ba805825da76410c181273ba90b1	2026-09-14T23:44:36.8073800Z Temporarily overriding HOME='/__w/_temp/9a563b52-382a-44d3-b507-2754070f9e02' before making global git config changes
package	Post Run actions/checkout@3d3c42e5aac5ba805825da76410c181273ba90b1	2026-09-14T23:44:36.8075249Z Adding repository directory to the temporary git global config as a safe directory
package	Post Run actions/checkout@3d3c42e5aac5ba805825da76410c181273ba90b1	2026-09-14T23:44:36.8080217Z [command]/usr/bin/git config --global --add safe.directory /__w/opf-editor/opf-editor/opf-pptx
package	Post Run actions/checkout@3d3c42e5aac5ba805825da76410c181273ba90b1	2026-09-14T23:44:36.8113212Z Removing SSH command configuration
package	Post Run actions/checkout@3d3c42e5aac5ba805825da76410c181273ba90b1	2026-09-14T23:44:36.8118010Z [command]/usr/bin/git config --local --name-only --get-regexp core\.sshCommand
package	Post Run actions/checkout@3d3c42e5aac5ba805825da76410c181273ba90b1	2026-09-14T23:44:36.8160809Z [command]/usr/bin/git submodule foreach --recursive sh -c "git config --local --name-only --get-regexp 'core\.sshCommand' && git config --local --unset-all 'core.sshCommand' || :"
package	Post Run actions/checkout@3d3c42e5aac5ba805825da76410c181273ba90b1	2026-09-14T23:44:36.8421563Z Removing HTTP extra header
package	Post Run actions/checkout@3d3c42e5aac5ba805825da76410c181273ba90b1	2026-09-14T23:44:36.8427034Z [command]/usr/bin/git config --local --name-only --get-regexp http\.https\:\/\/github\.com\/\.extraheader
package	Post Run actions/checkout@3d3c42e5aac5ba805825da76410c181273ba90b1	2026-09-14T23:44:36.8469913Z [command]/usr/bin/git submodule foreach --recursive sh -c "git config --local --name-only --get-regexp 'http\.https\:\/\/github\.com\/\.extraheader' && git config --local --unset-all 'http.https://github.com/.extraheader' || :"
package	Post Run actions/checkout@3d3c42e5aac5ba805825da76410c181273ba90b1	2026-09-14T23:44:36.8729391Z Removing includeIf entries pointing to credentials config files
package	Post Run actions/checkout@3d3c42e5aac5ba805825da76410c181273ba90b1	2026-09-14T23:44:36.8737184Z [command]/usr/bin/git config --local --name-only --get-regexp ^includeIf\.gitdir:
package	Post Run actions/checkout@3d3c42e5aac5ba805825da76410c181273ba90b1	2026-09-14T23:44:36.8772511Z [command]/usr/bin/git submodule foreach --recursive git config --local --show-origin --name-only --get-regexp remote.origin.url
package	Post Run actions/checkout@3d3c42e5aac5ba805825da76410c181273ba90b1	﻿2026-09-14T23:44:36.9240002Z Post job cleanup.
package	Post Run actions/checkout@3d3c42e5aac5ba805825da76410c181273ba90b1	2026-09-14T23:44:36.9255195Z ##[command]/usr/bin/docker exec  3fc51460f7ba39ab2d82b5d2af7e106c85e2033f2f918671515e7aeac43ac677 sh -c "cat /etc/*release | grep ^ID"
package	Post Run actions/checkout@3d3c42e5aac5ba805825da76410c181273ba90b1	2026-09-14T23:44:37.1083108Z [command]/usr/bin/git version
package	Post Run actions/checkout@3d3c42e5aac5ba805825da76410c181273ba90b1	2026-09-14T23:44:37.1115303Z git version 2.43.0
package	Post Run actions/checkout@3d3c42e5aac5ba805825da76410c181273ba90b1	2026-09-14T23:44:37.1167153Z Temporarily overriding HOME='/__w/_temp/0bdb811e-6d8f-4972-8bb1-aacc522d3006' before making global git config changes
package	Post Run actions/checkout@3d3c42e5aac5ba805825da76410c181273ba90b1	2026-09-14T23:44:37.1168558Z Adding repository directory to the temporary git global config as a safe directory
package	Post Run actions/checkout@3d3c42e5aac5ba805825da76410c181273ba90b1	2026-09-14T23:44:37.1182871Z [command]/usr/bin/git config --global --add safe.directory /__w/opf-editor/opf-editor/opf-render
package	Post Run actions/checkout@3d3c42e5aac5ba805825da76410c181273ba90b1	2026-09-14T23:44:37.1210216Z Removing SSH command configuration
package	Post Run actions/checkout@3d3c42e5aac5ba805825da76410c181273ba90b1	2026-09-14T23:44:37.1215306Z [command]/usr/bin/git config --local --name-only --get-regexp core\.sshCommand
package	Post Run actions/checkout@3d3c42e5aac5ba805825da76410c181273ba90b1	2026-09-14T23:44:37.1257247Z [command]/usr/bin/git submodule foreach --recursive sh -c "git config --local --name-only --get-regexp 'core\.sshCommand' && git config --local --unset-all 'core.sshCommand' || :"
package	Post Run actions/checkout@3d3c42e5aac5ba805825da76410c181273ba90b1	2026-09-14T23:44:37.1536350Z Removing HTTP extra header
package	Post Run actions/checkout@3d3c42e5aac5ba805825da76410c181273ba90b1	2026-09-14T23:44:37.1537206Z [command]/usr/bin/git config --local --name-only --get-regexp http\.https\:\/\/github\.com\/\.extraheader
package	Post Run actions/checkout@3d3c42e5aac5ba805825da76410c181273ba90b1	2026-09-14T23:44:37.1575083Z [command]/usr/bin/git submodule foreach --recursive sh -c "git config --local --name-only --get-regexp 'http\.https\:\/\/github\.com\/\.extraheader' && git config --local --unset-all 'http.https://github.com/.extraheader' || :"
package	Post Run actions/checkout@3d3c42e5aac5ba805825da76410c181273ba90b1	2026-09-14T23:44:37.1862106Z Removing includeIf entries pointing to credentials config files
package	Post Run actions/checkout@3d3c42e5aac5ba805825da76410c181273ba90b1	2026-09-14T23:44:37.1868994Z [command]/usr/bin/git config --local --name-only --get-regexp ^includeIf\.gitdir:
package	Post Run actions/checkout@3d3c42e5aac5ba805825da76410c181273ba90b1	2026-09-14T23:44:37.1904491Z [command]/usr/bin/git submodule foreach --recursive git config --local --show-origin --name-only --get-regexp remote.origin.url
package	Post Run actions/checkout@3d3c42e5aac5ba805825da76410c181273ba90b1	﻿2026-09-14T23:44:37.2422443Z Post job cleanup.
package	Post Run actions/checkout@3d3c42e5aac5ba805825da76410c181273ba90b1	2026-09-14T23:44:37.2431321Z ##[command]/usr/bin/docker exec  3fc51460f7ba39ab2d82b5d2af7e106c85e2033f2f918671515e7aeac43ac677 sh -c "cat /etc/*release | grep ^ID"
package	Post Run actions/checkout@3d3c42e5aac5ba805825da76410c181273ba90b1	2026-09-14T23:44:37.4297072Z [command]/usr/bin/git version
package	Post Run actions/checkout@3d3c42e5aac5ba805825da76410c181273ba90b1	2026-09-14T23:44:37.4375689Z git version 2.43.0
package	Post Run actions/checkout@3d3c42e5aac5ba805825da76410c181273ba90b1	2026-09-14T23:44:37.4433360Z Temporarily overriding HOME='/__w/_temp/594e8299-c168-4553-96af-e45c5086e61a' before making global git config changes
package	Post Run actions/checkout@3d3c42e5aac5ba805825da76410c181273ba90b1	2026-09-14T23:44:37.4442912Z Adding repository directory to the temporary git global config as a safe directory
package	Post Run actions/checkout@3d3c42e5aac5ba805825da76410c181273ba90b1	2026-09-14T23:44:37.4452511Z [command]/usr/bin/git config --global --add safe.directory /__w/opf-editor/opf-editor/opf
package	Post Run actions/checkout@3d3c42e5aac5ba805825da76410c181273ba90b1	2026-09-14T23:44:37.4496764Z Removing SSH command configuration
package	Post Run actions/checkout@3d3c42e5aac5ba805825da76410c181273ba90b1	2026-09-14T23:44:37.4498156Z [command]/usr/bin/git config --local --name-only --get-regexp core\.sshCommand
package	Post Run actions/checkout@3d3c42e5aac5ba805825da76410c181273ba90b1	2026-09-14T23:44:37.4543981Z [command]/usr/bin/git submodule foreach --recursive sh -c "git config --local --name-only --get-regexp 'core\.sshCommand' && git config --local --unset-all 'core.sshCommand' || :"
package	Post Run actions/checkout@3d3c42e5aac5ba805825da76410c181273ba90b1	2026-09-14T23:44:37.4897049Z Removing HTTP extra header
package	Post Run actions/checkout@3d3c42e5aac5ba805825da76410c181273ba90b1	2026-09-14T23:44:37.4902373Z [command]/usr/bin/git config --local --name-only --get-regexp http\.https\:\/\/github\.com\/\.extraheader
package	Post Run actions/checkout@3d3c42e5aac5ba805825da76410c181273ba90b1	2026-09-14T23:44:37.4941914Z [command]/usr/bin/git submodule foreach --recursive sh -c "git config --local --name-only --get-regexp 'http\.https\:\/\/github\.com\/\.extraheader' && git config --local --unset-all 'http.https://github.com/.extraheader' || :"
package	Post Run actions/checkout@3d3c42e5aac5ba805825da76410c181273ba90b1	2026-09-14T23:44:37.5279031Z Removing includeIf entries pointing to credentials config files
package	Post Run actions/checkout@3d3c42e5aac5ba805825da76410c181273ba90b1	2026-09-14T23:44:37.5280360Z [command]/usr/bin/git config --local --name-only --get-regexp ^includeIf\.gitdir:
package	Post Run actions/checkout@3d3c42e5aac5ba805825da76410c181273ba90b1	2026-09-14T23:44:37.5333088Z [command]/usr/bin/git submodule foreach --recursive git config --local --show-origin --name-only --get-regexp remote.origin.url
package	Post Run actions/checkout@3d3c42e5aac5ba805825da76410c181273ba90b1	﻿2026-09-14T23:44:37.5819664Z Post job cleanup.
package	Post Run actions/checkout@3d3c42e5aac5ba805825da76410c181273ba90b1	2026-09-14T23:44:37.5827937Z ##[command]/usr/bin/docker exec  3fc51460f7ba39ab2d82b5d2af7e106c85e2033f2f918671515e7aeac43ac677 sh -c "cat /etc/*release | grep ^ID"
package	Post Run actions/checkout@3d3c42e5aac5ba805825da76410c181273ba90b1	2026-09-14T23:44:37.7610273Z [command]/usr/bin/git version
package	Post Run actions/checkout@3d3c42e5aac5ba805825da76410c181273ba90b1	2026-09-14T23:44:37.7654899Z git version 2.43.0
package	Post Run actions/checkout@3d3c42e5aac5ba805825da76410c181273ba90b1	2026-09-14T23:44:37.7706646Z Temporarily overriding HOME='/__w/_temp/c644f47c-0f65-468a-82b3-921b9ad8bdd5' before making global git config changes
package	Post Run actions/checkout@3d3c42e5aac5ba805825da76410c181273ba90b1	2026-09-14T23:44:37.7708185Z Adding repository directory to the temporary git global config as a safe directory
package	Post Run actions/checkout@3d3c42e5aac5ba805825da76410c181273ba90b1	2026-09-14T23:44:37.7711215Z [command]/usr/bin/git config --global --add safe.directory /__w/opf-editor/opf-editor/opf-editor
package	Post Run actions/checkout@3d3c42e5aac5ba805825da76410c181273ba90b1	2026-09-14T23:44:37.7746877Z Removing SSH command configuration
package	Post Run actions/checkout@3d3c42e5aac5ba805825da76410c181273ba90b1	2026-09-14T23:44:37.7752371Z [command]/usr/bin/git config --local --name-only --get-regexp core\.sshCommand
package	Post Run actions/checkout@3d3c42e5aac5ba805825da76410c181273ba90b1	2026-09-14T23:44:37.7791591Z [command]/usr/bin/git submodule foreach --recursive sh -c "git config --local --name-only --get-regexp 'core\.sshCommand' && git config --local --unset-all 'core.sshCommand' || :"
package	Post Run actions/checkout@3d3c42e5aac5ba805825da76410c181273ba90b1	2026-09-14T23:44:37.8056318Z Removing HTTP extra header
package	Post Run actions/checkout@3d3c42e5aac5ba805825da76410c181273ba90b1	2026-09-14T23:44:37.8057997Z [command]/usr/bin/git config --local --name-only --get-regexp http\.https\:\/\/github\.com\/\.extraheader
package	Post Run actions/checkout@3d3c42e5aac5ba805825da76410c181273ba90b1	2026-09-14T23:44:37.8099845Z [command]/usr/bin/git submodule foreach --recursive sh -c "git config --local --name-only --get-regexp 'http\.https\:\/\/github\.com\/\.extraheader' && git config --local --unset-all 'http.https://github.com/.extraheader' || :"
package	Post Run actions/checkout@3d3c42e5aac5ba805825da76410c181273ba90b1	2026-09-14T23:44:37.8377645Z Removing includeIf entries pointing to credentials config files
package	Post Run actions/checkout@3d3c42e5aac5ba805825da76410c181273ba90b1	2026-09-14T23:44:37.8384546Z [command]/usr/bin/git config --local --name-only --get-regexp ^includeIf\.gitdir:
package	Post Run actions/checkout@3d3c42e5aac5ba805825da76410c181273ba90b1	2026-09-14T23:44:37.8424875Z [command]/usr/bin/git submodule foreach --recursive git config --local --show-origin --name-only --get-regexp remote.origin.url
package	Stop containers	﻿2026-09-14T23:44:37.8835468Z Stop and remove container: e76f974b4a254f27be43059089d118a3_mcrmicrosoftcomplaywrightv1630noblesha256eff16c30e6f3f4af0a03fa4b706120d5e9b0891c344a27d64559aff5900a4a27_e3bc40
package	Stop containers	2026-09-14T23:44:37.8840995Z ##[command]/usr/bin/docker rm --force 3fc51460f7ba39ab2d82b5d2af7e106c85e2033f2f918671515e7aeac43ac677
package	Stop containers	2026-09-14T23:44:37.9964292Z 3fc51460f7ba39ab2d82b5d2af7e106c85e2033f2f918671515e7aeac43ac677
package	Stop containers	2026-09-14T23:44:37.9991855Z Remove container network: github_network_e9ced495c0404da085bcf06fbb30afea
package	Stop containers	2026-09-14T23:44:37.9996546Z ##[command]/usr/bin/docker network rm github_network_e9ced495c0404da085bcf06fbb30afea
package	Stop containers	2026-09-14T23:44:38.0953992Z github_network_e9ced495c0404da085bcf06fbb30afea
package	Complete job	﻿2026-09-14T23:44:38.1023987Z Cleaning up orphan processes
